mean_fit_time,std_fit_time,mean_score_time,std_score_time,param_bootstrap,param_max_depth,param_max_features,param_min_samples_leaf,param_min_samples_split,param_n_estimators,params,split0_test_score,split1_test_score,split2_test_score,split3_test_score,split4_test_score,mean_test_score,std_test_score,rank_test_score
0.2640206336975098,0.019449966748898345,0.010216331481933594,0.000664746890337317,True,80,2,3,8,100,"{'bootstrap': True, 'max_depth': 80, 'max_features': 2, 'min_samples_leaf': 3, 'min_samples_split': 8, 'n_estimators': 100}",0.625,0.5,0.75,0.75,0.625,0.65,0.09354143466934853,283
0.5521166324615479,0.03389592095045793,0.02058868408203125,0.0018579905344783827,True,80,2,3,8,200,"{'bootstrap': True, 'max_depth': 80, 'max_features': 2, 'min_samples_leaf': 3, 'min_samples_split': 8, 'n_estimators': 200}",0.625,0.5666666666666667,0.7666666666666667,0.6666666666666666,0.7083333333333334,0.6666666666666667,0.06851601597031491,269
0.8029562473297119,0.05396361679589533,0.026148653030395506,0.0015357822564003294,True,80,2,3,8,300,"{'bootstrap': True, 'max_depth': 80, 'max_features': 2, 'min_samples_leaf': 3, 'min_samples_split': 8, 'n_estimators': 300}",0.6833333333333333,0.625,0.75,0.75,0.825,0.7266666666666668,0.06778233135887583,5
2.678395175933838,0.08081065542586285,0.08803081512451172,0.008812215486795946,True,80,2,3,8,1000,"{'bootstrap': True, 'max_depth': 80, 'max_features': 2, 'min_samples_leaf': 3, 'min_samples_split': 8, 'n_estimators': 1000}",0.625,0.6083333333333333,0.75,0.75,0.825,0.7116666666666667,0.08242842012585493,58
0.26502037048339844,0.008294798219640277,0.013691473007202148,0.005391288725526842,True,80,2,3,10,100,"{'bootstrap': True, 'max_depth': 80, 'max_features': 2, 'min_samples_leaf': 3, 'min_samples_split': 10, 'n_estimators': 100}",0.625,0.6083333333333333,0.75,0.6833333333333333,0.7083333333333334,0.675,0.0524404424085076,252
0.5403836250305176,0.03762966507500307,0.019607067108154297,0.001900241580834669,True,80,2,3,10,200,"{'bootstrap': True, 'max_depth': 80, 'max_features': 2, 'min_samples_leaf': 3, 'min_samples_split': 10, 'n_estimators': 200}",0.625,0.5583333333333333,0.7666666666666667,0.7333333333333333,0.7083333333333334,0.6783333333333335,0.07612124831112824,241
0.7552567005157471,0.03353045345492184,0.027436590194702147,0.002136732257509192,True,80,2,3,10,300,"{'bootstrap': True, 'max_depth': 80, 'max_features': 2, 'min_samples_leaf': 3, 'min_samples_split': 10, 'n_estimators': 300}",0.6833333333333333,0.6083333333333333,0.75,0.75,0.825,0.7233333333333333,0.07291547618075786,17
2.5549213886260986,0.1068317765306948,0.0874936580657959,0.006655810827630839,True,80,2,3,10,1000,"{'bootstrap': True, 'max_depth': 80, 'max_features': 2, 'min_samples_leaf': 3, 'min_samples_split': 10, 'n_estimators': 1000}",0.5583333333333333,0.625,0.75,0.6833333333333333,0.7083333333333334,0.665,0.06695769808866889,273
0.2566877841949463,0.009043286839712797,0.010669660568237305,0.0006216401398610465,True,80,2,3,12,100,"{'bootstrap': True, 'max_depth': 80, 'max_features': 2, 'min_samples_leaf': 3, 'min_samples_split': 12, 'n_estimators': 100}",0.6833333333333333,0.625,0.75,0.75,0.7083333333333334,0.7033333333333334,0.04672615256292063,94
0.5478100299835205,0.02791604047904364,0.019283199310302736,0.0012740256748466235,True,80,2,3,12,200,"{'bootstrap': True, 'max_depth': 80, 'max_features': 2, 'min_samples_leaf': 3, 'min_samples_split': 12, 'n_estimators': 200}",0.625,0.625,0.7666666666666667,0.75,0.7083333333333334,0.6950000000000001,0.06023103666530885,145
0.8047800540924073,0.03834483555324116,0.030484104156494142,0.001894891324713284,True,80,2,3,12,300,"{'bootstrap': True, 'max_depth': 80, 'max_features': 2, 'min_samples_leaf': 3, 'min_samples_split': 12, 'n_estimators': 300}",0.625,0.5666666666666667,0.75,0.75,0.7083333333333334,0.6799999999999999,0.07276293317647692,235
2.7001275539398195,0.10715356010572641,0.08506817817687988,0.005388820672602856,True,80,2,3,12,1000,"{'bootstrap': True, 'max_depth': 80, 'max_features': 2, 'min_samples_leaf': 3, 'min_samples_split': 12, 'n_estimators': 1000}",0.625,0.5666666666666667,0.75,0.75,0.7083333333333334,0.6799999999999999,0.07276293317647692,235
0.27533535957336425,0.02460070506494327,0.012473773956298829,0.0011247883431365205,True,80,2,4,8,100,"{'bootstrap': True, 'max_depth': 80, 'max_features': 2, 'min_samples_leaf': 4, 'min_samples_split': 8, 'n_estimators': 100}",0.625,0.625,0.75,0.75,0.7083333333333334,0.6916666666666667,0.056519416526043906,161
0.5292454242706299,0.02047708007609453,0.019617891311645506,0.0017390543940709892,True,80,2,4,8,200,"{'bootstrap': True, 'max_depth': 80, 'max_features': 2, 'min_samples_leaf': 4, 'min_samples_split': 8, 'n_estimators': 200}",0.6833333333333333,0.55,0.7666666666666667,0.75,0.7666666666666667,0.7033333333333334,0.08259674462242578,94
0.7558934688568115,0.007713755668345151,0.026868391036987304,0.0034400481859013826,True,80,2,4,8,300,"{'bootstrap': True, 'max_depth': 80, 'max_features': 2, 'min_samples_leaf': 4, 'min_samples_split': 8, 'n_estimators': 300}",0.6833333333333333,0.625,0.75,0.75,0.7083333333333334,0.7033333333333334,0.04672615256292063,94
2.710662269592285,0.11361642695017515,0.08108286857604981,0.003368495955826362,True,80,2,4,8,1000,"{'bootstrap': True, 'max_depth': 80, 'max_features': 2, 'min_samples_leaf': 4, 'min_samples_split': 8, 'n_estimators': 1000}",0.625,0.625,0.75,0.75,0.6916666666666667,0.6883333333333332,0.05592653911854173,189
0.2675317764282227,0.025816313997248874,0.01096515655517578,0.0011597063425265322,True,80,2,4,10,100,"{'bootstrap': True, 'max_depth': 80, 'max_features': 2, 'min_samples_leaf': 4, 'min_samples_split': 10, 'n_estimators': 100}",0.5583333333333333,0.5583333333333333,0.7666666666666667,0.6666666666666666,0.5416666666666666,0.6183333333333333,0.08650626181573988,288
0.5411226272583007,0.037513744144787614,0.020117759704589844,0.003644239513302852,True,80,2,4,10,200,"{'bootstrap': True, 'max_depth': 80, 'max_features': 2, 'min_samples_leaf': 4, 'min_samples_split': 10, 'n_estimators': 200}",0.5583333333333333,0.5666666666666667,0.75,0.6833333333333333,0.7,0.6516666666666667,0.07608474807008885,282
0.7877904891967773,0.06556391954372574,0.02870025634765625,0.0031062528945449033,True,80,2,4,10,300,"{'bootstrap': True, 'max_depth': 80, 'max_features': 2, 'min_samples_leaf': 4, 'min_samples_split': 10, 'n_estimators': 300}",0.6833333333333333,0.625,0.75,0.75,0.7083333333333334,0.7033333333333334,0.04672615256292063,94
2.5951130867004393,0.06942195666813958,0.09791274070739746,0.01443162825479669,True,80,2,4,10,1000,"{'bootstrap': True, 'max_depth': 80, 'max_features': 2, 'min_samples_leaf': 4, 'min_samples_split': 10, 'n_estimators': 1000}",0.625,0.5666666666666667,0.75,0.75,0.825,0.7033333333333334,0.09377869931090131,94
0.26782736778259275,0.012758095085037422,0.013640213012695312,0.004402253248721629,True,80,2,4,12,100,"{'bootstrap': True, 'max_depth': 80, 'max_features': 2, 'min_samples_leaf': 4, 'min_samples_split': 12, 'n_estimators': 100}",0.625,0.48333333333333334,0.75,0.7333333333333333,0.825,0.6833333333333333,0.11867322079278599,226
0.5295732975006103,0.027792062238203376,0.019329357147216796,0.0011170175960401453,True,80,2,4,12,200,"{'bootstrap': True, 'max_depth': 80, 'max_features': 2, 'min_samples_leaf': 4, 'min_samples_split': 12, 'n_estimators': 200}",0.6833333333333333,0.625,0.75,0.75,0.6916666666666667,0.7,0.046844897741850654,119
0.7796413898468018,0.028074148273784533,0.028496408462524415,0.002357172620554846,True,80,2,4,12,300,"{'bootstrap': True, 'max_depth': 80, 'max_features': 2, 'min_samples_leaf': 4, 'min_samples_split': 12, 'n_estimators': 300}",0.6833333333333333,0.625,0.75,0.75,0.825,0.7266666666666668,0.06778233135887583,5
2.750023365020752,0.09647760934921261,0.08692774772644044,0.004885729663849488,True,80,2,4,12,1000,"{'bootstrap': True, 'max_depth': 80, 'max_features': 2, 'min_samples_leaf': 4, 'min_samples_split': 12, 'n_estimators': 1000}",0.625,0.625,0.75,0.75,0.825,0.7150000000000001,0.0784219357067906,24
0.2580418586730957,0.013321995851547735,0.010673713684082032,0.0008327067024419977,True,80,2,5,8,100,"{'bootstrap': True, 'max_depth': 80, 'max_features': 2, 'min_samples_leaf': 5, 'min_samples_split': 8, 'n_estimators': 100}",0.5583333333333333,0.5666666666666667,0.75,0.75,0.825,0.6900000000000001,0.10767750203475394,175
0.6008024692535401,0.04577963615740774,0.019138908386230467,0.0008380594848462565,True,80,2,5,8,200,"{'bootstrap': True, 'max_depth': 80, 'max_features': 2, 'min_samples_leaf': 5, 'min_samples_split': 8, 'n_estimators': 200}",0.625,0.5666666666666667,0.75,0.6833333333333333,0.825,0.6900000000000001,0.09089065469623986,175
0.7700112819671631,0.025344119135384615,0.02750859260559082,0.0017150072262501806,True,80,2,5,8,300,"{'bootstrap': True, 'max_depth': 80, 'max_features': 2, 'min_samples_leaf': 5, 'min_samples_split': 8, 'n_estimators': 300}",0.6833333333333333,0.5666666666666667,0.75,0.75,0.7416666666666667,0.6983333333333334,0.0703957069398096,132
2.5519065856933594,0.06764086612766351,0.08100252151489258,0.0029275769348010173,True,80,2,5,8,1000,"{'bootstrap': True, 'max_depth': 80, 'max_features': 2, 'min_samples_leaf': 5, 'min_samples_split': 8, 'n_estimators': 1000}",0.625,0.625,0.75,0.75,0.825,0.7150000000000001,0.0784219357067906,24
0.28032855987548827,0.017022023604836962,0.011696386337280273,0.0010871067706392044,True,80,2,5,10,100,"{'bootstrap': True, 'max_depth': 80, 'max_features': 2, 'min_samples_leaf': 5, 'min_samples_split': 10, 'n_estimators': 100}",0.6833333333333333,0.625,0.7666666666666667,0.75,0.8083333333333333,0.7266666666666668,0.06485025486114573,5
0.5314870834350586,0.016420778336227192,0.021245765686035156,0.002472941245718708,True,80,2,5,10,200,"{'bootstrap': True, 'max_depth': 80, 'max_features': 2, 'min_samples_leaf': 5, 'min_samples_split': 10, 'n_estimators': 200}",0.49166666666666664,0.625,0.825,0.6833333333333333,0.75,0.675,0.11340683890802666,252
0.7914575576782227,0.039026525065204154,0.026761817932128906,0.0011273995805541931,True,80,2,5,10,300,"{'bootstrap': True, 'max_depth': 80, 'max_features': 2, 'min_samples_leaf': 5, 'min_samples_split': 10, 'n_estimators': 300}",0.625,0.5583333333333333,0.75,0.6666666666666666,0.625,0.645,0.06293735862833068,287
2.628836154937744,0.039608714152596175,0.0916508674621582,0.018916242804214167,True,80,2,5,10,1000,"{'bootstrap': True, 'max_depth': 80, 'max_features': 2, 'min_samples_leaf': 5, 'min_samples_split': 10, 'n_estimators': 1000}",0.6833333333333333,0.5666666666666667,0.75,0.7333333333333333,0.7416666666666667,0.6950000000000001,0.0682316316348624,145
0.2726906299591064,0.012228627460332372,0.012726402282714844,0.0030206989787277595,True,80,2,5,12,100,"{'bootstrap': True, 'max_depth': 80, 'max_features': 2, 'min_samples_leaf': 5, 'min_samples_split': 12, 'n_estimators': 100}",0.5583333333333333,0.5416666666666666,0.825,0.6833333333333333,0.625,0.6466666666666667,0.10241527663824809,285
0.5388524532318115,0.034886398460033156,0.02022557258605957,0.0026956522969974767,True,80,2,5,12,200,"{'bootstrap': True, 'max_depth': 80, 'max_features': 2, 'min_samples_leaf': 5, 'min_samples_split': 12, 'n_estimators': 200}",0.5583333333333333,0.5583333333333333,0.75,0.75,0.7666666666666667,0.6766666666666666,0.09681023820971738,249
0.8083141326904297,0.03725989918630838,0.0303619384765625,0.003172488265044639,True,80,2,5,12,300,"{'bootstrap': True, 'max_depth': 80, 'max_features': 2, 'min_samples_leaf': 5, 'min_samples_split': 12, 'n_estimators': 300}",0.625,0.625,0.75,0.6833333333333333,0.75,0.6866666666666668,0.05592653911854173,204
2.6682636737823486,0.10211756616949015,0.08667101860046386,0.005584271139918281,True,80,2,5,12,1000,"{'bootstrap': True, 'max_depth': 80, 'max_features': 2, 'min_samples_leaf': 5, 'min_samples_split': 12, 'n_estimators': 1000}",0.5583333333333333,0.6083333333333333,0.75,0.75,0.825,0.6983333333333333,0.09907909298467898,137
0.34421629905700685,0.03200482436564352,0.013225221633911132,0.005078862865059329,True,80,3,3,8,100,"{'bootstrap': True, 'max_depth': 80, 'max_features': 3, 'min_samples_leaf': 3, 'min_samples_split': 8, 'n_estimators': 100}",0.6833333333333333,0.5666666666666667,0.75,0.6833333333333333,0.75,0.6866666666666668,0.0669991708074726,204
0.5945402622222901,0.02158520509786563,0.018217754364013673,0.0007809677262514578,True,80,3,3,8,200,"{'bootstrap': True, 'max_depth': 80, 'max_features': 3, 'min_samples_leaf': 3, 'min_samples_split': 8, 'n_estimators': 200}",0.625,0.625,0.75,0.75,0.825,0.7150000000000001,0.0784219357067906,24
0.8888004779815674,0.027131453708426893,0.02632293701171875,0.0007780375940098384,True,80,3,3,8,300,"{'bootstrap': True, 'max_depth': 80, 'max_features': 3, 'min_samples_leaf': 3, 'min_samples_split': 8, 'n_estimators': 300}",0.625,0.625,0.75,0.75,0.7666666666666667,0.7033333333333334,0.06424778422465463,94
2.921234464645386,0.11064414658464637,0.08873910903930664,0.008415231502331946,True,80,3,3,8,1000,"{'bootstrap': True, 'max_depth': 80, 'max_features': 3, 'min_samples_leaf': 3, 'min_samples_split': 8, 'n_estimators': 1000}",0.625,0.625,0.75,0.7333333333333333,0.7083333333333334,0.6883333333333334,0.053385391260156546,185
0.2974832057952881,0.015621021336701029,0.011292171478271485,0.0009694927159597783,True,80,3,3,10,100,"{'bootstrap': True, 'max_depth': 80, 'max_features': 3, 'min_samples_leaf': 3, 'min_samples_split': 10, 'n_estimators': 100}",0.6166666666666667,0.5666666666666667,0.7666666666666667,0.7333333333333333,0.6916666666666667,0.675,0.07378647873726218,252
0.5903828144073486,0.025713586704279482,0.01872282028198242,0.0015751197898562824,True,80,3,3,10,200,"{'bootstrap': True, 'max_depth': 80, 'max_features': 3, 'min_samples_leaf': 3, 'min_samples_split': 10, 'n_estimators': 200}",0.6833333333333333,0.5583333333333333,0.7666666666666667,0.75,0.6916666666666667,0.6900000000000001,0.07329544475765341,175
0.8642714977264404,0.015876483319317344,0.02659454345703125,0.0021291026854061566,True,80,3,3,10,300,"{'bootstrap': True, 'max_depth': 80, 'max_features': 3, 'min_samples_leaf': 3, 'min_samples_split': 10, 'n_estimators': 300}",0.625,0.625,0.75,0.75,0.825,0.7150000000000001,0.0784219357067906,24
2.9424314498901367,0.058470521817897074,0.08514437675476075,0.0037464660513586907,True,80,3,3,10,1000,"{'bootstrap': True, 'max_depth': 80, 'max_features': 3, 'min_samples_leaf': 3, 'min_samples_split': 10, 'n_estimators': 1000}",0.6833333333333333,0.625,0.75,0.75,0.825,0.7266666666666668,0.06778233135887583,5
0.2832376480102539,0.011075145832732254,0.013185596466064453,0.004736788378095893,True,80,3,3,12,100,"{'bootstrap': True, 'max_depth': 80, 'max_features': 3, 'min_samples_leaf': 3, 'min_samples_split': 12, 'n_estimators': 100}",0.6833333333333333,0.5666666666666667,0.75,0.7333333333333333,0.75,0.6966666666666667,0.06944222218666553,141
0.5696876525878907,0.031930150390673775,0.018189764022827147,0.0010835014586483191,True,80,3,3,12,200,"{'bootstrap': True, 'max_depth': 80, 'max_features': 3, 'min_samples_leaf': 3, 'min_samples_split': 12, 'n_estimators': 200}",0.625,0.625,0.75,0.7333333333333333,0.825,0.7116666666666667,0.07720823214600311,58
0.8585138320922852,0.032160411027133504,0.026904535293579102,0.0011191271942824288,True,80,3,3,12,300,"{'bootstrap': True, 'max_depth': 80, 'max_features': 3, 'min_samples_leaf': 3, 'min_samples_split': 12, 'n_estimators': 300}",0.5583333333333333,0.5666666666666667,0.7666666666666667,0.7333333333333333,0.8083333333333333,0.6866666666666668,0.1041633332799983,204
2.953120708465576,0.08009982003934102,0.09181642532348633,0.005997575758037945,True,80,3,3,12,1000,"{'bootstrap': True, 'max_depth': 80, 'max_features': 3, 'min_samples_leaf': 3, 'min_samples_split': 12, 'n_estimators': 1000}",0.625,0.625,0.75,0.7333333333333333,0.825,0.7116666666666667,0.07720823214600311,58
0.29070477485656737,0.010113877923292639,0.01231989860534668,0.003884035930341889,True,80,3,4,8,100,"{'bootstrap': True, 'max_depth': 80, 'max_features': 3, 'min_samples_leaf': 4, 'min_samples_split': 8, 'n_estimators': 100}",0.6833333333333333,0.55,0.75,0.6666666666666666,0.75,0.6799999999999999,0.0733333333333333,235
0.5813543796539307,0.030014080773908297,0.019780349731445313,0.0023279794521446494,True,80,3,4,8,200,"{'bootstrap': True, 'max_depth': 80, 'max_features': 3, 'min_samples_leaf': 4, 'min_samples_split': 8, 'n_estimators': 200}",0.625,0.5666666666666667,0.75,0.75,0.7666666666666667,0.6916666666666667,0.0806225774829855,161
0.8590136051177979,0.031130309003175288,0.02637825012207031,0.0012405962490454104,True,80,3,4,8,300,"{'bootstrap': True, 'max_depth': 80, 'max_features': 3, 'min_samples_leaf': 4, 'min_samples_split': 8, 'n_estimators': 300}",0.625,0.625,0.7666666666666667,0.75,0.825,0.7183333333333334,0.08017342313870462,19
2.8814119338989257,0.08395539139446677,0.08637881278991699,0.012187306073463291,True,80,3,4,8,1000,"{'bootstrap': True, 'max_depth': 80, 'max_features': 3, 'min_samples_leaf': 4, 'min_samples_split': 8, 'n_estimators': 1000}",0.625,0.625,0.75,0.75,0.825,0.7150000000000001,0.0784219357067906,24
0.2905276298522949,0.012149612892064747,0.01101679801940918,0.0006422109585124359,True,80,3,4,10,100,"{'bootstrap': True, 'max_depth': 80, 'max_features': 3, 'min_samples_leaf': 4, 'min_samples_split': 10, 'n_estimators': 100}",0.625,0.5583333333333333,0.75,0.7333333333333333,0.6916666666666667,0.6716666666666666,0.07121953539740498,264
0.5881584167480469,0.03344793725390377,0.018454790115356445,0.0011030581645045652,True,80,3,4,10,200,"{'bootstrap': True, 'max_depth': 80, 'max_features': 3, 'min_samples_leaf': 4, 'min_samples_split': 10, 'n_estimators': 200}",0.625,0.625,0.75,0.75,0.7666666666666667,0.7033333333333334,0.06424778422465463,94
0.8530551433563233,0.04010344965840965,0.0267392635345459,0.0014301778849423962,True,80,3,4,10,300,"{'bootstrap': True, 'max_depth': 80, 'max_features': 3, 'min_samples_leaf': 4, 'min_samples_split': 10, 'n_estimators': 300}",0.625,0.5666666666666667,0.75,0.75,0.825,0.7033333333333334,0.09377869931090131,94
2.883782720565796,0.10396848634408318,0.08529162406921387,0.008947762366415844,True,80,3,4,10,1000,"{'bootstrap': True, 'max_depth': 80, 'max_features': 3, 'min_samples_leaf': 4, 'min_samples_split': 10, 'n_estimators': 1000}",0.625,0.625,0.75,0.75,0.825,0.7150000000000001,0.0784219357067906,24
0.3129549503326416,0.02327857144372627,0.012041139602661132,0.0013431666300429163,True,80,3,4,12,100,"{'bootstrap': True, 'max_depth': 80, 'max_features': 3, 'min_samples_leaf': 4, 'min_samples_split': 12, 'n_estimators': 100}",0.625,0.55,0.7666666666666667,0.75,0.825,0.7033333333333334,0.10063686092967017,94
0.5782418727874756,0.027077315805616866,0.01908121109008789,0.0017483315954690555,True,80,3,4,12,200,"{'bootstrap': True, 'max_depth': 80, 'max_features': 3, 'min_samples_leaf': 4, 'min_samples_split': 12, 'n_estimators': 200}",0.625,0.5666666666666667,0.7666666666666667,0.7333333333333333,0.6833333333333333,0.675,0.07226494462892935,252
0.8565245151519776,0.039305789442887866,0.026862573623657227,0.0022067345837112613,True,80,3,4,12,300,"{'bootstrap': True, 'max_depth': 80, 'max_features': 3, 'min_samples_leaf': 4, 'min_samples_split': 12, 'n_estimators': 300}",0.625,0.625,0.7666666666666667,0.75,0.825,0.7183333333333334,0.08017342313870462,19
2.9930859088897703,0.11519295076460398,0.08075752258300781,0.0039440295211516305,True,80,3,4,12,1000,"{'bootstrap': True, 'max_depth': 80, 'max_features': 3, 'min_samples_leaf': 4, 'min_samples_split': 12, 'n_estimators': 1000}",0.625,0.625,0.75,0.75,0.8083333333333333,0.7116666666666667,0.07389933092465122,58
0.2810967445373535,0.011408899120009164,0.010820436477661132,0.0006880895576281916,True,80,3,5,8,100,"{'bootstrap': True, 'max_depth': 80, 'max_features': 3, 'min_samples_leaf': 5, 'min_samples_split': 8, 'n_estimators': 100}",0.625,0.625,0.7666666666666667,0.6666666666666666,0.8083333333333333,0.6983333333333333,0.07553512795749776,137
0.6958975315093994,0.04305822406736829,0.020283079147338866,0.00484990310040125,True,80,3,5,8,200,"{'bootstrap': True, 'max_depth': 80, 'max_features': 3, 'min_samples_leaf': 5, 'min_samples_split': 8, 'n_estimators': 200}",0.5583333333333333,0.625,0.7666666666666667,0.7333333333333333,0.825,0.7016666666666668,0.09681023820971738,112
0.8818230152130127,0.04004567389733901,0.026955699920654295,0.0009783034480596176,True,80,3,5,8,300,"{'bootstrap': True, 'max_depth': 80, 'max_features': 3, 'min_samples_leaf': 5, 'min_samples_split': 8, 'n_estimators': 300}",0.625,0.625,0.75,0.75,0.8083333333333333,0.7116666666666667,0.07389933092465122,58
2.9459890365600585,0.13232456051054303,0.08412046432495117,0.004843642879200788,True,80,3,5,8,1000,"{'bootstrap': True, 'max_depth': 80, 'max_features': 3, 'min_samples_leaf': 5, 'min_samples_split': 8, 'n_estimators': 1000}",0.625,0.625,0.75,0.75,0.825,0.7150000000000001,0.0784219357067906,24
0.29443678855895994,0.013104573060108338,0.010855388641357423,0.00041044073535751905,True,80,3,5,10,100,"{'bootstrap': True, 'max_depth': 80, 'max_features': 3, 'min_samples_leaf': 5, 'min_samples_split': 10, 'n_estimators': 100}",0.5583333333333333,0.5666666666666667,0.7666666666666667,0.75,0.6833333333333333,0.665,0.08825468196582487,273
0.6004976272583008,0.03753337683888993,0.022662830352783204,0.006316769285764666,True,80,3,5,10,200,"{'bootstrap': True, 'max_depth': 80, 'max_features': 3, 'min_samples_leaf': 5, 'min_samples_split': 10, 'n_estimators': 200}",0.625,0.625,0.7666666666666667,0.7333333333333333,0.7416666666666667,0.6983333333333334,0.06087327455916559,132
0.8583314895629883,0.027261229843162246,0.026667404174804687,0.0014016741970994176,True,80,3,5,10,300,"{'bootstrap': True, 'max_depth': 80, 'max_features': 3, 'min_samples_leaf': 5, 'min_samples_split': 10, 'n_estimators': 300}",0.625,0.625,0.75,0.7333333333333333,0.8083333333333333,0.7083333333333334,0.07245688373094719,88
2.8582261562347413,0.07347954842943753,0.08456587791442871,0.0034029577355078142,True,80,3,5,10,1000,"{'bootstrap': True, 'max_depth': 80, 'max_features': 3, 'min_samples_leaf': 5, 'min_samples_split': 10, 'n_estimators': 1000}",0.625,0.625,0.75,0.75,0.825,0.7150000000000001,0.0784219357067906,24
0.2931362152099609,0.022943323379541837,0.014124250411987305,0.003933774453459373,True,80,3,5,12,100,"{'bootstrap': True, 'max_depth': 80, 'max_features': 3, 'min_samples_leaf': 5, 'min_samples_split': 12, 'n_estimators': 100}",0.625,0.625,0.75,0.75,0.6833333333333333,0.6866666666666668,0.05592653911854173,204
0.5847122192382812,0.031110065317425176,0.01916027069091797,0.001021285479617653,True,80,3,5,12,200,"{'bootstrap': True, 'max_depth': 80, 'max_features': 3, 'min_samples_leaf': 5, 'min_samples_split': 12, 'n_estimators': 200}",0.625,0.625,0.75,0.75,0.8083333333333333,0.7116666666666667,0.07389933092465122,58
0.8473395824432373,0.024610936768145276,0.02721829414367676,0.0024137687484534786,True,80,3,5,12,300,"{'bootstrap': True, 'max_depth': 80, 'max_features': 3, 'min_samples_leaf': 5, 'min_samples_split': 12, 'n_estimators': 300}",0.625,0.625,0.75,0.7333333333333333,0.825,0.7116666666666667,0.07720823214600311,58
2.9118521213531494,0.08576386214572382,0.08267703056335449,0.0048380286471595415,True,80,3,5,12,1000,"{'bootstrap': True, 'max_depth': 80, 'max_features': 3, 'min_samples_leaf': 5, 'min_samples_split': 12, 'n_estimators': 1000}",0.625,0.625,0.75,0.7333333333333333,0.6833333333333333,0.6833333333333333,0.052440442408507565,226
0.26230735778808595,0.007323005267165881,0.011491918563842773,0.0016130044323604796,True,90,2,3,8,100,"{'bootstrap': True, 'max_depth': 90, 'max_features': 2, 'min_samples_leaf': 3, 'min_samples_split': 8, 'n_estimators': 100}",0.625,0.5666666666666667,0.7666666666666667,0.75,0.625,0.6666666666666667,0.07799572637865063,269
0.538201093673706,0.013338326726397433,0.01899113655090332,0.0012980163965431628,True,90,2,3,8,200,"{'bootstrap': True, 'max_depth': 90, 'max_features': 2, 'min_samples_leaf': 3, 'min_samples_split': 8, 'n_estimators': 200}",0.625,0.625,0.75,0.75,0.7083333333333334,0.6916666666666667,0.056519416526043906,161
0.8124341487884521,0.03128310496304461,0.029829788208007812,0.003910089307800625,True,90,2,3,8,300,"{'bootstrap': True, 'max_depth': 90, 'max_features': 2, 'min_samples_leaf': 3, 'min_samples_split': 8, 'n_estimators': 300}",0.625,0.625,0.75,0.75,0.6916666666666667,0.6883333333333332,0.05592653911854173,189
2.640559530258179,0.09025257451970274,0.09034357070922852,0.011040322054587211,True,90,2,3,8,1000,"{'bootstrap': True, 'max_depth': 90, 'max_features': 2, 'min_samples_leaf': 3, 'min_samples_split': 8, 'n_estimators': 1000}",0.6833333333333333,0.625,0.75,0.75,0.7083333333333334,0.7033333333333334,0.04672615256292063,94
0.2734395503997803,0.019949661363780215,0.010885810852050782,0.0004851898712875421,True,90,2,3,10,100,"{'bootstrap': True, 'max_depth': 90, 'max_features': 2, 'min_samples_leaf': 3, 'min_samples_split': 10, 'n_estimators': 100}",0.575,0.625,0.7666666666666667,0.6833333333333333,0.825,0.6950000000000001,0.09107384061542834,145
0.5215804100036621,0.01998160692266528,0.02182793617248535,0.005512828133221846,True,90,2,3,10,200,"{'bootstrap': True, 'max_depth': 90, 'max_features': 2, 'min_samples_leaf': 3, 'min_samples_split': 10, 'n_estimators': 200}",0.6833333333333333,0.625,0.75,0.7333333333333333,0.625,0.6833333333333333,0.052440442408507565,226
0.7943197250366211,0.02495588786417528,0.028126287460327148,0.0021305668175275417,True,90,2,3,10,300,"{'bootstrap': True, 'max_depth': 90, 'max_features': 2, 'min_samples_leaf': 3, 'min_samples_split': 10, 'n_estimators': 300}",0.5583333333333333,0.6083333333333333,0.7666666666666667,0.75,0.7083333333333334,0.6783333333333333,0.08141116494546545,243
2.6295021057128904,0.10368906676688024,0.08828682899475097,0.007099466511920715,True,90,2,3,10,1000,"{'bootstrap': True, 'max_depth': 90, 'max_features': 2, 'min_samples_leaf': 3, 'min_samples_split': 10, 'n_estimators': 1000}",0.625,0.6083333333333333,0.75,0.75,0.7083333333333334,0.6883333333333334,0.06069047152011044,185
0.27708945274353025,0.012418733456035558,0.011675739288330078,0.0010046080413741408,True,90,2,3,12,100,"{'bootstrap': True, 'max_depth': 90, 'max_features': 2, 'min_samples_leaf': 3, 'min_samples_split': 12, 'n_estimators': 100}",0.5583333333333333,0.5583333333333333,0.75,0.75,0.6833333333333333,0.6599999999999999,0.08650626181573987,279
0.52298903465271,0.019775514401407034,0.019757795333862304,0.0016517841608225234,True,90,2,3,12,200,"{'bootstrap': True, 'max_depth': 90, 'max_features': 2, 'min_samples_leaf': 3, 'min_samples_split': 12, 'n_estimators': 200}",0.625,0.625,0.825,0.6833333333333333,0.7083333333333334,0.6933333333333335,0.07348469228349533,158
0.8227738857269287,0.044544866895484155,0.029387807846069335,0.0031093785132170373,True,90,2,3,12,300,"{'bootstrap': True, 'max_depth': 90, 'max_features': 2, 'min_samples_leaf': 3, 'min_samples_split': 12, 'n_estimators': 300}",0.625,0.5666666666666667,0.75,0.75,0.7083333333333334,0.6799999999999999,0.07276293317647692,235
2.658922863006592,0.10497938787943863,0.09710841178894043,0.012377956530318332,True,90,2,3,12,1000,"{'bootstrap': True, 'max_depth': 90, 'max_features': 2, 'min_samples_leaf': 3, 'min_samples_split': 12, 'n_estimators': 1000}",0.625,0.625,0.75,0.75,0.825,0.7150000000000001,0.0784219357067906,24
0.26512832641601564,0.004985488653359568,0.01161646842956543,0.0006971769868731757,True,90,2,4,8,100,"{'bootstrap': True, 'max_depth': 90, 'max_features': 2, 'min_samples_leaf': 4, 'min_samples_split': 8, 'n_estimators': 100}",0.625,0.625,0.75,0.75,0.6916666666666667,0.6883333333333332,0.05592653911854173,189
0.52872633934021,0.02645939230338812,0.01886610984802246,0.000912296477831318,True,90,2,4,8,200,"{'bootstrap': True, 'max_depth': 90, 'max_features': 2, 'min_samples_leaf': 4, 'min_samples_split': 8, 'n_estimators': 200}",0.5583333333333333,0.625,0.75,0.75,0.825,0.7016666666666668,0.09623466688834699,112
0.7890645027160644,0.04103711654471399,0.02638731002807617,0.00221624038496099,True,90,2,4,8,300,"{'bootstrap': True, 'max_depth': 90, 'max_features': 2, 'min_samples_leaf': 4, 'min_samples_split': 8, 'n_estimators': 300}",0.6833333333333333,0.6083333333333333,0.7666666666666667,0.7333333333333333,0.6916666666666667,0.6966666666666667,0.05338539126015658,141
2.6623910903930663,0.08686910731543454,0.08454608917236328,0.006258360154804992,True,90,2,4,8,1000,"{'bootstrap': True, 'max_depth': 90, 'max_features': 2, 'min_samples_leaf': 4, 'min_samples_split': 8, 'n_estimators': 1000}",0.625,0.625,0.75,0.75,0.6916666666666667,0.6883333333333332,0.05592653911854173,189
0.2603143692016602,0.002434895262765381,0.01116194725036621,0.0003979824325550487,True,90,2,4,10,100,"{'bootstrap': True, 'max_depth': 90, 'max_features': 2, 'min_samples_leaf': 4, 'min_samples_split': 10, 'n_estimators': 100}",0.625,0.5,0.7666666666666667,0.6833333333333333,0.825,0.68,0.11311253000638101,233
0.5253626346588135,0.018620444390901585,0.019524669647216795,0.00118531617012804,True,90,2,4,10,200,"{'bootstrap': True, 'max_depth': 90, 'max_features': 2, 'min_samples_leaf': 4, 'min_samples_split': 10, 'n_estimators': 200}",0.625,0.625,0.7666666666666667,0.75,0.825,0.7183333333333334,0.08017342313870462,19
0.7689939022064209,0.024939686226301074,0.028953123092651366,0.0021491638395197948,True,90,2,4,10,300,"{'bootstrap': True, 'max_depth': 90, 'max_features': 2, 'min_samples_leaf': 4, 'min_samples_split': 10, 'n_estimators': 300}",0.5583333333333333,0.625,0.75,0.75,0.825,0.7016666666666668,0.09623466688834699,112
2.661316251754761,0.04053438238017091,0.09100160598754883,0.006257643680153898,True,90,2,4,10,1000,"{'bootstrap': True, 'max_depth': 90, 'max_features': 2, 'min_samples_leaf': 4, 'min_samples_split': 10, 'n_estimators': 1000}",0.625,0.625,0.75,0.75,0.825,0.7150000000000001,0.0784219357067906,24
0.2677910804748535,0.016703329344284642,0.013396215438842774,0.0017530070967524817,True,90,2,4,12,100,"{'bootstrap': True, 'max_depth': 90, 'max_features': 2, 'min_samples_leaf': 4, 'min_samples_split': 12, 'n_estimators': 100}",0.5583333333333333,0.6083333333333333,0.75,0.6833333333333333,0.825,0.6849999999999999,0.09565563234854495,219
0.5358613014221192,0.03791204465006512,0.019562578201293944,0.003168278840302057,True,90,2,4,12,200,"{'bootstrap': True, 'max_depth': 90, 'max_features': 2, 'min_samples_leaf': 4, 'min_samples_split': 12, 'n_estimators': 200}",0.6833333333333333,0.5416666666666666,0.75,0.75,0.7083333333333334,0.6866666666666668,0.07684761255599004,204
0.7917940139770507,0.044603590495980706,0.03136477470397949,0.004707330348422055,True,90,2,4,12,300,"{'bootstrap': True, 'max_depth': 90, 'max_features': 2, 'min_samples_leaf': 4, 'min_samples_split': 12, 'n_estimators': 300}",0.625,0.5666666666666667,0.75,0.75,0.6916666666666667,0.6766666666666665,0.07176350047203663,251
2.6880629539489744,0.13774049387290255,0.08883585929870605,0.010494218841538715,True,90,2,4,12,1000,"{'bootstrap': True, 'max_depth': 90, 'max_features': 2, 'min_samples_leaf': 4, 'min_samples_split': 12, 'n_estimators': 1000}",0.625,0.625,0.75,0.75,0.825,0.7150000000000001,0.0784219357067906,24
0.2747946262359619,0.01902152357729545,0.011685848236083984,0.0013605830444508016,True,90,2,5,8,100,"{'bootstrap': True, 'max_depth': 90, 'max_features': 2, 'min_samples_leaf': 5, 'min_samples_split': 8, 'n_estimators': 100}",0.625,0.5,0.7666666666666667,0.75,0.825,0.6933333333333334,0.11659521621595134,159
0.5511456966400147,0.0335830977262012,0.020792675018310548,0.0022003133826427766,True,90,2,5,8,200,"{'bootstrap': True, 'max_depth': 90, 'max_features': 2, 'min_samples_leaf': 5, 'min_samples_split': 8, 'n_estimators': 200}",0.5583333333333333,0.5666666666666667,0.75,0.6666666666666666,0.75,0.6583333333333333,0.08399735445569435,280
0.7782114982604981,0.03694704769404703,0.027768754959106447,0.0027554158474292437,True,90,2,5,8,300,"{'bootstrap': True, 'max_depth': 90, 'max_features': 2, 'min_samples_leaf': 5, 'min_samples_split': 8, 'n_estimators': 300}",0.6166666666666667,0.6083333333333333,0.75,0.75,0.825,0.71,0.0842285251232885,85
2.7085376739501954,0.08926183924421709,0.08554263114929199,0.0030626673880818755,True,90,2,5,8,1000,"{'bootstrap': True, 'max_depth': 90, 'max_features': 2, 'min_samples_leaf': 5, 'min_samples_split': 8, 'n_estimators': 1000}",0.625,0.625,0.75,0.75,0.825,0.7150000000000001,0.0784219357067906,24
0.28005075454711914,0.011703891745159489,0.011311912536621093,0.0007855357599086704,True,90,2,5,10,100,"{'bootstrap': True, 'max_depth': 90, 'max_features': 2, 'min_samples_leaf': 5, 'min_samples_split': 10, 'n_estimators': 100}",0.625,0.5666666666666667,0.75,0.75,0.825,0.7033333333333334,0.09377869931090131,94
0.5339543342590332,0.0214760498049349,0.019663381576538085,0.0016986604902885026,True,90,2,5,10,200,"{'bootstrap': True, 'max_depth': 90, 'max_features': 2, 'min_samples_leaf': 5, 'min_samples_split': 10, 'n_estimators': 200}",0.5583333333333333,0.625,0.75,0.75,0.7083333333333334,0.6783333333333335,0.07538788585265761,241
0.7890974998474121,0.038685680673163816,0.028139543533325196,0.0020937661616995235,True,90,2,5,10,300,"{'bootstrap': True, 'max_depth': 90, 'max_features': 2, 'min_samples_leaf': 5, 'min_samples_split': 10, 'n_estimators': 300}",0.625,0.625,0.75,0.75,0.8083333333333333,0.7116666666666667,0.07389933092465122,58
2.625453472137451,0.08324488022545441,0.08825654983520508,0.0070082907196954165,True,90,2,5,10,1000,"{'bootstrap': True, 'max_depth': 90, 'max_features': 2, 'min_samples_leaf': 5, 'min_samples_split': 10, 'n_estimators': 1000}",0.625,0.625,0.75,0.7333333333333333,0.825,0.7116666666666667,0.07720823214600311,58
0.2689708709716797,0.013765534212121204,0.012784719467163086,0.0021252074094159825,True,90,2,5,12,100,"{'bootstrap': True, 'max_depth': 90, 'max_features': 2, 'min_samples_leaf': 5, 'min_samples_split': 12, 'n_estimators': 100}",0.625,0.5583333333333333,0.75,0.7333333333333333,0.7416666666666667,0.6816666666666666,0.076630426217151,230
0.550795030593872,0.018892334548170284,0.019316720962524413,0.0009409376957744827,True,90,2,5,12,200,"{'bootstrap': True, 'max_depth': 90, 'max_features': 2, 'min_samples_leaf': 5, 'min_samples_split': 12, 'n_estimators': 200}",0.5583333333333333,0.5666666666666667,0.75,0.75,0.8083333333333333,0.6866666666666668,0.10362861037806542,204
0.7977252006530762,0.044697528679762545,0.030173301696777344,0.0014602170678624964,True,90,2,5,12,300,"{'bootstrap': True, 'max_depth': 90, 'max_features': 2, 'min_samples_leaf': 5, 'min_samples_split': 12, 'n_estimators': 300}",0.5583333333333333,0.5583333333333333,0.7666666666666667,0.75,0.825,0.6916666666666667,0.11167910378500635,161
2.6709290027618406,0.08208524060180591,0.08388562202453613,0.008778522885271223,True,90,2,5,12,1000,"{'bootstrap': True, 'max_depth': 90, 'max_features': 2, 'min_samples_leaf': 5, 'min_samples_split': 12, 'n_estimators': 1000}",0.625,0.625,0.75,0.75,0.825,0.7150000000000001,0.0784219357067906,24
0.30717954635620115,0.016915381981996457,0.010814571380615234,0.0004313863995104728,True,90,3,3,8,100,"{'bootstrap': True, 'max_depth': 90, 'max_features': 3, 'min_samples_leaf': 3, 'min_samples_split': 8, 'n_estimators': 100}",0.5583333333333333,0.5583333333333333,0.75,0.75,0.7083333333333334,0.665,0.08841191473249896,273
0.5951946258544922,0.027293583499909166,0.019762134552001952,0.0021451505442468444,True,90,3,3,8,200,"{'bootstrap': True, 'max_depth': 90, 'max_features': 3, 'min_samples_leaf': 3, 'min_samples_split': 8, 'n_estimators': 200}",0.625,0.625,0.75,0.75,0.825,0.7150000000000001,0.0784219357067906,24
0.8775438785552978,0.026188634728415688,0.030858755111694336,0.004528312340823246,True,90,3,3,8,300,"{'bootstrap': True, 'max_depth': 90, 'max_features': 3, 'min_samples_leaf': 3, 'min_samples_split': 8, 'n_estimators': 300}",0.625,0.625,0.75,0.75,0.825,0.7150000000000001,0.0784219357067906,24
2.9402127265930176,0.10061087170567216,0.08537759780883789,0.00404765163997141,True,90,3,3,8,1000,"{'bootstrap': True, 'max_depth': 90, 'max_features': 3, 'min_samples_leaf': 3, 'min_samples_split': 8, 'n_estimators': 1000}",0.625,0.625,0.75,0.7333333333333333,0.6916666666666667,0.6849999999999999,0.05254627590144814,219
0.3010819435119629,0.017394234480104038,0.011887025833129884,0.0011743071647829862,True,90,3,3,10,100,"{'bootstrap': True, 'max_depth': 90, 'max_features': 3, 'min_samples_leaf': 3, 'min_samples_split': 10, 'n_estimators': 100}",0.625,0.75,0.7666666666666667,0.75,0.825,0.7433333333333334,0.06527718675855379,1
0.6025275230407715,0.027460757093756026,0.021198415756225587,0.002557616442559892,True,90,3,3,10,200,"{'bootstrap': True, 'max_depth': 90, 'max_features': 3, 'min_samples_leaf': 3, 'min_samples_split': 10, 'n_estimators': 200}",0.625,0.6833333333333333,0.7666666666666667,0.6833333333333333,0.7583333333333333,0.7033333333333334,0.05286250509051236,94
0.8960502624511719,0.039184041683103604,0.02852182388305664,0.001994168258667169,True,90,3,3,10,300,"{'bootstrap': True, 'max_depth': 90, 'max_features': 3, 'min_samples_leaf': 3, 'min_samples_split': 10, 'n_estimators': 300}",0.6833333333333333,0.625,0.75,0.75,0.825,0.7266666666666668,0.06778233135887583,5
3.0210853099822996,0.06230587067639995,0.08624467849731446,0.002286313477394412,True,90,3,3,10,1000,"{'bootstrap': True, 'max_depth': 90, 'max_features': 3, 'min_samples_leaf': 3, 'min_samples_split': 10, 'n_estimators': 1000}",0.625,0.625,0.75,0.75,0.825,0.7150000000000001,0.0784219357067906,24
0.305712890625,0.021080111503777945,0.010761117935180664,0.0004325878578082263,True,90,3,3,12,100,"{'bootstrap': True, 'max_depth': 90, 'max_features': 3, 'min_samples_leaf': 3, 'min_samples_split': 12, 'n_estimators': 100}",0.6083333333333333,0.625,0.75,0.75,0.825,0.7116666666666667,0.08242842012585493,58
0.5981028556823731,0.03917245072267777,0.02006077766418457,0.002013449092948709,True,90,3,3,12,200,"{'bootstrap': True, 'max_depth': 90, 'max_features': 3, 'min_samples_leaf': 3, 'min_samples_split': 12, 'n_estimators': 200}",0.625,0.625,0.6833333333333333,0.75,0.6916666666666667,0.675,0.046844897741850654,252
0.8778014659881592,0.026701539958086357,0.030077743530273437,0.003338269441573543,True,90,3,3,12,300,"{'bootstrap': True, 'max_depth': 90, 'max_features': 3, 'min_samples_leaf': 3, 'min_samples_split': 12, 'n_estimators': 300}",0.625,0.625,0.75,0.75,0.7,0.6900000000000001,0.05612486080160912,175
2.9376334667205812,0.15994585804455344,0.08373827934265136,0.005454825274973127,True,90,3,3,12,1000,"{'bootstrap': True, 'max_depth': 90, 'max_features': 3, 'min_samples_leaf': 3, 'min_samples_split': 12, 'n_estimators': 1000}",0.625,0.625,0.75,0.75,0.825,0.7150000000000001,0.0784219357067906,24
0.30576281547546386,0.020119465143643746,0.01132187843322754,0.0010199358172854661,True,90,3,4,8,100,"{'bootstrap': True, 'max_depth': 90, 'max_features': 3, 'min_samples_leaf': 4, 'min_samples_split': 8, 'n_estimators': 100}",0.625,0.5666666666666667,0.75,0.7333333333333333,0.6833333333333333,0.6716666666666666,0.0682316316348624,264
0.600053071975708,0.029188493946000447,0.021175527572631837,0.003010635561854958,True,90,3,4,8,200,"{'bootstrap': True, 'max_depth': 90, 'max_features': 3, 'min_samples_leaf': 4, 'min_samples_split': 8, 'n_estimators': 200}",0.625,0.625,0.75,0.7333333333333333,0.7416666666666667,0.6950000000000001,0.05739725119240855,145
0.8790936946868897,0.030792662547268226,0.02835054397583008,0.002800359564034166,True,90,3,4,8,300,"{'bootstrap': True, 'max_depth': 90, 'max_features': 3, 'min_samples_leaf': 4, 'min_samples_split': 8, 'n_estimators': 300}",0.625,0.625,0.75,0.75,0.825,0.7150000000000001,0.0784219357067906,24
2.928829717636108,0.046611953981710925,0.08771324157714844,0.004435699387105473,True,90,3,4,8,1000,"{'bootstrap': True, 'max_depth': 90, 'max_features': 3, 'min_samples_leaf': 4, 'min_samples_split': 8, 'n_estimators': 1000}",0.625,0.625,0.75,0.7333333333333333,0.825,0.7116666666666667,0.07720823214600311,58
0.29028773307800293,0.00986465714233498,0.010980844497680664,0.0009842664899205968,True,90,3,4,10,100,"{'bootstrap': True, 'max_depth': 90, 'max_features': 3, 'min_samples_leaf': 4, 'min_samples_split': 10, 'n_estimators': 100}",0.6083333333333333,0.625,0.7666666666666667,0.7333333333333333,0.8083333333333333,0.7083333333333334,0.078704793020784,88
0.5749258995056152,0.01977550845132693,0.01998414993286133,0.0011673164385595839,True,90,3,4,10,200,"{'bootstrap': True, 'max_depth': 90, 'max_features': 3, 'min_samples_leaf': 4, 'min_samples_split': 10, 'n_estimators': 200}",0.625,0.625,0.75,0.7333333333333333,0.7,0.6866666666666668,0.052862505090512345,204
0.9114894390106201,0.062209281600402,0.029771089553833008,0.0022229095658671877,True,90,3,4,10,300,"{'bootstrap': True, 'max_depth': 90, 'max_features': 3, 'min_samples_leaf': 4, 'min_samples_split': 10, 'n_estimators': 300}",0.625,0.5666666666666667,0.75,0.7333333333333333,0.825,0.7,0.09234596784796711,119
2.904620885848999,0.104652478375705,0.0817070484161377,0.0023247639139169327,True,90,3,4,10,1000,"{'bootstrap': True, 'max_depth': 90, 'max_features': 3, 'min_samples_leaf': 4, 'min_samples_split': 10, 'n_estimators': 1000}",0.625,0.625,0.75,0.7333333333333333,0.825,0.7116666666666667,0.07720823214600311,58
0.3136751174926758,0.034288863915450975,0.011139202117919921,0.000900113283826047,True,90,3,4,12,100,"{'bootstrap': True, 'max_depth': 90, 'max_features': 3, 'min_samples_leaf': 4, 'min_samples_split': 12, 'n_estimators': 100}",0.625,0.625,0.75,0.75,0.7583333333333333,0.7016666666666667,0.06267198558987722,118
0.6073063373565674,0.031025228504820576,0.018274784088134766,0.0003733314912119344,True,90,3,4,12,200,"{'bootstrap': True, 'max_depth': 90, 'max_features': 3, 'min_samples_leaf': 4, 'min_samples_split': 12, 'n_estimators': 200}",0.625,0.625,0.825,0.8083333333333333,0.8083333333333333,0.7383333333333335,0.09273618495495704,3
0.8844751834869384,0.038306113842067106,0.028075647354125977,0.002192032943442503,True,90,3,4,12,300,"{'bootstrap': True, 'max_depth': 90, 'max_features': 3, 'min_samples_leaf': 4, 'min_samples_split': 12, 'n_estimators': 300}",0.625,0.625,0.75,0.7333333333333333,0.825,0.7116666666666667,0.07720823214600311,58
2.9256819248199464,0.05443001438349298,0.09222335815429687,0.011720664589843189,True,90,3,4,12,1000,"{'bootstrap': True, 'max_depth': 90, 'max_features': 3, 'min_samples_leaf': 4, 'min_samples_split': 12, 'n_estimators': 1000}",0.625,0.625,0.75,0.7333333333333333,0.7416666666666667,0.6950000000000001,0.05739725119240855,145
0.29512386322021483,0.012948320892037887,0.011074638366699219,0.0007257471823967013,True,90,3,5,8,100,"{'bootstrap': True, 'max_depth': 90, 'max_features': 3, 'min_samples_leaf': 5, 'min_samples_split': 8, 'n_estimators': 100}",0.625,0.6833333333333333,0.7666666666666667,0.75,0.825,0.7300000000000001,0.06924192692613662,4
0.5944045066833497,0.04697177631303866,0.02196044921875,0.005451191267061593,True,90,3,5,8,200,"{'bootstrap': True, 'max_depth': 90, 'max_features': 3, 'min_samples_leaf': 5, 'min_samples_split': 8, 'n_estimators': 200}",0.6833333333333333,0.6833333333333333,0.75,0.6666666666666666,0.825,0.7216666666666667,0.059066817155564486,18
0.8986348152160645,0.02034489929192758,0.028515386581420898,0.0029340739872616025,True,90,3,5,8,300,"{'bootstrap': True, 'max_depth': 90, 'max_features': 3, 'min_samples_leaf': 5, 'min_samples_split': 8, 'n_estimators': 300}",0.625,0.625,0.75,0.75,0.7,0.6900000000000001,0.05612486080160912,175
3.0031331539154054,0.15718064397186593,0.08913722038269042,0.014047363901538726,True,90,3,5,8,1000,"{'bootstrap': True, 'max_depth': 90, 'max_features': 3, 'min_samples_leaf': 5, 'min_samples_split': 8, 'n_estimators': 1000}",0.625,0.5666666666666667,0.75,0.7333333333333333,0.6833333333333333,0.6716666666666666,0.0682316316348624,264
0.3170772552490234,0.037295973543891386,0.011008453369140626,0.00034886197737641554,True,90,3,5,10,100,"{'bootstrap': True, 'max_depth': 90, 'max_features': 3, 'min_samples_leaf': 5, 'min_samples_split': 10, 'n_estimators': 100}",0.6166666666666667,0.625,0.75,0.75,0.625,0.6733333333333333,0.06267198558987722,262
0.6442461490631104,0.03458223003960963,0.022216176986694335,0.005675055466702214,True,90,3,5,10,200,"{'bootstrap': True, 'max_depth': 90, 'max_features': 3, 'min_samples_leaf': 5, 'min_samples_split': 10, 'n_estimators': 200}",0.5583333333333333,0.625,0.75,0.75,0.825,0.7016666666666668,0.09623466688834699,112
0.8921173095703125,0.02308646099250096,0.02916994094848633,0.0025647172079253985,True,90,3,5,10,300,"{'bootstrap': True, 'max_depth': 90, 'max_features': 3, 'min_samples_leaf': 5, 'min_samples_split': 10, 'n_estimators': 300}",0.625,0.625,0.75,0.7333333333333333,0.825,0.7116666666666667,0.07720823214600311,58
2.984214687347412,0.09019955364150403,0.08583102226257325,0.002567481086898846,True,90,3,5,10,1000,"{'bootstrap': True, 'max_depth': 90, 'max_features': 3, 'min_samples_leaf': 5, 'min_samples_split': 10, 'n_estimators': 1000}",0.625,0.625,0.75,0.7333333333333333,0.7416666666666667,0.6950000000000001,0.05739725119240855,145
0.28961844444274903,0.008987039870055238,0.010803937911987305,0.0009653520042259405,True,90,3,5,12,100,"{'bootstrap': True, 'max_depth': 90, 'max_features': 3, 'min_samples_leaf': 5, 'min_samples_split': 12, 'n_estimators': 100}",0.5583333333333333,0.5583333333333333,0.825,0.75,0.6833333333333333,0.675,0.1052774113156917,252
0.5807806015014648,0.024468102887113412,0.019160699844360352,0.0010257296346818968,True,90,3,5,12,200,"{'bootstrap': True, 'max_depth': 90, 'max_features': 3, 'min_samples_leaf': 5, 'min_samples_split': 12, 'n_estimators': 200}",0.5583333333333333,0.6833333333333333,0.75,0.7333333333333333,0.825,0.71,0.08841191473249894,85
0.8515933990478516,0.0360829228031942,0.027243280410766603,0.003418915972045173,True,90,3,5,12,300,"{'bootstrap': True, 'max_depth': 90, 'max_features': 3, 'min_samples_leaf': 5, 'min_samples_split': 12, 'n_estimators': 300}",0.625,0.625,0.75,0.75,0.6833333333333333,0.6866666666666668,0.05592653911854173,204
2.847376012802124,0.04919468911792529,0.08458285331726074,0.0063329342846513564,True,90,3,5,12,1000,"{'bootstrap': True, 'max_depth': 90, 'max_features': 3, 'min_samples_leaf': 5, 'min_samples_split': 12, 'n_estimators': 1000}",0.625,0.625,0.75,0.7333333333333333,0.825,0.7116666666666667,0.07720823214600311,58
0.2664957046508789,0.011564817254468802,0.011505937576293946,0.0007439741276087371,True,100,2,3,8,100,"{'bootstrap': True, 'max_depth': 100, 'max_features': 2, 'min_samples_leaf': 3, 'min_samples_split': 8, 'n_estimators': 100}",0.6166666666666667,0.625,0.7666666666666667,0.75,0.625,0.6766666666666666,0.0669576980886689,249
0.556463623046875,0.038974003966863284,0.021561908721923827,0.002691875799262952,True,100,2,3,8,200,"{'bootstrap': True, 'max_depth': 100, 'max_features': 2, 'min_samples_leaf': 3, 'min_samples_split': 8, 'n_estimators': 200}",0.625,0.625,0.75,0.75,0.7083333333333334,0.6916666666666667,0.056519416526043906,161
0.832425308227539,0.06724107254005425,0.02694363594055176,0.0010484945582423975,True,100,2,3,8,300,"{'bootstrap': True, 'max_depth': 100, 'max_features': 2, 'min_samples_leaf': 3, 'min_samples_split': 8, 'n_estimators': 300}",0.6833333333333333,0.625,0.7666666666666667,0.7333333333333333,0.6916666666666667,0.7,0.04801620096962645,119
2.745756816864014,0.12563745807351148,0.08687267303466797,0.007066384060722428,True,100,2,3,8,1000,"{'bootstrap': True, 'max_depth': 100, 'max_features': 2, 'min_samples_leaf': 3, 'min_samples_split': 8, 'n_estimators': 1000}",0.625,0.625,0.75,0.75,0.825,0.7150000000000001,0.0784219357067906,24
0.28991045951843264,0.026157413030615383,0.011620712280273438,0.0012841885585470577,True,100,2,3,10,100,"{'bootstrap': True, 'max_depth': 100, 'max_features': 2, 'min_samples_leaf': 3, 'min_samples_split': 10, 'n_estimators': 100}",0.6833333333333333,0.5666666666666667,0.7666666666666667,0.75,0.7083333333333334,0.6950000000000001,0.07063206700139031,145
0.550035810470581,0.01921557816448978,0.018939971923828125,0.0007001777689529865,True,100,2,3,10,200,"{'bootstrap': True, 'max_depth': 100, 'max_features': 2, 'min_samples_leaf': 3, 'min_samples_split': 10, 'n_estimators': 200}",0.5583333333333333,0.5416666666666666,0.75,0.75,0.825,0.6849999999999999,0.1137003860054036,219
0.7733508586883545,0.01647285917677185,0.029135894775390626,0.002394895733426021,True,100,2,3,10,300,"{'bootstrap': True, 'max_depth': 100, 'max_features': 2, 'min_samples_leaf': 3, 'min_samples_split': 10, 'n_estimators': 300}",0.6833333333333333,0.625,0.75,0.75,0.7083333333333334,0.7033333333333334,0.04672615256292063,94
2.7508193016052247,0.09807367746487483,0.08589720726013184,0.004147762137249495,True,100,2,3,10,1000,"{'bootstrap': True, 'max_depth': 100, 'max_features': 2, 'min_samples_leaf': 3, 'min_samples_split': 10, 'n_estimators': 1000}",0.625,0.6083333333333333,0.75,0.75,0.7083333333333334,0.6883333333333334,0.06069047152011044,185
0.28234081268310546,0.013111009963105512,0.012231111526489258,0.0014837540194152477,True,100,2,3,12,100,"{'bootstrap': True, 'max_depth': 100, 'max_features': 2, 'min_samples_leaf': 3, 'min_samples_split': 12, 'n_estimators': 100}",0.625,0.625,0.7666666666666667,0.6833333333333333,0.625,0.665,0.05562773089426214,273
0.5316777706146241,0.023779178842001113,0.01989903450012207,0.0009874123987546385,True,100,2,3,12,200,"{'bootstrap': True, 'max_depth': 100, 'max_features': 2, 'min_samples_leaf': 3, 'min_samples_split': 12, 'n_estimators': 200}",0.625,0.625,0.7666666666666667,0.75,0.7,0.6933333333333334,0.05995368582868318,159
0.8019326686859131,0.032955509586871344,0.027978134155273438,0.0012807762489415397,True,100,2,3,12,300,"{'bootstrap': True, 'max_depth': 100, 'max_features': 2, 'min_samples_leaf': 3, 'min_samples_split': 12, 'n_estimators': 300}",0.6833333333333333,0.625,0.75,0.75,0.825,0.7266666666666668,0.06778233135887583,5
2.724858045578003,0.11556654486973252,0.08936200141906739,0.007977185377066211,True,100,2,3,12,1000,"{'bootstrap': True, 'max_depth': 100, 'max_features': 2, 'min_samples_leaf': 3, 'min_samples_split': 12, 'n_estimators': 1000}",0.6833333333333333,0.625,0.75,0.75,0.825,0.7266666666666668,0.06778233135887583,5
0.27509231567382814,0.006876854380156215,0.011618757247924804,0.00045579014481320643,True,100,2,4,8,100,"{'bootstrap': True, 'max_depth': 100, 'max_features': 2, 'min_samples_leaf': 4, 'min_samples_split': 8, 'n_estimators': 100}",0.5583333333333333,0.75,0.7666666666666667,0.75,0.7,0.7050000000000001,0.07666666666666667,93
0.5339514732360839,0.019752516271106378,0.019821596145629884,0.00028984857209865485,True,100,2,4,8,200,"{'bootstrap': True, 'max_depth': 100, 'max_features': 2, 'min_samples_leaf': 4, 'min_samples_split': 8, 'n_estimators': 200}",0.625,0.6083333333333333,0.75,0.75,0.7416666666666667,0.6950000000000001,0.06424778422465463,145
0.7895359039306641,0.034393346918051626,0.027065467834472657,0.0023733675775603155,True,100,2,4,8,300,"{'bootstrap': True, 'max_depth': 100, 'max_features': 2, 'min_samples_leaf': 4, 'min_samples_split': 8, 'n_estimators': 300}",0.6833333333333333,0.625,0.75,0.75,0.6916666666666667,0.7,0.046844897741850654,119
2.7866775035858153,0.07857495128418673,0.08705649375915528,0.0017354682218242296,True,100,2,4,8,1000,"{'bootstrap': True, 'max_depth': 100, 'max_features': 2, 'min_samples_leaf': 4, 'min_samples_split': 8, 'n_estimators': 1000}",0.625,0.625,0.75,0.75,0.7083333333333334,0.6916666666666667,0.056519416526043906,161
0.2696507930755615,0.020338542248816805,0.011365985870361328,0.00043889571123096395,True,100,2,4,10,100,"{'bootstrap': True, 'max_depth': 100, 'max_features': 2, 'min_samples_leaf': 4, 'min_samples_split': 10, 'n_estimators': 100}",0.5583333333333333,0.625,0.75,0.75,0.6833333333333333,0.6733333333333335,0.07404953297174353,260
0.5296538829803467,0.02441064570152645,0.01890244483947754,0.0006722990422349988,True,100,2,4,10,200,"{'bootstrap': True, 'max_depth': 100, 'max_features': 2, 'min_samples_leaf': 4, 'min_samples_split': 10, 'n_estimators': 200}",0.625,0.625,0.7666666666666667,0.75,0.7666666666666667,0.7066666666666667,0.0669576980886689,91
0.8398324489593506,0.05589061701526042,0.027660083770751954,0.0014739258192797019,True,100,2,4,10,300,"{'bootstrap': True, 'max_depth': 100, 'max_features': 2, 'min_samples_leaf': 4, 'min_samples_split': 10, 'n_estimators': 300}",0.6833333333333333,0.625,0.75,0.75,0.825,0.7266666666666668,0.06778233135887583,5
2.6849252223968505,0.0758336368511657,0.08976378440856933,0.004173505729402309,True,100,2,4,10,1000,"{'bootstrap': True, 'max_depth': 100, 'max_features': 2, 'min_samples_leaf': 4, 'min_samples_split': 10, 'n_estimators': 1000}",0.625,0.625,0.75,0.75,0.7083333333333334,0.6916666666666667,0.056519416526043906,161
0.28669180870056155,0.02719307371842056,0.013094520568847657,0.0031663989153164268,True,100,2,4,12,100,"{'bootstrap': True, 'max_depth': 100, 'max_features': 2, 'min_samples_leaf': 4, 'min_samples_split': 12, 'n_estimators': 100}",0.5583333333333333,0.55,0.6833333333333333,0.6833333333333333,0.7666666666666667,0.6483333333333333,0.08273115763993906,284
0.5375133514404297,0.04181232634379285,0.019887161254882813,0.0010541924305279742,True,100,2,4,12,200,"{'bootstrap': True, 'max_depth': 100, 'max_features': 2, 'min_samples_leaf': 4, 'min_samples_split': 12, 'n_estimators': 200}",0.625,0.625,0.75,0.7333333333333333,0.825,0.7116666666666667,0.07720823214600311,58
0.8233674526214599,0.049298024905723895,0.030444860458374023,0.002939507581711187,True,100,2,4,12,300,"{'bootstrap': True, 'max_depth': 100, 'max_features': 2, 'min_samples_leaf': 4, 'min_samples_split': 12, 'n_estimators': 300}",0.625,0.625,0.75,0.75,0.6916666666666667,0.6883333333333332,0.05592653911854173,189
2.686645984649658,0.06780407231460951,0.09503369331359864,0.009423409865023031,True,100,2,4,12,1000,"{'bootstrap': True, 'max_depth': 100, 'max_features': 2, 'min_samples_leaf': 4, 'min_samples_split': 12, 'n_estimators': 1000}",0.625,0.5666666666666667,0.75,0.75,0.825,0.7033333333333334,0.09377869931090131,94
0.28358030319213867,0.011775391307516848,0.01134943962097168,0.0005504788741429568,True,100,2,5,8,100,"{'bootstrap': True, 'max_depth': 100, 'max_features': 2, 'min_samples_leaf': 5, 'min_samples_split': 8, 'n_estimators': 100}",0.5583333333333333,0.625,0.75,0.75,0.75,0.6866666666666668,0.08038103701191662,204
0.5576382160186768,0.020718862889547104,0.020212554931640626,0.0011507667992435356,True,100,2,5,8,200,"{'bootstrap': True, 'max_depth': 100, 'max_features': 2, 'min_samples_leaf': 5, 'min_samples_split': 8, 'n_estimators': 200}",0.5583333333333333,0.625,0.75,0.6833333333333333,0.75,0.6733333333333333,0.07404953297174353,262
0.8684252262115478,0.09053215473976764,0.032964324951171874,0.007673881193227539,True,100,2,5,8,300,"{'bootstrap': True, 'max_depth': 100, 'max_features': 2, 'min_samples_leaf': 5, 'min_samples_split': 8, 'n_estimators': 300}",0.6833333333333333,0.5666666666666667,0.75,0.75,0.6916666666666667,0.6883333333333332,0.0669991708074726,189
2.735040378570557,0.04013685483559828,0.08547425270080566,0.0018646960244094821,True,100,2,5,8,1000,"{'bootstrap': True, 'max_depth': 100, 'max_features': 2, 'min_samples_leaf': 5, 'min_samples_split': 8, 'n_estimators': 1000}",0.625,0.625,0.75,0.75,0.825,0.7150000000000001,0.0784219357067906,24
0.27677412033081056,0.016490933391718376,0.012128639221191406,0.0011010869769280504,True,100,2,5,10,100,"{'bootstrap': True, 'max_depth': 100, 'max_features': 2, 'min_samples_leaf': 5, 'min_samples_split': 10, 'n_estimators': 100}",0.7,0.6833333333333333,0.75,0.75,0.825,0.7416666666666666,0.04944132324730441,2
0.5500324726104736,0.02806782519753044,0.019345760345458984,0.0012916837489834684,True,100,2,5,10,200,"{'bootstrap': True, 'max_depth': 100, 'max_features': 2, 'min_samples_leaf': 5, 'min_samples_split': 10, 'n_estimators': 200}",0.625,0.625,0.75,0.75,0.7083333333333334,0.6916666666666667,0.056519416526043906,161
0.789384412765503,0.022220264208722654,0.028665590286254882,0.0013727566669577017,True,100,2,5,10,300,"{'bootstrap': True, 'max_depth': 100, 'max_features': 2, 'min_samples_leaf': 5, 'min_samples_split': 10, 'n_estimators': 300}",0.625,0.625,0.75,0.7333333333333333,0.825,0.7116666666666667,0.07720823214600311,58
2.7129300117492674,0.043499623407200726,0.09101352691650391,0.009420579550092503,True,100,2,5,10,1000,"{'bootstrap': True, 'max_depth': 100, 'max_features': 2, 'min_samples_leaf': 5, 'min_samples_split': 10, 'n_estimators': 1000}",0.625,0.625,0.75,0.75,0.7083333333333334,0.6916666666666667,0.056519416526043906,161
0.2684974670410156,0.013169378417870161,0.011641168594360351,0.0007465212850429379,True,100,2,5,12,100,"{'bootstrap': True, 'max_depth': 100, 'max_features': 2, 'min_samples_leaf': 5, 'min_samples_split': 12, 'n_estimators': 100}",0.6833333333333333,0.5,0.7666666666666667,0.7333333333333333,0.75,0.6866666666666668,0.09741092797468306,204
0.5367811679840088,0.027079984257808998,0.019588136672973634,0.0009117425181471094,True,100,2,5,12,200,"{'bootstrap': True, 'max_depth': 100, 'max_features': 2, 'min_samples_leaf': 5, 'min_samples_split': 12, 'n_estimators': 200}",0.5583333333333333,0.5583333333333333,0.825,0.75,0.75,0.6883333333333332,0.10962055768270229,189
0.8178804874420166,0.03780551178368058,0.028056812286376954,0.0020993254323671056,True,100,2,5,12,300,"{'bootstrap': True, 'max_depth': 100, 'max_features': 2, 'min_samples_leaf': 5, 'min_samples_split': 12, 'n_estimators': 300}",0.6166666666666667,0.625,0.75,0.75,0.6833333333333333,0.6849999999999999,0.05783117190965824,219
2.716963005065918,0.12122755731816785,0.09681987762451172,0.00739065208956045,True,100,2,5,12,1000,"{'bootstrap': True, 'max_depth': 100, 'max_features': 2, 'min_samples_leaf': 5, 'min_samples_split': 12, 'n_estimators': 1000}",0.625,0.625,0.75,0.7333333333333333,0.825,0.7116666666666667,0.07720823214600311,58
0.3066599369049072,0.020377261425708063,0.011083698272705078,0.00038140006025270945,True,100,3,3,8,100,"{'bootstrap': True, 'max_depth': 100, 'max_features': 3, 'min_samples_leaf': 3, 'min_samples_split': 8, 'n_estimators': 100}",0.625,0.5666666666666667,0.7666666666666667,0.75,0.7666666666666667,0.6950000000000001,0.08326663997864533,145
0.596918249130249,0.018873381293247487,0.021476554870605468,0.002526559776777804,True,100,3,3,8,200,"{'bootstrap': True, 'max_depth': 100, 'max_features': 3, 'min_samples_leaf': 3, 'min_samples_split': 8, 'n_estimators': 200}",0.625,0.6083333333333333,0.7666666666666667,0.7333333333333333,0.825,0.7116666666666667,0.08309967241545274,58
0.8864447116851807,0.03138360307888625,0.03324570655822754,0.010992595398285189,True,100,3,3,8,300,"{'bootstrap': True, 'max_depth': 100, 'max_features': 3, 'min_samples_leaf': 3, 'min_samples_split': 8, 'n_estimators': 300}",0.625,0.625,0.7666666666666667,0.7333333333333333,0.825,0.7150000000000001,0.07912718313646146,24
3.0217448711395263,0.05762000403684822,0.08528938293457031,0.002377474248450215,True,100,3,3,8,1000,"{'bootstrap': True, 'max_depth': 100, 'max_features': 3, 'min_samples_leaf': 3, 'min_samples_split': 8, 'n_estimators': 1000}",0.625,0.625,0.75,0.75,0.825,0.7150000000000001,0.0784219357067906,24
0.3592073440551758,0.031158162968999557,0.01161179542541504,0.0006992103356216055,True,100,3,3,10,100,"{'bootstrap': True, 'max_depth': 100, 'max_features': 3, 'min_samples_leaf': 3, 'min_samples_split': 10, 'n_estimators': 100}",0.5583333333333333,0.6083333333333333,0.75,0.75,0.6666666666666666,0.6666666666666666,0.07619419633774974,271
0.6098309516906738,0.046401621232996064,0.019530582427978515,0.0013673560756239918,True,100,3,3,10,200,"{'bootstrap': True, 'max_depth': 100, 'max_features': 3, 'min_samples_leaf': 3, 'min_samples_split': 10, 'n_estimators': 200}",0.625,0.5583333333333333,0.75,0.75,0.625,0.6616666666666667,0.07612124831112824,278
0.9019248008728027,0.03723716698574347,0.027383136749267577,0.002257379396455044,True,100,3,3,10,300,"{'bootstrap': True, 'max_depth': 100, 'max_features': 3, 'min_samples_leaf': 3, 'min_samples_split': 10, 'n_estimators': 300}",0.6833333333333333,0.625,0.75,0.75,0.75,0.7116666666666667,0.05044248650140518,58
2.9800570011138916,0.06579757993239953,0.08767671585083008,0.005933365863821165,True,100,3,3,10,1000,"{'bootstrap': True, 'max_depth': 100, 'max_features': 3, 'min_samples_leaf': 3, 'min_samples_split': 10, 'n_estimators': 1000}",0.625,0.625,0.7666666666666667,0.75,0.825,0.7183333333333334,0.08017342313870462,19
0.30444917678833006,0.012817018878934364,0.012407159805297852,0.0018527341928305464,True,100,3,3,12,100,"{'bootstrap': True, 'max_depth': 100, 'max_features': 3, 'min_samples_leaf': 3, 'min_samples_split': 12, 'n_estimators': 100}",0.625,0.6083333333333333,0.75,0.75,0.825,0.7116666666666667,0.08242842012585493,58
0.6294082164764404,0.02304291029561176,0.02016758918762207,0.0006635000152174219,True,100,3,3,12,200,"{'bootstrap': True, 'max_depth': 100, 'max_features': 3, 'min_samples_leaf': 3, 'min_samples_split': 12, 'n_estimators': 200}",0.625,0.5666666666666667,0.7666666666666667,0.7333333333333333,0.7,0.6783333333333333,0.07295356209413097,243
0.8869538307189941,0.038181491503132,0.027673816680908202,0.0024427519876088506,True,100,3,3,12,300,"{'bootstrap': True, 'max_depth': 100, 'max_features': 3, 'min_samples_leaf': 3, 'min_samples_split': 12, 'n_estimators': 300}",0.625,0.625,0.7666666666666667,0.75,0.825,0.7183333333333334,0.08017342313870462,19
2.9680973052978517,0.1658189399338846,0.08506555557250976,0.004468509968465803,True,100,3,3,12,1000,"{'bootstrap': True, 'max_depth': 100, 'max_features': 3, 'min_samples_leaf': 3, 'min_samples_split': 12, 'n_estimators': 1000}",0.625,0.625,0.75,0.7333333333333333,0.825,0.7116666666666667,0.07720823214600311,58
0.31389846801757815,0.017887776783320538,0.01305093765258789,0.002224645940847328,True,100,3,4,8,100,"{'bootstrap': True, 'max_depth': 100, 'max_features': 3, 'min_samples_leaf': 4, 'min_samples_split': 8, 'n_estimators': 100}",0.625,0.48333333333333334,0.75,0.75,0.75,0.6716666666666666,0.10588253449512394,264
0.6053747177124024,0.02645121576521448,0.02135186195373535,0.0030687585471088894,True,100,3,4,8,200,"{'bootstrap': True, 'max_depth': 100, 'max_features': 3, 'min_samples_leaf': 4, 'min_samples_split': 8, 'n_estimators': 200}",0.625,0.5583333333333333,0.75,0.75,0.6833333333333333,0.6733333333333335,0.07404953297174353,260
0.872881269454956,0.036363148822948346,0.0256955623626709,0.0009209651315960367,True,100,3,4,8,300,"{'bootstrap': True, 'max_depth': 100, 'max_features': 3, 'min_samples_leaf': 4, 'min_samples_split': 8, 'n_estimators': 300}",0.625,0.625,0.75,0.75,0.825,0.7150000000000001,0.0784219357067906,24
3.0514236450195313,0.08180798912666894,0.09464912414550782,0.009225378705154778,True,100,3,4,8,1000,"{'bootstrap': True, 'max_depth': 100, 'max_features': 3, 'min_samples_leaf': 4, 'min_samples_split': 8, 'n_estimators': 1000}",0.625,0.625,0.75,0.75,0.7416666666666667,0.6983333333333334,0.05995368582868316,132
0.30600800514221194,0.02598559474739197,0.011270427703857422,0.0008216241944734463,True,100,3,4,10,100,"{'bootstrap': True, 'max_depth': 100, 'max_features': 3, 'min_samples_leaf': 4, 'min_samples_split': 10, 'n_estimators': 100}",0.625,0.5666666666666667,0.7666666666666667,0.7333333333333333,0.825,0.7033333333333334,0.09436925111261377,94
0.5838202476501465,0.015367022144672378,0.023027324676513673,0.006884394669555132,True,100,3,4,10,200,"{'bootstrap': True, 'max_depth': 100, 'max_features': 3, 'min_samples_leaf': 4, 'min_samples_split': 10, 'n_estimators': 200}",0.625,0.625,0.75,0.75,0.7083333333333334,0.6916666666666667,0.056519416526043906,161
0.8870186805725098,0.036319980730923046,0.028147268295288085,0.0037694795009713326,True,100,3,4,10,300,"{'bootstrap': True, 'max_depth': 100, 'max_features': 3, 'min_samples_leaf': 4, 'min_samples_split': 10, 'n_estimators': 300}",0.625,0.6833333333333333,0.75,0.7333333333333333,0.825,0.7233333333333334,0.06695769808866887,15
2.9603343486785887,0.1329292253245553,0.09158430099487305,0.005099161847501753,True,100,3,4,10,1000,"{'bootstrap': True, 'max_depth': 100, 'max_features': 3, 'min_samples_leaf': 4, 'min_samples_split': 10, 'n_estimators': 1000}",0.625,0.625,0.75,0.75,0.825,0.7150000000000001,0.0784219357067906,24
0.2949540615081787,0.012994039146827552,0.011707401275634766,0.001361258535608293,True,100,3,4,12,100,"{'bootstrap': True, 'max_depth': 100, 'max_features': 3, 'min_samples_leaf': 4, 'min_samples_split': 12, 'n_estimators': 100}",0.625,0.5,0.7666666666666667,0.7333333333333333,0.825,0.6900000000000001,0.11515689780083131,175
0.5957394599914551,0.034580149574731656,0.019959306716918944,0.0017350117553175846,True,100,3,4,12,200,"{'bootstrap': True, 'max_depth': 100, 'max_features': 3, 'min_samples_leaf': 4, 'min_samples_split': 12, 'n_estimators': 200}",0.5583333333333333,0.625,0.75,0.75,0.8083333333333333,0.6983333333333335,0.09210501253098732,131
0.8829801559448243,0.04556030628146447,0.02739849090576172,0.001906600248619732,True,100,3,4,12,300,"{'bootstrap': True, 'max_depth': 100, 'max_features': 3, 'min_samples_leaf': 4, 'min_samples_split': 12, 'n_estimators': 300}",0.6833333333333333,0.625,0.75,0.7333333333333333,0.6833333333333333,0.6950000000000001,0.043969686527576386,145
2.9876147270202638,0.04705302827347119,0.10761809349060059,0.031620616465590244,True,100,3,4,12,1000,"{'bootstrap': True, 'max_depth': 100, 'max_features': 3, 'min_samples_leaf': 4, 'min_samples_split': 12, 'n_estimators': 1000}",0.625,0.625,0.75,0.75,0.7,0.6900000000000001,0.05612486080160912,175
0.28711810111999514,0.007807730534319197,0.011021614074707031,0.00038048500876128273,True,100,3,5,8,100,"{'bootstrap': True, 'max_depth': 100, 'max_features': 3, 'min_samples_leaf': 5, 'min_samples_split': 8, 'n_estimators': 100}",0.625,0.625,0.75,0.7333333333333333,0.75,0.6966666666666667,0.05883120864907596,141
0.5998948097229004,0.03134143280460902,0.02023477554321289,0.0020441228432565932,True,100,3,5,8,200,"{'bootstrap': True, 'max_depth': 100, 'max_features': 3, 'min_samples_leaf': 5, 'min_samples_split': 8, 'n_estimators': 200}",0.625,0.6833333333333333,0.75,0.75,0.825,0.7266666666666668,0.06778233135887583,5
0.8969002723693847,0.03402505495781297,0.030267000198364258,0.004701083283382585,True,100,3,5,8,300,"{'bootstrap': True, 'max_depth': 100, 'max_features': 3, 'min_samples_leaf': 5, 'min_samples_split': 8, 'n_estimators': 300}",0.625,0.625,0.7666666666666667,0.7333333333333333,0.7416666666666667,0.6983333333333334,0.06087327455916559,132
2.9886219978332518,0.1023364245945046,0.08862528800964356,0.006645031159265538,True,100,3,5,8,1000,"{'bootstrap': True, 'max_depth': 100, 'max_features': 3, 'min_samples_leaf': 5, 'min_samples_split': 8, 'n_estimators': 1000}",0.625,0.625,0.75,0.7333333333333333,0.7,0.6866666666666668,0.052862505090512345,204
0.310445499420166,0.0157880910617301,0.012537336349487305,0.0017120879142286155,True,100,3,5,10,100,"{'bootstrap': True, 'max_depth': 100, 'max_features': 3, 'min_samples_leaf': 5, 'min_samples_split': 10, 'n_estimators': 100}",0.5583333333333333,0.5583333333333333,0.7666666666666667,0.75,0.7,0.6666666666666666,0.09113482076328211,271
0.6649116992950439,0.022902127682637802,0.020154857635498048,0.0007091752135021138,True,100,3,5,10,200,"{'bootstrap': True, 'max_depth': 100, 'max_features': 3, 'min_samples_leaf': 5, 'min_samples_split': 10, 'n_estimators': 200}",0.625,0.5583333333333333,0.75,0.7333333333333333,0.825,0.6983333333333333,0.09478044805408618,137
0.9038631439208984,0.043216020502245184,0.028007888793945314,0.0013482650340053016,True,100,3,5,10,300,"{'bootstrap': True, 'max_depth': 100, 'max_features': 3, 'min_samples_leaf': 5, 'min_samples_split': 10, 'n_estimators': 300}",0.6833333333333333,0.5583333333333333,0.75,0.7333333333333333,0.7,0.6849999999999999,0.06757711644237763,219
2.9601590633392334,0.1374696868387706,0.08910989761352539,0.00469029060357212,True,100,3,5,10,1000,"{'bootstrap': True, 'max_depth': 100, 'max_features': 3, 'min_samples_leaf': 5, 'min_samples_split': 10, 'n_estimators': 1000}",0.625,0.625,0.75,0.7333333333333333,0.825,0.7116666666666667,0.07720823214600311,58
0.30522522926330564,0.012442371964876806,0.010959911346435546,0.0004675303691348735,True,100,3,5,12,100,"{'bootstrap': True, 'max_depth': 100, 'max_features': 3, 'min_samples_leaf': 5, 'min_samples_split': 12, 'n_estimators': 100}",0.625,0.5666666666666667,0.75,0.7333333333333333,0.6166666666666667,0.6583333333333333,0.07110243002567179,280
0.599708080291748,0.025808397688427433,0.021369457244873047,0.0019349744835678783,True,100,3,5,12,200,"{'bootstrap': True, 'max_depth': 100, 'max_features': 3, 'min_samples_leaf': 5, 'min_samples_split': 12, 'n_estimators': 200}",0.625,0.625,0.75,0.7333333333333333,0.6666666666666666,0.6799999999999999,0.05286250509051234,235
0.9131425380706787,0.0544457889431361,0.032943201065063474,0.010174728007910767,True,100,3,5,12,300,"{'bootstrap': True, 'max_depth': 100, 'max_features': 3, 'min_samples_leaf': 5, 'min_samples_split': 12, 'n_estimators': 300}",0.625,0.625,0.75,0.7333333333333333,0.7416666666666667,0.6950000000000001,0.05739725119240855,145
2.9686365127563477,0.09520680061467644,0.087548828125,0.004145683817278001,True,100,3,5,12,1000,"{'bootstrap': True, 'max_depth': 100, 'max_features': 3, 'min_samples_leaf': 5, 'min_samples_split': 12, 'n_estimators': 1000}",0.625,0.625,0.75,0.75,0.6833333333333333,0.6866666666666668,0.05592653911854173,204
0.28324594497680666,0.025231657188672242,0.01134476661682129,0.0008608677146530089,True,110,2,3,8,100,"{'bootstrap': True, 'max_depth': 110, 'max_features': 2, 'min_samples_leaf': 3, 'min_samples_split': 8, 'n_estimators': 100}",0.6833333333333333,0.5666666666666667,0.7666666666666667,0.75,0.6916666666666667,0.6916666666666667,0.07031674369909664,161
0.5635734558105469,0.015386404146191336,0.02209606170654297,0.0029378165309338956,True,110,2,3,8,200,"{'bootstrap': True, 'max_depth': 110, 'max_features': 2, 'min_samples_leaf': 3, 'min_samples_split': 8, 'n_estimators': 200}",0.6166666666666667,0.55,0.825,0.75,0.6916666666666667,0.6866666666666668,0.09669539802906855,204
0.8236440658569336,0.048228212204335784,0.029541540145874023,0.004496371337961589,True,110,2,3,8,300,"{'bootstrap': True, 'max_depth': 110, 'max_features': 2, 'min_samples_leaf': 3, 'min_samples_split': 8, 'n_estimators': 300}",0.625,0.5666666666666667,0.7666666666666667,0.75,0.7083333333333334,0.6833333333333333,0.07619419633774976,226
2.7540045261383055,0.08034196110188335,0.09099740982055664,0.009307017212840588,True,110,2,3,8,1000,"{'bootstrap': True, 'max_depth': 110, 'max_features': 2, 'min_samples_leaf': 3, 'min_samples_split': 8, 'n_estimators': 1000}",0.625,0.625,0.75,0.75,0.6916666666666667,0.6883333333333332,0.05592653911854173,189
0.2818251609802246,0.019009785166381053,0.01126236915588379,0.0005309979976696899,True,110,2,3,10,100,"{'bootstrap': True, 'max_depth': 110, 'max_features': 2, 'min_samples_leaf': 3, 'min_samples_split': 10, 'n_estimators': 100}",0.6833333333333333,0.625,0.6833333333333333,0.7333333333333333,0.625,0.67,0.04102844541697056,268
0.5445959568023682,0.01939122398822292,0.021283674240112304,0.0025279780839599702,True,110,2,3,10,200,"{'bootstrap': True, 'max_depth': 110, 'max_features': 2, 'min_samples_leaf': 3, 'min_samples_split': 10, 'n_estimators': 200}",0.6833333333333333,0.625,0.75,0.75,0.6916666666666667,0.7,0.046844897741850654,119
0.8112532138824463,0.040040700273517624,0.029211091995239257,0.002509151422801957,True,110,2,3,10,300,"{'bootstrap': True, 'max_depth': 110, 'max_features': 2, 'min_samples_leaf': 3, 'min_samples_split': 10, 'n_estimators': 300}",0.6833333333333333,0.625,0.75,0.75,0.7,0.7016666666666668,0.04666666666666666,112
2.8007393360137938,0.100440950256874,0.09095416069030762,0.009249076773218718,True,110,2,3,10,1000,"{'bootstrap': True, 'max_depth': 110, 'max_features': 2, 'min_samples_leaf': 3, 'min_samples_split': 10, 'n_estimators': 1000}",0.625,0.625,0.7666666666666667,0.75,0.7083333333333334,0.6950000000000001,0.06023103666530885,145
0.2868305206298828,0.01487325450160269,0.011607885360717773,0.0007401673665859059,True,110,2,3,12,100,"{'bootstrap': True, 'max_depth': 110, 'max_features': 2, 'min_samples_leaf': 3, 'min_samples_split': 12, 'n_estimators': 100}",0.6833333333333333,0.5583333333333333,0.7666666666666667,0.75,0.6833333333333333,0.6883333333333332,0.07333333333333333,189
0.5563390731811524,0.03452089537562854,0.01866903305053711,0.0003320112936227634,True,110,2,3,12,200,"{'bootstrap': True, 'max_depth': 110, 'max_features': 2, 'min_samples_leaf': 3, 'min_samples_split': 12, 'n_estimators': 200}",0.625,0.5666666666666667,0.75,0.75,0.7083333333333334,0.6799999999999999,0.07276293317647692,235
0.8126265048980713,0.04200043569083205,0.02837224006652832,0.002419055630218492,True,110,2,3,12,300,"{'bootstrap': True, 'max_depth': 110, 'max_features': 2, 'min_samples_leaf': 3, 'min_samples_split': 12, 'n_estimators': 300}",0.625,0.5666666666666667,0.75,0.75,0.7666666666666667,0.6916666666666667,0.0806225774829855,161
2.7111990451812744,0.08565101182857537,0.09659481048583984,0.020305535420972232,True,110,2,3,12,1000,"{'bootstrap': True, 'max_depth': 110, 'max_features': 2, 'min_samples_leaf': 3, 'min_samples_split': 12, 'n_estimators': 1000}",0.6833333333333333,0.625,0.75,0.75,0.825,0.7266666666666668,0.06778233135887583,5
0.27363080978393556,0.011141301937539873,0.011862516403198242,0.000796574548426595,True,110,2,4,8,100,"{'bootstrap': True, 'max_depth': 110, 'max_features': 2, 'min_samples_leaf': 4, 'min_samples_split': 8, 'n_estimators': 100}",0.6833333333333333,0.625,0.7666666666666667,0.75,0.625,0.6900000000000001,0.05995368582868318,175
0.5297547817230225,0.02634402263176306,0.01942300796508789,0.0010581642813970562,True,110,2,4,8,200,"{'bootstrap': True, 'max_depth': 110, 'max_features': 2, 'min_samples_leaf': 4, 'min_samples_split': 8, 'n_estimators': 200}",0.6833333333333333,0.625,0.75,0.75,0.7083333333333334,0.7033333333333334,0.04672615256292063,94
0.8198933124542236,0.029167966988129214,0.03325376510620117,0.006009335821710437,True,110,2,4,8,300,"{'bootstrap': True, 'max_depth': 110, 'max_features': 2, 'min_samples_leaf': 4, 'min_samples_split': 8, 'n_estimators': 300}",0.625,0.625,0.75,0.75,0.825,0.7150000000000001,0.0784219357067906,24
2.728132200241089,0.06535684811867437,0.09305248260498047,0.005583350921323186,True,110,2,4,8,1000,"{'bootstrap': True, 'max_depth': 110, 'max_features': 2, 'min_samples_leaf': 4, 'min_samples_split': 8, 'n_estimators': 1000}",0.625,0.625,0.75,0.75,0.7083333333333334,0.6916666666666667,0.056519416526043906,161
0.28098106384277344,0.019809329216006668,0.012554216384887695,0.0015980911515536642,True,110,2,4,10,100,"{'bootstrap': True, 'max_depth': 110, 'max_features': 2, 'min_samples_leaf': 4, 'min_samples_split': 10, 'n_estimators': 100}",0.625,0.5666666666666667,0.75,0.75,0.6833333333333333,0.675,0.07149203529842406,252
0.5365311145782471,0.021848205582828118,0.023151445388793945,0.007147536973791732,True,110,2,4,10,200,"{'bootstrap': True, 'max_depth': 110, 'max_features': 2, 'min_samples_leaf': 4, 'min_samples_split': 10, 'n_estimators': 200}",0.5583333333333333,0.625,0.75,0.6666666666666666,0.825,0.6849999999999999,0.09360080721399314,219
0.8043369293212891,0.02336796481142235,0.035173892974853516,0.008772420752157417,True,110,2,4,10,300,"{'bootstrap': True, 'max_depth': 110, 'max_features': 2, 'min_samples_leaf': 4, 'min_samples_split': 10, 'n_estimators': 300}",0.625,0.625,0.75,0.75,0.825,0.7150000000000001,0.0784219357067906,24
2.7271830558776857,0.03838674705326283,0.0896028995513916,0.005637327101885748,True,110,2,4,10,1000,"{'bootstrap': True, 'max_depth': 110, 'max_features': 2, 'min_samples_leaf': 4, 'min_samples_split': 10, 'n_estimators': 1000}",0.625,0.625,0.75,0.75,0.6916666666666667,0.6883333333333332,0.05592653911854173,189
0.27304778099060056,0.012670900734582697,0.011229276657104492,0.00047620218437764423,True,110,2,4,12,100,"{'bootstrap': True, 'max_depth': 110, 'max_features': 2, 'min_samples_leaf': 4, 'min_samples_split': 12, 'n_estimators': 100}",0.49166666666666664,0.625,0.825,0.75,0.8083333333333333,0.7,0.12560962454277846,119
0.5290316581726074,0.0120594919318472,0.019198799133300783,0.0015808992551985623,True,110,2,4,12,200,"{'bootstrap': True, 'max_depth': 110, 'max_features': 2, 'min_samples_leaf': 4, 'min_samples_split': 12, 'n_estimators': 200}",0.6833333333333333,0.625,0.7666666666666667,0.6666666666666666,0.825,0.7133333333333333,0.07238016916869487,57
0.8058250427246094,0.022375718973184484,0.02868795394897461,0.003838596379107787,True,110,2,4,12,300,"{'bootstrap': True, 'max_depth': 110, 'max_features': 2, 'min_samples_leaf': 4, 'min_samples_split': 12, 'n_estimators': 300}",0.625,0.5666666666666667,0.7666666666666667,0.75,0.825,0.7066666666666667,0.09565563234854496,91
2.743827295303345,0.11891155943032762,0.08709311485290527,0.0025551947741416646,True,110,2,4,12,1000,"{'bootstrap': True, 'max_depth': 110, 'max_features': 2, 'min_samples_leaf': 4, 'min_samples_split': 12, 'n_estimators': 1000}",0.625,0.5666666666666667,0.75,0.7333333333333333,0.825,0.7,0.09234596784796711,119
0.2962845802307129,0.023278925311178245,0.011026144027709961,0.0005656769471796137,True,110,2,5,8,100,"{'bootstrap': True, 'max_depth': 110, 'max_features': 2, 'min_samples_leaf': 5, 'min_samples_split': 8, 'n_estimators': 100}",0.625,0.6083333333333333,0.825,0.75,0.7083333333333334,0.7033333333333334,0.08020806277010642,94
0.5455207347869873,0.02163273764862542,0.02041172981262207,0.001226873625446659,True,110,2,5,8,200,"{'bootstrap': True, 'max_depth': 110, 'max_features': 2, 'min_samples_leaf': 5, 'min_samples_split': 8, 'n_estimators': 200}",0.5583333333333333,0.5666666666666667,0.75,0.75,0.6083333333333333,0.6466666666666667,0.08605553762283724,285
0.7674347400665283,0.015469721880551339,0.02850189208984375,0.002680577924906293,True,110,2,5,8,300,"{'bootstrap': True, 'max_depth': 110, 'max_features': 2, 'min_samples_leaf': 5, 'min_samples_split': 8, 'n_estimators': 300}",0.625,0.625,0.75,0.6666666666666666,0.7416666666666667,0.6816666666666666,0.05461989869391314,230
2.775110864639282,0.07871717902975396,0.08856735229492188,0.005979099787319312,True,110,2,5,8,1000,"{'bootstrap': True, 'max_depth': 110, 'max_features': 2, 'min_samples_leaf': 5, 'min_samples_split': 8, 'n_estimators': 1000}",0.625,0.625,0.75,0.75,0.825,0.7150000000000001,0.0784219357067906,24
0.27238922119140624,0.008232132117417844,0.013459205627441406,0.0028362302789757044,True,110,2,5,10,100,"{'bootstrap': True, 'max_depth': 110, 'max_features': 2, 'min_samples_leaf': 5, 'min_samples_split': 10, 'n_estimators': 100}",0.625,0.6166666666666667,0.75,0.75,0.6833333333333333,0.6849999999999999,0.05783117190965824,219
0.5401307582855225,0.03475408875339631,0.02432875633239746,0.00942494367484366,True,110,2,5,10,200,"{'bootstrap': True, 'max_depth': 110, 'max_features': 2, 'min_samples_leaf': 5, 'min_samples_split': 10, 'n_estimators': 200}",0.625,0.625,0.825,0.75,0.625,0.6900000000000001,0.08306623862918074,175
0.797425651550293,0.03623031870797436,0.028342008590698242,0.0022002093229729243,True,110,2,5,10,300,"{'bootstrap': True, 'max_depth': 110, 'max_features': 2, 'min_samples_leaf': 5, 'min_samples_split': 10, 'n_estimators': 300}",0.5583333333333333,0.625,0.7666666666666667,0.75,0.6916666666666667,0.6783333333333333,0.0779244648504064,243
2.8227982997894285,0.060355002375417265,0.09072647094726563,0.006448650716577018,True,110,2,5,10,1000,"{'bootstrap': True, 'max_depth': 110, 'max_features': 2, 'min_samples_leaf': 5, 'min_samples_split': 10, 'n_estimators': 1000}",0.625,0.625,0.75,0.75,0.6916666666666667,0.6883333333333332,0.05592653911854173,189
0.2683437347412109,0.00698016700853379,0.011238527297973634,0.0007006250877650009,True,110,2,5,12,100,"{'bootstrap': True, 'max_depth': 110, 'max_features': 2, 'min_samples_leaf': 5, 'min_samples_split': 12, 'n_estimators': 100}",0.5583333333333333,0.5,0.7666666666666667,0.75,0.75,0.665,0.11259563836036358,273
0.5613059997558594,0.04785013705416855,0.019079875946044923,0.0005135676409508248,True,110,2,5,12,200,"{'bootstrap': True, 'max_depth': 110, 'max_features': 2, 'min_samples_leaf': 5, 'min_samples_split': 12, 'n_estimators': 200}",0.625,0.5583333333333333,0.75,0.75,0.7,0.6766666666666667,0.07479601890772292,248
0.8426671981811523,0.04451471363132922,0.02875227928161621,0.0023632220455441556,True,110,2,5,12,300,"{'bootstrap': True, 'max_depth': 110, 'max_features': 2, 'min_samples_leaf': 5, 'min_samples_split': 12, 'n_estimators': 300}",0.625,0.625,0.75,0.75,0.6916666666666667,0.6883333333333332,0.05592653911854173,189
2.654973602294922,0.10478715049014913,0.09295778274536133,0.008614663194258137,True,110,2,5,12,1000,"{'bootstrap': True, 'max_depth': 110, 'max_features': 2, 'min_samples_leaf': 5, 'min_samples_split': 12, 'n_estimators': 1000}",0.625,0.5666666666666667,0.75,0.75,0.825,0.7033333333333334,0.09377869931090131,94
0.31783857345581057,0.013132727119350606,0.011014604568481445,0.0007079111442517993,True,110,3,3,8,100,"{'bootstrap': True, 'max_depth': 110, 'max_features': 3, 'min_samples_leaf': 3, 'min_samples_split': 8, 'n_estimators': 100}",0.625,0.625,0.7666666666666667,0.7333333333333333,0.6916666666666667,0.6883333333333332,0.05691123692987958,189
0.6104401111602783,0.011454991960648614,0.020096492767333985,0.001476535252728976,True,110,3,3,8,200,"{'bootstrap': True, 'max_depth': 110, 'max_features': 3, 'min_samples_leaf': 3, 'min_samples_split': 8, 'n_estimators': 200}",0.625,0.55,0.7666666666666667,0.75,0.7666666666666667,0.6916666666666667,0.08850612031567837,161
0.8798223495483398,0.014723773619710941,0.027952861785888673,0.0009130240454812552,True,110,3,3,8,300,"{'bootstrap': True, 'max_depth': 110, 'max_features': 3, 'min_samples_leaf': 3, 'min_samples_split': 8, 'n_estimators': 300}",0.625,0.625,0.7666666666666667,0.7333333333333333,0.825,0.7150000000000001,0.07912718313646146,24
3.018654203414917,0.11209415418838481,0.08673815727233887,0.0047265209091829265,True,110,3,3,8,1000,"{'bootstrap': True, 'max_depth': 110, 'max_features': 3, 'min_samples_leaf': 3, 'min_samples_split': 8, 'n_estimators': 1000}",0.625,0.625,0.7666666666666667,0.7333333333333333,0.6916666666666667,0.6883333333333332,0.05691123692987958,189
0.30725297927856443,0.010105583782357609,0.011014938354492188,0.0006697306643640633,True,110,3,3,10,100,"{'bootstrap': True, 'max_depth': 110, 'max_features': 3, 'min_samples_leaf': 3, 'min_samples_split': 10, 'n_estimators': 100}",0.7,0.5666666666666667,0.7666666666666667,0.75,0.7666666666666667,0.71,0.07571877794400368,85
0.6060636043548584,0.02496244911294722,0.01954493522644043,0.0009069840806555052,True,110,3,3,10,200,"{'bootstrap': True, 'max_depth': 110, 'max_features': 3, 'min_samples_leaf': 3, 'min_samples_split': 10, 'n_estimators': 200}",0.625,0.6083333333333333,0.75,0.75,0.7,0.6866666666666668,0.06023103666530885,204
0.8710977554321289,0.020794850071691375,0.028863048553466795,0.002009504832856704,True,110,3,3,10,300,"{'bootstrap': True, 'max_depth': 110, 'max_features': 3, 'min_samples_leaf': 3, 'min_samples_split': 10, 'n_estimators': 300}",0.625,0.625,0.75,0.75,0.825,0.7150000000000001,0.0784219357067906,24
3.022657585144043,0.0854209991051721,0.08990278244018554,0.009920575911057678,True,110,3,3,10,1000,"{'bootstrap': True, 'max_depth': 110, 'max_features': 3, 'min_samples_leaf': 3, 'min_samples_split': 10, 'n_estimators': 1000}",0.625,0.5666666666666667,0.75,0.75,0.7,0.6783333333333333,0.07218802609235905,243
0.3046091079711914,0.009478561467763469,0.01132960319519043,0.0008207731172434385,True,110,3,3,12,100,"{'bootstrap': True, 'max_depth': 110, 'max_features': 3, 'min_samples_leaf': 3, 'min_samples_split': 12, 'n_estimators': 100}",0.625,0.625,0.75,0.75,0.8083333333333333,0.7116666666666667,0.07389933092465122,58
0.5940508365631103,0.017936158522622217,0.018648052215576173,0.0012072757083858173,True,110,3,3,12,200,"{'bootstrap': True, 'max_depth': 110, 'max_features': 3, 'min_samples_leaf': 3, 'min_samples_split': 12, 'n_estimators': 200}",0.625,0.5666666666666667,0.7666666666666667,0.7333333333333333,0.8083333333333333,0.7,0.09021579068482909,119
0.8619121074676513,0.04237549741041662,0.028268146514892577,0.001765280484523206,True,110,3,3,12,300,"{'bootstrap': True, 'max_depth': 110, 'max_features': 3, 'min_samples_leaf': 3, 'min_samples_split': 12, 'n_estimators': 300}",0.625,0.625,0.7666666666666667,0.7333333333333333,0.7,0.6900000000000001,0.05710613899670605,175
3.0461941719055177,0.09122413134289996,0.08700661659240723,0.004855852678866446,True,110,3,3,12,1000,"{'bootstrap': True, 'max_depth': 110, 'max_features': 3, 'min_samples_leaf': 3, 'min_samples_split': 12, 'n_estimators': 1000}",0.625,0.625,0.75,0.75,0.825,0.7150000000000001,0.0784219357067906,24
0.3055436134338379,0.01576936589122663,0.01185903549194336,0.0006225409896783222,True,110,3,4,8,100,"{'bootstrap': True, 'max_depth': 110, 'max_features': 3, 'min_samples_leaf': 4, 'min_samples_split': 8, 'n_estimators': 100}",0.6083333333333333,0.5666666666666667,0.75,0.75,0.825,0.7,0.09675283515799996,119
0.5971424102783203,0.04235312902784844,0.01944279670715332,0.0013286181688520013,True,110,3,4,8,200,"{'bootstrap': True, 'max_depth': 110, 'max_features': 3, 'min_samples_leaf': 4, 'min_samples_split': 8, 'n_estimators': 200}",0.6833333333333333,0.6666666666666666,0.75,0.7333333333333333,0.6083333333333333,0.6883333333333334,0.0504424865014052,185
0.8812855243682861,0.045180409518081686,0.027338314056396484,0.0012617406783963178,True,110,3,4,8,300,"{'bootstrap': True, 'max_depth': 110, 'max_features': 3, 'min_samples_leaf': 4, 'min_samples_split': 8, 'n_estimators': 300}",0.625,0.625,0.75,0.6833333333333333,0.825,0.7016666666666668,0.07699206308300731,112
2.91109037399292,0.08544963486457839,0.09221901893615722,0.01093528542957172,True,110,3,4,8,1000,"{'bootstrap': True, 'max_depth': 110, 'max_features': 3, 'min_samples_leaf': 4, 'min_samples_split': 8, 'n_estimators': 1000}",0.625,0.625,0.75,0.7333333333333333,0.825,0.7116666666666667,0.07720823214600311,58
0.30140838623046873,0.007716149608960541,0.010697507858276367,0.00021834964435958344,True,110,3,4,10,100,"{'bootstrap': True, 'max_depth': 110, 'max_features': 3, 'min_samples_leaf': 4, 'min_samples_split': 10, 'n_estimators': 100}",0.6833333333333333,0.48333333333333334,0.75,0.7666666666666667,0.7416666666666667,0.685,0.10466878978738388,218
0.6018295288085938,0.026264471840894442,0.01970391273498535,0.0016713230511029007,True,110,3,4,10,200,"{'bootstrap': True, 'max_depth': 110, 'max_features': 3, 'min_samples_leaf': 4, 'min_samples_split': 10, 'n_estimators': 200}",0.625,0.625,0.7666666666666667,0.7333333333333333,0.6916666666666667,0.6883333333333332,0.05691123692987958,189
0.8838091850280761,0.04664110587740504,0.02846841812133789,0.0018261337677214396,True,110,3,4,10,300,"{'bootstrap': True, 'max_depth': 110, 'max_features': 3, 'min_samples_leaf': 4, 'min_samples_split': 10, 'n_estimators': 300}",0.625,0.625,0.75,0.7333333333333333,0.825,0.7116666666666667,0.07720823214600311,58
2.968788433074951,0.13522508845906298,0.08501405715942383,0.003930646624747648,True,110,3,4,10,1000,"{'bootstrap': True, 'max_depth': 110, 'max_features': 3, 'min_samples_leaf': 4, 'min_samples_split': 10, 'n_estimators': 1000}",0.625,0.625,0.75,0.75,0.825,0.7150000000000001,0.0784219357067906,24
0.31591181755065917,0.00934282039432822,0.01185297966003418,0.0007446340575147504,True,110,3,4,12,100,"{'bootstrap': True, 'max_depth': 110, 'max_features': 3, 'min_samples_leaf': 4, 'min_samples_split': 12, 'n_estimators': 100}",0.625,0.6083333333333333,0.75,0.75,0.7666666666666667,0.7,0.06851601597031491,119
0.598151159286499,0.03281319022368771,0.020566415786743165,0.0018024945718872953,True,110,3,4,12,200,"{'bootstrap': True, 'max_depth': 110, 'max_features': 3, 'min_samples_leaf': 4, 'min_samples_split': 12, 'n_estimators': 200}",0.625,0.625,0.75,0.6666666666666666,0.825,0.6983333333333333,0.07806692285753578,137
0.8904706954956054,0.02391446727234519,0.02819070816040039,0.002449473419160172,True,110,3,4,12,300,"{'bootstrap': True, 'max_depth': 110, 'max_features': 3, 'min_samples_leaf': 4, 'min_samples_split': 12, 'n_estimators': 300}",0.625,0.5666666666666667,0.75,0.7333333333333333,0.825,0.7,0.09234596784796711,119
2.9356499195098875,0.11804193548644921,0.09024724960327149,0.008900138399433728,True,110,3,4,12,1000,"{'bootstrap': True, 'max_depth': 110, 'max_features': 3, 'min_samples_leaf': 4, 'min_samples_split': 12, 'n_estimators': 1000}",0.625,0.625,0.75,0.7333333333333333,0.825,0.7116666666666667,0.07720823214600311,58
0.30427966117858884,0.01174521890038928,0.012039613723754884,0.001174498430040924,True,110,3,5,8,100,"{'bootstrap': True, 'max_depth': 110, 'max_features': 3, 'min_samples_leaf': 5, 'min_samples_split': 8, 'n_estimators': 100}",0.5583333333333333,0.625,0.75,0.75,0.6916666666666667,0.675,0.07434902674398487,252
0.6182113647460937,0.040658863798112274,0.020740842819213866,0.0017172227521036376,True,110,3,5,8,200,"{'bootstrap': True, 'max_depth': 110, 'max_features': 3, 'min_samples_leaf': 5, 'min_samples_split': 8, 'n_estimators': 200}",0.625,0.625,0.75,0.75,0.75,0.7,0.06123724356957946,119
0.8796010494232178,0.021809024759467534,0.027694845199584962,0.0014911905961954857,True,110,3,5,8,300,"{'bootstrap': True, 'max_depth': 110, 'max_features': 3, 'min_samples_leaf': 5, 'min_samples_split': 8, 'n_estimators': 300}",0.625,0.625,0.75,0.75,0.7416666666666667,0.6983333333333334,0.05995368582868316,132
2.9522488117218018,0.10622639793611978,0.08922715187072754,0.00564268910969194,True,110,3,5,8,1000,"{'bootstrap': True, 'max_depth': 110, 'max_features': 3, 'min_samples_leaf': 5, 'min_samples_split': 8, 'n_estimators': 1000}",0.625,0.625,0.75,0.7333333333333333,0.7416666666666667,0.6950000000000001,0.05739725119240855,145
0.29949369430541994,0.010081628162159064,0.012870693206787109,0.0024658386309015286,True,110,3,5,10,100,"{'bootstrap': True, 'max_depth': 110, 'max_features': 3, 'min_samples_leaf': 5, 'min_samples_split': 10, 'n_estimators': 100}",0.625,0.5,0.7666666666666667,0.6833333333333333,0.825,0.68,0.11311253000638101,233
0.595674467086792,0.02028007529119721,0.01914982795715332,0.0010788667676445436,True,110,3,5,10,200,"{'bootstrap': True, 'max_depth': 110, 'max_features': 3, 'min_samples_leaf': 5, 'min_samples_split': 10, 'n_estimators': 200}",0.6833333333333333,0.625,0.75,0.75,0.8083333333333333,0.7233333333333334,0.06311365409587162,15
0.8656006336212159,0.03726381358975466,0.026964855194091798,0.0013750264871198168,True,110,3,5,10,300,"{'bootstrap': True, 'max_depth': 110, 'max_features': 3, 'min_samples_leaf': 5, 'min_samples_split': 10, 'n_estimators': 300}",0.625,0.625,0.75,0.7333333333333333,0.75,0.6966666666666667,0.05883120864907596,141
2.8956097602844237,0.12881679961155681,0.07330389022827148,0.009507119046038829,True,110,3,5,10,1000,"{'bootstrap': True, 'max_depth': 110, 'max_features': 3, 'min_samples_leaf': 5, 'min_samples_split': 10, 'n_estimators': 1000}",0.625,0.625,0.75,0.7333333333333333,0.8083333333333333,0.7083333333333334,0.07245688373094719,88
0.29613447189331055,0.01222770868416483,0.011040687561035156,0.00015880159360442904,True,110,3,5,12,100,"{'bootstrap': True, 'max_depth': 110, 'max_features': 3, 'min_samples_leaf': 5, 'min_samples_split': 12, 'n_estimators': 100}",0.625,0.5666666666666667,0.75,0.75,0.7,0.6783333333333333,0.07218802609235905,243
0.6017661094665527,0.028413242743309836,0.019588613510131837,0.0008670508331943931,True,110,3,5,12,200,"{'bootstrap': True, 'max_depth': 110, 'max_features': 3, 'min_samples_leaf': 5, 'min_samples_split': 12, 'n_estimators': 200}",0.5583333333333333,0.5583333333333333,0.75,0.7333333333333333,0.8083333333333333,0.6816666666666666,0.10373577546396956,230
0.8663708209991455,0.03206989682164412,0.026636171340942382,0.0007137595963870882,True,110,3,5,12,300,"{'bootstrap': True, 'max_depth': 110, 'max_features': 3, 'min_samples_leaf': 5, 'min_samples_split': 12, 'n_estimators': 300}",0.625,0.625,0.75,0.75,0.825,0.7150000000000001,0.0784219357067906,24
2.1111573219299316,0.10586469187750353,0.05104513168334961,0.0008361423174938013,True,110,3,5,12,1000,"{'bootstrap': True, 'max_depth': 110, 'max_features': 3, 'min_samples_leaf': 5, 'min_samples_split': 12, 'n_estimators': 1000}",0.625,0.625,0.75,0.75,0.825,0.7150000000000001,0.0784219357067906,24
