mean_fit_time,std_fit_time,mean_score_time,std_score_time,param_learning_rate,param_max_depth,param_min_samples_split,param_n_estimators,param_subsample,params,split0_test_recall_macro,split1_test_recall_macro,split2_test_recall_macro,split3_test_recall_macro,split4_test_recall_macro,split5_test_recall_macro,split6_test_recall_macro,split7_test_recall_macro,split8_test_recall_macro,split9_test_recall_macro,mean_test_recall_macro,std_test_recall_macro,rank_test_recall_macro
1.1833120346069337,0.0789458505988408,0.007808184623718262,0.002498141139770271,0.01,2,2,50,0.5,"{'learning_rate': 0.01, 'max_depth': 2, 'min_samples_split': 2, 'n_estimators': 50, 'subsample': 0.5}",0.25,0.25,0.25,0.25,0.25,0.25,0.25,0.25,0.5,0.25,0.275,0.075,229
1.6541516304016113,0.09940705521788698,0.005384898185729981,0.0005299139251095915,0.01,2,2,50,1.0,"{'learning_rate': 0.01, 'max_depth': 2, 'min_samples_split': 2, 'n_estimators': 50, 'subsample': 1.0}",0.25,0.5,0.25,0.25,0.25,0.5,0.25,0.5,0.75,0.5,0.4,0.16583123951777,175
1.7787458419799804,0.11781659518118005,0.005403351783752441,0.00022299472219143793,0.01,2,2,100,0.5,"{'learning_rate': 0.01, 'max_depth': 2, 'min_samples_split': 2, 'n_estimators': 100, 'subsample': 0.5}",0.25,0.5,0.25,0.5,0.25,0.25,0.25,0.5,0.5,0.5,0.375,0.125,195
2.7082592487335204,0.06258890926379612,0.005651354789733887,0.0008151170567664911,0.01,2,2,100,1.0,"{'learning_rate': 0.01, 'max_depth': 2, 'min_samples_split': 2, 'n_estimators': 100, 'subsample': 1.0}",0.25,0.5,0.25,0.25,0.5,0.5,0.25,0.75,0.75,0.75,0.475,0.20766559657295186,85
3.555825448036194,0.16387081404927153,0.005813074111938476,0.00017753950553277208,0.01,2,2,200,0.5,"{'learning_rate': 0.01, 'max_depth': 2, 'min_samples_split': 2, 'n_estimators': 200, 'subsample': 0.5}",0.25,0.5,0.5,0.5,0.25,0.5,0.25,0.5,0.75,0.5,0.45,0.15000000000000002,111
5.401928639411926,0.0962565130465089,0.006215333938598633,0.0008785997474502385,0.01,2,2,200,1.0,"{'learning_rate': 0.01, 'max_depth': 2, 'min_samples_split': 2, 'n_estimators': 200, 'subsample': 1.0}",0.25,0.5,0.25,0.25,0.25,0.5,0.25,0.7444444444444445,0.9972222222222222,0.7472222222222222,0.4738888888888889,0.259573486823536,99
5.090069770812988,0.08446715873060354,0.0063473224639892575,0.0001656667482023519,0.01,2,2,300,0.5,"{'learning_rate': 0.01, 'max_depth': 2, 'min_samples_split': 2, 'n_estimators': 300, 'subsample': 0.5}",0.25,0.5,0.5,0.5,0.25,0.5,0.25,0.49722222222222223,0.75,0.75,0.47472222222222216,0.17496229752594003,87
7.244730114936829,0.3461373143742157,0.005214810371398926,0.00013528166202281938,0.01,2,2,300,1.0,"{'learning_rate': 0.01, 'max_depth': 2, 'min_samples_split': 2, 'n_estimators': 300, 'subsample': 1.0}",0.25,0.5,0.25,0.25,0.25,0.5,0.25,0.7444444444444445,0.9972222222222222,0.7444444444444445,0.4736111111111111,0.2592821583802499,101
7.19242160320282,0.18499130528419708,0.0063282489776611325,0.0003055164960942088,0.01,2,2,500,0.5,"{'learning_rate': 0.01, 'max_depth': 2, 'min_samples_split': 2, 'n_estimators': 500, 'subsample': 0.5}",0.25,0.5,0.5,0.5,0.25,0.5,0.25,0.49444444444444446,0.75,0.75,0.47444444444444445,0.17492855684535902,91
11.427743244171143,0.22746503092255085,0.006286454200744629,0.00020091091165618728,0.01,2,2,500,1.0,"{'learning_rate': 0.01, 'max_depth': 2, 'min_samples_split': 2, 'n_estimators': 500, 'subsample': 1.0}",0.25,0.5,0.25,0.25,0.25,0.5,0.25,0.49444444444444446,0.9972222222222222,0.7444444444444445,0.44861111111111107,0.24353761719219952,140
0.6975408077239991,0.032045746570490245,0.004108691215515136,9.186632929779207e-05,0.01,2,5,50,0.5,"{'learning_rate': 0.01, 'max_depth': 2, 'min_samples_split': 5, 'n_estimators': 50, 'subsample': 0.5}",0.25,0.25,0.25,0.25,0.25,0.25,0.25,0.25,0.5,0.25,0.275,0.075,229
1.1893793106079102,0.064476340818424,0.00423884391784668,0.000242845983453377,0.01,2,5,50,1.0,"{'learning_rate': 0.01, 'max_depth': 2, 'min_samples_split': 5, 'n_estimators': 50, 'subsample': 1.0}",0.25,0.5,0.25,0.25,0.25,0.5,0.25,0.5,0.75,0.5,0.4,0.16583123951777,175
1.4662926197052002,0.05376442008563969,0.004661726951599121,0.00014830778030414704,0.01,2,5,100,0.5,"{'learning_rate': 0.01, 'max_depth': 2, 'min_samples_split': 5, 'n_estimators': 100, 'subsample': 0.5}",0.25,0.5,0.25,0.5,0.5,0.25,0.25,0.5,0.5,0.5,0.4,0.12247448713915891,175
2.184074544906616,0.014149957066405741,0.0045569419860839845,0.00014746700060603367,0.01,2,5,100,1.0,"{'learning_rate': 0.01, 'max_depth': 2, 'min_samples_split': 5, 'n_estimators': 100, 'subsample': 1.0}",0.25,0.5,0.25,0.25,0.5,0.5,0.25,0.75,0.75,0.75,0.475,0.20766559657295186,85
2.8217230796813966,0.053518996238409194,0.005010271072387695,0.00016707033545576507,0.01,2,5,200,0.5,"{'learning_rate': 0.01, 'max_depth': 2, 'min_samples_split': 5, 'n_estimators': 200, 'subsample': 0.5}",0.25,0.5,0.5,0.5,0.25,0.5,0.25,0.49722222222222223,0.75,0.5,0.4497222222222222,0.1499096950389356,117
4.526254177093506,0.0945699374573645,0.004986190795898437,0.0002010578717899476,0.01,2,5,200,1.0,"{'learning_rate': 0.01, 'max_depth': 2, 'min_samples_split': 5, 'n_estimators': 200, 'subsample': 1.0}",0.25,0.5,0.25,0.25,0.25,0.5,0.25,0.7444444444444445,0.9972222222222222,0.75,0.47416666666666674,0.2598671609842704,94
4.297174501419067,0.07126490640852065,0.0054521322250366214,0.00010164650865099697,0.01,2,5,300,0.5,"{'learning_rate': 0.01, 'max_depth': 2, 'min_samples_split': 5, 'n_estimators': 300, 'subsample': 0.5}",0.25,0.5,0.5,0.5,0.25,0.5,0.25,0.49444444444444446,0.75,0.75,0.47444444444444445,0.17492855684535902,91
6.850210523605346,0.17442783592539246,0.005467724800109863,0.00017361594601867687,0.01,2,5,300,1.0,"{'learning_rate': 0.01, 'max_depth': 2, 'min_samples_split': 5, 'n_estimators': 300, 'subsample': 1.0}",0.25,0.5,0.25,0.25,0.25,0.5,0.25,0.7444444444444445,0.9972222222222222,0.7444444444444445,0.4736111111111111,0.2592821583802499,101
7.370271492004394,0.15391388480325424,0.006366086006164551,0.00021837163740843606,0.01,2,5,500,0.5,"{'learning_rate': 0.01, 'max_depth': 2, 'min_samples_split': 5, 'n_estimators': 500, 'subsample': 0.5}",0.25,0.5,0.5,0.5,0.25,0.5,0.25,0.49444444444444446,0.75,0.75,0.47444444444444445,0.17492855684535902,91
11.54631953239441,0.16444391692417804,0.007188200950622559,0.002394423643935664,0.01,2,5,500,1.0,"{'learning_rate': 0.01, 'max_depth': 2, 'min_samples_split': 5, 'n_estimators': 500, 'subsample': 1.0}",0.25,0.5,0.25,0.25,0.5,0.5,0.25,0.7444444444444445,0.9972222222222222,0.7444444444444445,0.49861111111111117,0.2483378386367358,77
0.7633590221405029,0.07098157876777886,0.004196524620056152,8.654103449091559e-05,0.01,2,10,50,0.5,"{'learning_rate': 0.01, 'max_depth': 2, 'min_samples_split': 10, 'n_estimators': 50, 'subsample': 0.5}",0.25,0.25,0.25,0.25,0.5,0.25,0.25,0.25,0.25,0.25,0.275,0.075,229
1.201797604560852,0.07502781414416655,0.004299354553222656,0.00022502922086223878,0.01,2,10,50,1.0,"{'learning_rate': 0.01, 'max_depth': 2, 'min_samples_split': 10, 'n_estimators': 50, 'subsample': 1.0}",0.25,0.5,0.25,0.25,0.25,0.5,0.25,0.5,0.75,0.5,0.4,0.16583123951777,175
1.4636395215988158,0.08136300113269952,0.005037569999694824,0.0011756690290960217,0.01,2,10,100,0.5,"{'learning_rate': 0.01, 'max_depth': 2, 'min_samples_split': 10, 'n_estimators': 100, 'subsample': 0.5}",0.25,0.25,0.25,0.5,0.25,0.5,0.25,0.5,0.5,0.75,0.4,0.16583123951777,175
2.3213087558746337,0.06617942552231791,0.004623723030090332,8.068403517847767e-05,0.01,2,10,100,1.0,"{'learning_rate': 0.01, 'max_depth': 2, 'min_samples_split': 10, 'n_estimators': 100, 'subsample': 1.0}",0.25,0.5,0.25,0.5,0.5,0.5,0.25,0.75,0.75,0.75,0.5,0.19364916731037085,52
2.8846944093704225,0.039987344901575975,0.004998135566711426,0.00016533375446492406,0.01,2,10,200,0.5,"{'learning_rate': 0.01, 'max_depth': 2, 'min_samples_split': 10, 'n_estimators': 200, 'subsample': 0.5}",0.25,0.25,0.5,0.5,0.25,0.5,0.25,0.5,0.75,0.75,0.45,0.18708286933869706,111
4.474473714828491,0.055946047830859186,0.005010843276977539,0.000136584841393769,0.01,2,10,200,1.0,"{'learning_rate': 0.01, 'max_depth': 2, 'min_samples_split': 10, 'n_estimators': 200, 'subsample': 1.0}",0.25,0.5,0.25,0.25,0.25,0.5,0.25,0.7444444444444445,0.9972222222222222,0.75,0.47416666666666674,0.2598671609842704,94
4.529605746269226,0.2208061306844696,0.005689740180969238,0.00020491111526253357,0.01,2,10,300,0.5,"{'learning_rate': 0.01, 'max_depth': 2, 'min_samples_split': 10, 'n_estimators': 300, 'subsample': 0.5}",0.25,0.25,0.5,0.5,0.25,0.5,0.25,0.49444444444444446,0.75,0.75,0.4494444444444444,0.18694176157889983,127
7.178321790695191,0.25578213267726335,0.0056340694427490234,0.000264062477460615,0.01,2,10,300,1.0,"{'learning_rate': 0.01, 'max_depth': 2, 'min_samples_split': 10, 'n_estimators': 300, 'subsample': 1.0}",0.25,0.5,0.25,0.25,0.25,0.5,0.25,0.7444444444444445,0.9972222222222222,0.7472222222222222,0.4738888888888889,0.259573486823536,99
7.744928455352783,0.297160595638065,0.007613635063171387,0.0036768102919082814,0.01,2,10,500,0.5,"{'learning_rate': 0.01, 'max_depth': 2, 'min_samples_split': 10, 'n_estimators': 500, 'subsample': 0.5}",0.25,0.25,0.5,0.5,0.25,0.5,0.25,0.49444444444444446,0.75,0.75,0.4494444444444444,0.18694176157889983,127
11.616103863716125,0.3548450655270728,0.006323766708374023,0.00010116152849764468,0.01,2,10,500,1.0,"{'learning_rate': 0.01, 'max_depth': 2, 'min_samples_split': 10, 'n_estimators': 500, 'subsample': 1.0}",0.25,0.5,0.25,0.25,0.5,0.5,0.25,0.7444444444444445,0.9972222222222222,0.7444444444444445,0.49861111111111117,0.2483378386367358,77
1.6169697523117066,0.04588256767539442,0.004352927207946777,0.00016223627517057614,0.01,5,2,50,0.5,"{'learning_rate': 0.01, 'max_depth': 5, 'min_samples_split': 2, 'n_estimators': 50, 'subsample': 0.5}",0.25,0.25,0.25,0.25,0.25,0.25,0.25,0.25,0.5,0.25,0.275,0.075,229
2.2496479749679565,0.24154759828104636,0.00431671142578125,0.0001382365313846846,0.01,5,2,50,1.0,"{'learning_rate': 0.01, 'max_depth': 5, 'min_samples_split': 2, 'n_estimators': 50, 'subsample': 1.0}",0.25,0.25,0.5,0.25,0.5,0.25,0.25,0.7472222222222222,0.5,0.25,0.37472222222222223,0.1670848919295551,199
3.22566397190094,0.09475793601699732,0.0049729585647583004,0.00018536796752156918,0.01,5,2,100,0.5,"{'learning_rate': 0.01, 'max_depth': 5, 'min_samples_split': 2, 'n_estimators': 100, 'subsample': 0.5}",0.25,0.25,0.25,0.25,0.25,0.25,0.25,0.5,0.5,0.5,0.325,0.11456439237389601,220
4.767316627502441,0.5072541700706736,0.005357050895690918,0.001253887723785953,0.01,5,2,100,1.0,"{'learning_rate': 0.01, 'max_depth': 5, 'min_samples_split': 2, 'n_estimators': 100, 'subsample': 1.0}",0.25,0.75,0.5,0.25,0.5,0.49722222222222223,0.25,0.7472222222222222,0.5,0.49722222222222223,0.47416666666666674,0.17448800765329064,94
6.5980723857879635,0.1284661170319251,0.0065974235534667965,0.0023610537458725123,0.01,5,2,200,0.5,"{'learning_rate': 0.01, 'max_depth': 5, 'min_samples_split': 2, 'n_estimators': 200, 'subsample': 0.5}",0.25,0.5,0.5,0.5,0.25,0.5,0.5,0.5,0.5,0.5,0.45,0.1,111
9.436445713043213,0.8644774750477489,0.005724215507507324,0.0008833029159072336,0.01,5,2,200,1.0,"{'learning_rate': 0.01, 'max_depth': 5, 'min_samples_split': 2, 'n_estimators': 200, 'subsample': 1.0}",0.25,0.75,0.5,0.25,0.5,0.7472222222222222,0.25,0.7472222222222222,0.75,0.7472222222222222,0.5491666666666667,0.21718261218853835,27
9.60732660293579,0.13655288423833087,0.006345963478088379,0.00015230019276845535,0.01,5,2,300,0.5,"{'learning_rate': 0.01, 'max_depth': 5, 'min_samples_split': 2, 'n_estimators': 300, 'subsample': 0.5}",0.25,0.5,0.5,0.5,0.25,0.5,0.25,0.5,0.5,0.5,0.425,0.11456439237389598,150
14.052154040336609,1.663758127618071,0.007662200927734375,0.002332493894105783,0.01,5,2,300,1.0,"{'learning_rate': 0.01, 'max_depth': 5, 'min_samples_split': 2, 'n_estimators': 300, 'subsample': 1.0}",0.25,0.75,0.5,0.25,0.5,0.7472222222222222,0.25,0.7472222222222222,0.75,0.7472222222222222,0.5491666666666667,0.21718261218853835,27
16.37715709209442,0.24486705548807672,0.00793614387512207,0.0002162376126831947,0.01,5,2,500,0.5,"{'learning_rate': 0.01, 'max_depth': 5, 'min_samples_split': 2, 'n_estimators': 500, 'subsample': 0.5}",0.25,0.5,0.5,0.5,0.25,0.5,0.25,0.49722222222222223,0.5,0.5,0.42472222222222217,0.11438543516452512,152
23.31415777206421,2.3799551421284493,0.007652759552001953,0.0004728307498938735,0.01,5,2,500,1.0,"{'learning_rate': 0.01, 'max_depth': 5, 'min_samples_split': 2, 'n_estimators': 500, 'subsample': 1.0}",0.25,0.75,0.5,0.25,0.5,0.7472222222222222,0.25,0.7472222222222222,0.75,0.7472222222222222,0.5491666666666667,0.21718261218853835,27
1.5581712245941162,0.062323231669858745,0.004513788223266602,0.0007758301080873154,0.01,5,5,50,0.5,"{'learning_rate': 0.01, 'max_depth': 5, 'min_samples_split': 5, 'n_estimators': 50, 'subsample': 0.5}",0.25,0.25,0.25,0.25,0.25,0.25,0.25,0.25,0.25,0.25,0.25,0.0,234
2.4846537351608275,0.2859075785718669,0.004492259025573731,0.0002933692021066286,0.01,5,5,50,1.0,"{'learning_rate': 0.01, 'max_depth': 5, 'min_samples_split': 5, 'n_estimators': 50, 'subsample': 1.0}",0.25,0.25,0.25,0.25,0.5,0.25,0.25,0.7472222222222222,0.5,0.25,0.3497222222222222,0.16516195755143562,214
3.3383570194244383,0.15041385337886565,0.0052767515182495115,0.0012419542025957518,0.01,5,5,100,0.5,"{'learning_rate': 0.01, 'max_depth': 5, 'min_samples_split': 5, 'n_estimators': 100, 'subsample': 0.5}",0.25,0.25,0.25,0.25,0.25,0.25,0.25,0.5,0.5,0.5,0.325,0.11456439237389601,220
4.863264799118042,0.45312591396526997,0.004753303527832031,0.00011599424313456215,0.01,5,5,100,1.0,"{'learning_rate': 0.01, 'max_depth': 5, 'min_samples_split': 5, 'n_estimators': 100, 'subsample': 1.0}",0.25,0.25,0.25,0.25,0.5,0.49722222222222223,0.25,0.7472222222222222,0.5,0.49722222222222223,0.39916666666666667,0.1649122943106875,185
6.246350264549255,0.10238753551317178,0.005485224723815918,0.00018959206863700234,0.01,5,5,200,0.5,"{'learning_rate': 0.01, 'max_depth': 5, 'min_samples_split': 5, 'n_estimators': 200, 'subsample': 0.5}",0.25,0.5,0.5,0.5,0.25,0.5,0.25,0.49722222222222223,0.5,0.5,0.42472222222222217,0.11438543516452512,152
9.789285230636597,0.9739611241594823,0.005537700653076172,0.00027641910753574433,0.01,5,5,200,1.0,"{'learning_rate': 0.01, 'max_depth': 5, 'min_samples_split': 5, 'n_estimators': 200, 'subsample': 1.0}",0.25,0.75,0.25,0.5,0.5,0.49722222222222223,0.25,0.7472222222222222,0.75,0.49722222222222223,0.4991666666666667,0.1932944165812388,57
9.525981545448303,0.1954997424856749,0.006937408447265625,0.0018098524859432538,0.01,5,5,300,0.5,"{'learning_rate': 0.01, 'max_depth': 5, 'min_samples_split': 5, 'n_estimators': 300, 'subsample': 0.5}",0.25,0.5,0.5,0.5,0.25,0.5,0.25,0.49722222222222223,0.5,0.75,0.4497222222222222,0.1499096950389356,117
14.887886452674866,1.2383476774203999,0.0071086883544921875,0.0025963053745603304,0.01,5,5,300,1.0,"{'learning_rate': 0.01, 'max_depth': 5, 'min_samples_split': 5, 'n_estimators': 300, 'subsample': 1.0}",0.25,0.75,0.25,0.5,0.5,0.7472222222222222,0.25,0.7472222222222222,0.75,0.49722222222222223,0.5241666666666667,0.2071002396407577,39
15.678019905090332,0.14597186363575787,0.009476637840270996,0.0035550951075693864,0.01,5,5,500,0.5,"{'learning_rate': 0.01, 'max_depth': 5, 'min_samples_split': 5, 'n_estimators': 500, 'subsample': 0.5}",0.25,0.5,0.5,0.5,0.25,0.5,0.25,0.49722222222222223,0.75,0.75,0.47472222222222216,0.17496229752594003,87
24.550963258743288,2.358781685264746,0.008085203170776368,0.0011590129895084481,0.01,5,5,500,1.0,"{'learning_rate': 0.01, 'max_depth': 5, 'min_samples_split': 5, 'n_estimators': 500, 'subsample': 1.0}",0.5,0.75,0.25,0.5,0.5,0.7472222222222222,0.25,0.7472222222222222,1.0,0.7472222222222222,0.5991666666666667,0.22858613337289377,4
1.5365142822265625,0.07828405929074203,0.004723262786865234,0.0013509670674321788,0.01,5,10,50,0.5,"{'learning_rate': 0.01, 'max_depth': 5, 'min_samples_split': 10, 'n_estimators': 50, 'subsample': 0.5}",0.25,0.25,0.25,0.25,0.25,0.25,0.25,0.25,0.5,0.25,0.275,0.075,229
2.4834224224090575,0.18614176383507966,0.0047187328338623045,0.0013568135885505216,0.01,5,10,50,1.0,"{'learning_rate': 0.01, 'max_depth': 5, 'min_samples_split': 10, 'n_estimators': 50, 'subsample': 1.0}",0.25,0.5,0.25,0.25,0.5,0.25,0.25,0.75,0.5,0.5,0.4,0.16583123951777,175
2.9682551622390747,0.022493617543412902,0.0047242164611816405,0.00014210742557158404,0.01,5,10,100,0.5,"{'learning_rate': 0.01, 'max_depth': 5, 'min_samples_split': 10, 'n_estimators': 100, 'subsample': 0.5}",0.25,0.25,0.25,0.25,0.5,0.5,0.25,0.5,0.5,0.5,0.375,0.125,195
5.277149367332458,0.3186303615252562,0.005661439895629883,0.0026583162649269723,0.01,5,10,100,1.0,"{'learning_rate': 0.01, 'max_depth': 5, 'min_samples_split': 10, 'n_estimators': 100, 'subsample': 1.0}",0.25,0.5,0.25,0.25,0.5,0.5,0.25,0.7472222222222222,0.75,1.0,0.4997222222222222,0.24972345816033292,53
6.155205655097961,0.12494849886495055,0.00539693832397461,0.00016236389960965606,0.01,5,10,200,0.5,"{'learning_rate': 0.01, 'max_depth': 5, 'min_samples_split': 10, 'n_estimators': 200, 'subsample': 0.5}",0.25,0.5,0.25,0.5,0.25,0.5,0.25,0.49722222222222223,0.75,0.75,0.4497222222222222,0.18701047207754615,117
10.553062033653259,0.3579616952036437,0.006325984001159668,0.0027926172013948594,0.01,5,10,200,1.0,"{'learning_rate': 0.01, 'max_depth': 5, 'min_samples_split': 10, 'n_estimators': 200, 'subsample': 1.0}",0.25,0.5,0.25,0.25,0.5,0.5,0.24722222222222223,0.7472222222222222,0.75,1.0,0.49944444444444447,0.25000246912360935,54
9.171404767036439,0.1455601881243773,0.006092166900634766,0.00014257882343918888,0.01,5,10,300,0.5,"{'learning_rate': 0.01, 'max_depth': 5, 'min_samples_split': 10, 'n_estimators': 300, 'subsample': 0.5}",0.25,0.25,0.5,0.5,0.25,0.5,0.25,0.49722222222222223,0.75,0.75,0.4497222222222222,0.18701047207754615,117
15.711777687072754,0.4242038490111298,0.007082915306091309,0.0026171062327162813,0.01,5,10,300,1.0,"{'learning_rate': 0.01, 'max_depth': 5, 'min_samples_split': 10, 'n_estimators': 300, 'subsample': 1.0}",0.5,0.5,0.25,0.5,0.5,0.5,0.24722222222222223,0.7472222222222222,0.75,1.0,0.5494444444444444,0.21807519373706125,26
15.489789295196534,0.18516268617574347,0.0075714349746704105,0.00014513126425321708,0.01,5,10,500,0.5,"{'learning_rate': 0.01, 'max_depth': 5, 'min_samples_split': 10, 'n_estimators': 500, 'subsample': 0.5}",0.25,0.25,0.5,0.5,0.25,0.5,0.25,0.49722222222222223,0.75,0.75,0.4497222222222222,0.18701047207754615,117
26.120990657806395,0.6850925333602544,0.007534503936767578,0.00012886973019458442,0.01,5,10,500,1.0,"{'learning_rate': 0.01, 'max_depth': 5, 'min_samples_split': 10, 'n_estimators': 500, 'subsample': 1.0}",0.5,0.75,0.25,0.5,0.5,0.5,0.49722222222222223,0.7472222222222222,1.0,1.0,0.6244444444444445,0.23049128957056325,3
2.9921085357666017,0.13894894416083003,0.0044795751571655275,0.00016484047622397784,0.01,10,2,50,0.5,"{'learning_rate': 0.01, 'max_depth': 10, 'min_samples_split': 2, 'n_estimators': 50, 'subsample': 0.5}",0.25,0.25,0.25,0.25,0.25,0.25,0.25,0.25,0.25,0.25,0.25,0.0,234
2.2623614072799683,0.2934121252886205,0.0048678874969482425,0.0016353067640436584,0.01,10,2,50,1.0,"{'learning_rate': 0.01, 'max_depth': 10, 'min_samples_split': 2, 'n_estimators': 50, 'subsample': 1.0}",0.25,0.25,0.25,0.25,0.5,0.25,0.25,0.7472222222222222,0.5,0.25,0.3497222222222222,0.16516195755143562,214
6.062115263938904,0.10218723667385897,0.005422854423522949,0.00019182526666681056,0.01,10,2,100,0.5,"{'learning_rate': 0.01, 'max_depth': 10, 'min_samples_split': 2, 'n_estimators': 100, 'subsample': 0.5}",0.25,0.25,0.25,0.25,0.25,0.25,0.25,0.5,0.5,0.25,0.3,0.1,227
4.405215716361999,0.4205637695981707,0.004805946350097656,0.0001965091922779925,0.01,10,2,100,1.0,"{'learning_rate': 0.01, 'max_depth': 10, 'min_samples_split': 2, 'n_estimators': 100, 'subsample': 1.0}",0.25,0.75,0.25,0.25,0.5,0.5,0.25,0.7472222222222222,0.5,0.49722222222222223,0.4494444444444444,0.18656577961527884,127
12.331435203552246,0.18064732577420675,0.007168102264404297,0.001124640603700476,0.01,10,2,200,0.5,"{'learning_rate': 0.01, 'max_depth': 10, 'min_samples_split': 2, 'n_estimators': 200, 'subsample': 0.5}",0.25,0.5,0.5,0.5,0.25,0.5,0.25,0.5,0.5,0.75,0.45,0.15000000000000002,111
9.170853996276856,0.8615103195463045,0.005728793144226074,0.001126502470963236,0.01,10,2,200,1.0,"{'learning_rate': 0.01, 'max_depth': 10, 'min_samples_split': 2, 'n_estimators': 200, 'subsample': 1.0}",0.25,0.75,0.25,0.25,0.5,0.49722222222222223,0.25,0.7472222222222222,0.75,0.7472222222222222,0.4991666666666667,0.22298843600642745,57
19.775092434883117,0.6201109709707344,0.009439420700073243,0.003156041126405821,0.01,10,2,300,0.5,"{'learning_rate': 0.01, 'max_depth': 10, 'min_samples_split': 2, 'n_estimators': 300, 'subsample': 0.5}",0.25,0.5,0.5,0.5,0.25,0.5,0.25,0.5,0.5,0.75,0.45,0.15000000000000002,111
14.178775238990784,1.1702303996477685,0.0061156988143920895,0.00023783269540206573,0.01,10,2,300,1.0,"{'learning_rate': 0.01, 'max_depth': 10, 'min_samples_split': 2, 'n_estimators': 300, 'subsample': 1.0}",0.25,0.75,0.25,0.25,0.5,0.7472222222222222,0.25,0.7472222222222222,0.75,0.7472222222222222,0.5241666666666667,0.23505663226203677,39
31.404283142089845,0.37383044213091127,0.011641144752502441,0.0033924319003507102,0.01,10,2,500,0.5,"{'learning_rate': 0.01, 'max_depth': 10, 'min_samples_split': 2, 'n_estimators': 500, 'subsample': 0.5}",0.25,0.5,0.5,0.5,0.25,0.5,0.25,0.49722222222222223,0.5,0.75,0.4497222222222222,0.1499096950389356,117
22.407801580429076,2.253244657985669,0.00825655460357666,0.0025312147465471487,0.01,10,2,500,1.0,"{'learning_rate': 0.01, 'max_depth': 10, 'min_samples_split': 2, 'n_estimators': 500, 'subsample': 1.0}",0.25,0.75,0.25,0.25,0.5,0.7472222222222222,0.25,0.7472222222222222,0.75,0.7472222222222222,0.5241666666666667,0.23505663226203677,39
2.846031975746155,0.13097631318343084,0.005039596557617187,0.0012364271345817579,0.01,10,5,50,0.5,"{'learning_rate': 0.01, 'max_depth': 10, 'min_samples_split': 5, 'n_estimators': 50, 'subsample': 0.5}",0.25,0.25,0.25,0.25,0.25,0.25,0.25,0.25,0.25,0.25,0.25,0.0,234
2.6929779291152953,0.4012952430437212,0.00437312126159668,0.00018607062700887092,0.01,10,5,50,1.0,"{'learning_rate': 0.01, 'max_depth': 10, 'min_samples_split': 5, 'n_estimators': 50, 'subsample': 1.0}",0.25,0.25,0.25,0.25,0.5,0.25,0.25,0.7472222222222222,0.25,0.25,0.32472222222222225,0.15934109116399742,224
5.592949151992798,0.057421384396000266,0.006034731864929199,0.0014071062196420417,0.01,10,5,100,0.5,"{'learning_rate': 0.01, 'max_depth': 10, 'min_samples_split': 5, 'n_estimators': 100, 'subsample': 0.5}",0.25,0.25,0.25,0.25,0.25,0.25,0.25,0.5,0.5,0.5,0.325,0.11456439237389601,220
5.694867563247681,0.8360940165823868,0.004973292350769043,0.00015917768737507324,0.01,10,5,100,1.0,"{'learning_rate': 0.01, 'max_depth': 10, 'min_samples_split': 5, 'n_estimators': 100, 'subsample': 1.0}",0.25,0.25,0.25,0.25,0.5,0.49722222222222223,0.25,0.7472222222222222,0.75,0.49722222222222223,0.4241666666666667,0.19458348203658368,160
11.776838374137878,0.13741634121366705,0.00726165771484375,0.0028320877959701857,0.01,10,5,200,0.5,"{'learning_rate': 0.01, 'max_depth': 10, 'min_samples_split': 5, 'n_estimators': 200, 'subsample': 0.5}",0.25,0.5,0.25,0.5,0.25,0.5,0.25,0.5,0.5,0.5,0.4,0.12247448713915891,175
11.237428760528564,1.7975692174839373,0.005610871315002442,0.00018949163244878344,0.01,10,5,200,1.0,"{'learning_rate': 0.01, 'max_depth': 10, 'min_samples_split': 5, 'n_estimators': 200, 'subsample': 1.0}",0.25,0.75,0.25,0.5,0.5,0.49722222222222223,0.25,0.7472222222222222,0.75,0.49722222222222223,0.4991666666666667,0.1932944165812388,57
17.378354907035828,0.19046008229088912,0.007708287239074707,0.0003657663716858649,0.01,10,5,300,0.5,"{'learning_rate': 0.01, 'max_depth': 10, 'min_samples_split': 5, 'n_estimators': 300, 'subsample': 0.5}",0.25,0.5,0.25,0.5,0.25,0.5,0.25,0.49722222222222223,0.5,0.75,0.42472222222222217,0.1599500790177291,152
17.21598036289215,2.785776265946615,0.007343959808349609,0.0023201123315699512,0.01,10,5,300,1.0,"{'learning_rate': 0.01, 'max_depth': 10, 'min_samples_split': 5, 'n_estimators': 300, 'subsample': 1.0}",0.25,0.75,0.25,0.5,0.5,0.7472222222222222,0.25,0.7472222222222222,0.75,0.7472222222222222,0.5491666666666667,0.21718261218853835,27
29.16172115802765,0.3515600166334412,0.009744071960449218,0.00023629764364807115,0.01,10,5,500,0.5,"{'learning_rate': 0.01, 'max_depth': 10, 'min_samples_split': 5, 'n_estimators': 500, 'subsample': 0.5}",0.25,0.5,0.5,0.5,0.25,0.5,0.25,0.49722222222222223,0.75,0.75,0.47472222222222216,0.17496229752594003,87
28.487013173103332,4.774904040431389,0.008157992362976074,0.00040032915301957216,0.01,10,5,500,1.0,"{'learning_rate': 0.01, 'max_depth': 10, 'min_samples_split': 5, 'n_estimators': 500, 'subsample': 1.0}",0.25,0.75,0.25,0.5,0.5,0.7472222222222222,0.25,0.7472222222222222,1.0,0.7472222222222222,0.5741666666666667,0.2506690122526191,10
2.80560986995697,0.16590309800180003,0.005049467086791992,0.0012684312925580435,0.01,10,10,50,0.5,"{'learning_rate': 0.01, 'max_depth': 10, 'min_samples_split': 10, 'n_estimators': 50, 'subsample': 0.5}",0.25,0.25,0.25,0.25,0.25,0.25,0.25,0.25,0.25,0.25,0.25,0.0,234
3.357447385787964,0.570745756963265,0.004462623596191406,0.00030175943996523354,0.01,10,10,50,1.0,"{'learning_rate': 0.01, 'max_depth': 10, 'min_samples_split': 10, 'n_estimators': 50, 'subsample': 1.0}",0.25,0.5,0.25,0.25,0.5,0.25,0.25,0.75,0.5,0.5,0.4,0.16583123951777,175
5.643084001541138,0.2574532651259242,0.005179762840270996,0.0001863832953331932,0.01,10,10,100,0.5,"{'learning_rate': 0.01, 'max_depth': 10, 'min_samples_split': 10, 'n_estimators': 100, 'subsample': 0.5}",0.25,0.25,0.25,0.5,0.25,0.5,0.25,0.5,0.5,0.5,0.375,0.125,195
6.997210955619812,1.0331877641328147,0.005710911750793457,0.0022185962267025103,0.01,10,10,100,1.0,"{'learning_rate': 0.01, 'max_depth': 10, 'min_samples_split': 10, 'n_estimators': 100, 'subsample': 1.0}",0.5,0.5,0.25,0.25,0.5,0.5,0.25,0.7472222222222222,0.75,1.0,0.5247222222222222,0.2355858536594344,37
11.244372701644897,0.15188222902871423,0.006737351417541504,0.0015537319769264172,0.01,10,10,200,0.5,"{'learning_rate': 0.01, 'max_depth': 10, 'min_samples_split': 10, 'n_estimators': 200, 'subsample': 0.5}",0.25,0.5,0.25,0.5,0.25,0.5,0.25,0.49722222222222223,0.5,0.75,0.42472222222222217,0.1599500790177291,152
15.750410676002502,2.1716553655163167,0.006469297409057617,0.001993292882869219,0.01,10,10,200,1.0,"{'learning_rate': 0.01, 'max_depth': 10, 'min_samples_split': 10, 'n_estimators': 200, 'subsample': 1.0}",0.25,0.5,0.25,0.25,0.5,0.5,0.24722222222222223,0.7472222222222222,0.7472222222222222,1.0,0.4991666666666667,0.24972531205602985,57
16.84785385131836,0.1806322061065152,0.007688379287719727,0.0010946395006421097,0.01,10,10,300,0.5,"{'learning_rate': 0.01, 'max_depth': 10, 'min_samples_split': 10, 'n_estimators': 300, 'subsample': 0.5}",0.25,0.25,0.25,0.5,0.25,0.5,0.25,0.49722222222222223,0.75,0.75,0.42472222222222217,0.1951512945839145,152
24.358004689216614,2.5571626674062196,0.006962895393371582,0.00022598125543168605,0.01,10,10,300,1.0,"{'learning_rate': 0.01, 'max_depth': 10, 'min_samples_split': 10, 'n_estimators': 300, 'subsample': 1.0}",0.25,0.5,0.25,0.25,0.5,0.5,0.24722222222222223,0.7472222222222222,0.75,1.0,0.49944444444444447,0.25000246912360935,54
28.55904276371002,0.21851249592001323,0.009539556503295899,0.00018734336041580394,0.01,10,10,500,0.5,"{'learning_rate': 0.01, 'max_depth': 10, 'min_samples_split': 10, 'n_estimators': 500, 'subsample': 0.5}",0.25,0.25,0.5,0.5,0.25,0.5,0.25,0.49722222222222223,0.75,0.75,0.4497222222222222,0.18701047207754615,117
41.409383630752565,3.147631882624576,0.00899975299835205,0.00038773035086234404,0.01,10,10,500,1.0,"{'learning_rate': 0.01, 'max_depth': 10, 'min_samples_split': 10, 'n_estimators': 500, 'subsample': 1.0}",0.25,0.5,0.25,0.5,0.5,0.5,0.24722222222222223,0.7472222222222222,0.7472222222222222,1.0,0.5241666666666667,0.23564676562208137,39
5.552310180664063,0.4025958795354728,0.005015230178833008,0.00015059496616421438,0.01,50,2,50,0.5,"{'learning_rate': 0.01, 'max_depth': 50, 'min_samples_split': 2, 'n_estimators': 50, 'subsample': 0.5}",0.25,0.25,0.25,0.25,0.25,0.25,0.25,0.25,0.25,0.25,0.25,0.0,234
2.1567389011383056,0.22316644751515136,0.004308128356933593,0.0003004920779605279,0.01,50,2,50,1.0,"{'learning_rate': 0.01, 'max_depth': 50, 'min_samples_split': 2, 'n_estimators': 50, 'subsample': 1.0}",0.25,0.25,0.25,0.25,0.5,0.25,0.25,0.7472222222222222,0.5,0.25,0.3497222222222222,0.16516195755143562,214
13.175393176078796,0.7979876774418898,0.007225728034973145,0.0009342663483297553,0.01,50,2,100,0.5,"{'learning_rate': 0.01, 'max_depth': 50, 'min_samples_split': 2, 'n_estimators': 100, 'subsample': 0.5}",0.25,0.25,0.25,0.25,0.25,0.25,0.25,0.5,0.5,0.25,0.3,0.1,227
4.717418575286866,0.48831246886493096,0.0051126241683959964,0.0010097162807071365,0.01,50,2,100,1.0,"{'learning_rate': 0.01, 'max_depth': 50, 'min_samples_split': 2, 'n_estimators': 100, 'subsample': 1.0}",0.25,0.75,0.25,0.25,0.5,0.5,0.25,0.7472222222222222,0.5,0.49722222222222223,0.4494444444444444,0.18656577961527884,127
28.254465651512145,1.4006405064365617,0.010357213020324708,0.001240382638090971,0.01,50,2,200,0.5,"{'learning_rate': 0.01, 'max_depth': 50, 'min_samples_split': 2, 'n_estimators': 200, 'subsample': 0.5}",0.25,0.5,0.25,0.5,0.25,0.5,0.25,0.5,0.5,0.75,0.425,0.16007810593582122,150
8.997419619560242,0.8884190759428665,0.005708742141723633,0.0008844992651792948,0.01,50,2,200,1.0,"{'learning_rate': 0.01, 'max_depth': 50, 'min_samples_split': 2, 'n_estimators': 200, 'subsample': 1.0}",0.25,0.75,0.25,0.25,0.5,0.49722222222222223,0.25,0.7472222222222222,0.75,0.7472222222222222,0.4991666666666667,0.22298843600642745,57
41.69498221874237,1.6594414886513775,0.012454795837402343,0.0004574973205698799,0.01,50,2,300,0.5,"{'learning_rate': 0.01, 'max_depth': 50, 'min_samples_split': 2, 'n_estimators': 300, 'subsample': 0.5}",0.25,0.5,0.5,0.5,0.25,0.5,0.25,0.5,0.5,0.75,0.45,0.15000000000000002,111
13.42855520248413,1.2902278422304283,0.0059926509857177734,0.00012855409514093803,0.01,50,2,300,1.0,"{'learning_rate': 0.01, 'max_depth': 50, 'min_samples_split': 2, 'n_estimators': 300, 'subsample': 1.0}",0.25,0.75,0.25,0.25,0.5,0.7472222222222222,0.25,0.7472222222222222,0.75,0.7472222222222222,0.5241666666666667,0.23505663226203677,39
67.02741401195526,2.765495580945793,0.01722080707550049,0.0006319487710031949,0.01,50,2,500,0.5,"{'learning_rate': 0.01, 'max_depth': 50, 'min_samples_split': 2, 'n_estimators': 500, 'subsample': 0.5}",0.25,0.5,0.5,0.5,0.25,0.5,0.25,0.49722222222222223,0.5,0.75,0.4497222222222222,0.1499096950389356,117
22.583828854560853,2.304811749266454,0.007502460479736328,0.00041988066747715674,0.01,50,2,500,1.0,"{'learning_rate': 0.01, 'max_depth': 50, 'min_samples_split': 2, 'n_estimators': 500, 'subsample': 1.0}",0.25,0.75,0.25,0.25,0.5,0.7472222222222222,0.25,0.7472222222222222,0.75,0.7472222222222222,0.5241666666666667,0.23505663226203677,39
5.847522664070129,0.37290879679916705,0.00505681037902832,0.00020759772022445057,0.01,50,5,50,0.5,"{'learning_rate': 0.01, 'max_depth': 50, 'min_samples_split': 5, 'n_estimators': 50, 'subsample': 0.5}",0.25,0.25,0.25,0.25,0.25,0.25,0.25,0.25,0.25,0.25,0.25,0.0,234
2.7417780637741087,0.4528221717671884,0.004864621162414551,0.0012778591339473726,0.01,50,5,50,1.0,"{'learning_rate': 0.01, 'max_depth': 50, 'min_samples_split': 5, 'n_estimators': 50, 'subsample': 1.0}",0.25,0.25,0.25,0.25,0.5,0.25,0.25,0.7472222222222222,0.25,0.25,0.32472222222222225,0.15934109116399742,224
13.722181868553161,0.7639118898304245,0.006770682334899902,0.00028236640272393475,0.01,50,5,100,0.5,"{'learning_rate': 0.01, 'max_depth': 50, 'min_samples_split': 5, 'n_estimators': 100, 'subsample': 0.5}",0.25,0.25,0.25,0.25,0.5,0.25,0.25,0.5,0.5,0.25,0.325,0.11456439237389598,220
5.481822896003723,0.8465804488101785,0.00488123893737793,0.00022856912509775312,0.01,50,5,100,1.0,"{'learning_rate': 0.01, 'max_depth': 50, 'min_samples_split': 5, 'n_estimators': 100, 'subsample': 1.0}",0.25,0.25,0.25,0.25,0.5,0.49722222222222223,0.25,0.7472222222222222,0.75,0.49722222222222223,0.4241666666666667,0.19458348203658368,160
29.432094478607176,1.4362472721270205,0.009426736831665039,0.00031852893843159626,0.01,50,5,200,0.5,"{'learning_rate': 0.01, 'max_depth': 50, 'min_samples_split': 5, 'n_estimators': 200, 'subsample': 0.5}",0.25,0.5,0.25,0.5,0.25,0.5,0.25,0.49722222222222223,0.5,0.75,0.42472222222222217,0.1599500790177291,152
11.368910837173463,1.9604224797719827,0.005613851547241211,0.0003285394143959717,0.01,50,5,200,1.0,"{'learning_rate': 0.01, 'max_depth': 50, 'min_samples_split': 5, 'n_estimators': 200, 'subsample': 1.0}",0.25,0.75,0.25,0.5,0.5,0.49722222222222223,0.25,0.7472222222222222,0.75,0.49722222222222223,0.4991666666666667,0.1932944165812388,57
43.283550119400026,1.960388863219756,0.012095952033996582,0.0005444578629115673,0.01,50,5,300,0.5,"{'learning_rate': 0.01, 'max_depth': 50, 'min_samples_split': 5, 'n_estimators': 300, 'subsample': 0.5}",0.25,0.5,0.25,0.5,0.25,0.5,0.25,0.49722222222222223,0.5,0.75,0.42472222222222217,0.1599500790177291,152
17.35171549320221,2.6832637405360917,0.006800317764282226,0.0009453637428443509,0.01,50,5,300,1.0,"{'learning_rate': 0.01, 'max_depth': 50, 'min_samples_split': 5, 'n_estimators': 300, 'subsample': 1.0}",0.25,0.75,0.25,0.5,0.5,0.7472222222222222,0.25,0.7472222222222222,0.75,0.7472222222222222,0.5491666666666667,0.21718261218853835,27
69.48913240432739,2.8535413220786343,0.016655635833740235,0.000851966938826304,0.01,50,5,500,0.5,"{'learning_rate': 0.01, 'max_depth': 50, 'min_samples_split': 5, 'n_estimators': 500, 'subsample': 0.5}",0.25,0.5,0.5,0.5,0.25,0.5,0.25,0.49722222222222223,0.75,0.75,0.47472222222222216,0.17496229752594003,87
28.919820761680604,4.680871117621281,0.009409785270690918,0.003173697305959058,0.01,50,5,500,1.0,"{'learning_rate': 0.01, 'max_depth': 50, 'min_samples_split': 5, 'n_estimators': 500, 'subsample': 1.0}",0.25,0.75,0.25,0.5,0.5,0.7472222222222222,0.25,0.7472222222222222,0.75,0.7472222222222222,0.5491666666666667,0.21718261218853835,27
6.028522634506226,0.3488484287415939,0.00557096004486084,0.0013544477769473948,0.01,50,10,50,0.5,"{'learning_rate': 0.01, 'max_depth': 50, 'min_samples_split': 10, 'n_estimators': 50, 'subsample': 0.5}",0.25,0.25,0.25,0.25,0.25,0.25,0.25,0.25,0.25,0.25,0.25,0.0,234
3.3558433771133425,0.5676340837109378,0.0044057369232177734,0.0001825897210205905,0.01,50,10,50,1.0,"{'learning_rate': 0.01, 'max_depth': 50, 'min_samples_split': 10, 'n_estimators': 50, 'subsample': 1.0}",0.25,0.5,0.25,0.25,0.5,0.25,0.25,0.75,0.5,0.5,0.4,0.16583123951777,175
13.850965428352357,0.9716027435748347,0.006586480140686035,0.0003261477111205832,0.01,50,10,100,0.5,"{'learning_rate': 0.01, 'max_depth': 50, 'min_samples_split': 10, 'n_estimators': 100, 'subsample': 0.5}",0.25,0.25,0.25,0.25,0.5,0.5,0.25,0.5,0.5,0.5,0.375,0.125,195
7.061709094047546,1.190530477848832,0.004930567741394043,0.00023393409497992796,0.01,50,10,100,1.0,"{'learning_rate': 0.01, 'max_depth': 50, 'min_samples_split': 10, 'n_estimators': 100, 'subsample': 1.0}",0.5,0.5,0.25,0.25,0.5,0.5,0.25,0.7472222222222222,0.75,1.0,0.5247222222222222,0.2355858536594344,37
30.209441947937012,1.4449560694197117,0.009412288665771484,0.00038966434111196177,0.01,50,10,200,0.5,"{'learning_rate': 0.01, 'max_depth': 50, 'min_samples_split': 10, 'n_estimators': 200, 'subsample': 0.5}",0.25,0.25,0.25,0.5,0.25,0.5,0.25,0.49722222222222223,0.5,0.75,0.3997222222222222,0.16566574446423404,184
16.10761523246765,1.9453435960983532,0.006826448440551758,0.0021871293359719017,0.01,50,10,200,1.0,"{'learning_rate': 0.01, 'max_depth': 50, 'min_samples_split': 10, 'n_estimators': 200, 'subsample': 1.0}",0.25,0.5,0.25,0.25,0.5,0.5,0.24722222222222223,0.7472222222222222,0.7472222222222222,1.0,0.4991666666666667,0.24972531205602985,57
45.05979001522064,1.9971490781750978,0.013834428787231446,0.005243793154344289,0.01,50,10,300,0.5,"{'learning_rate': 0.01, 'max_depth': 50, 'min_samples_split': 10, 'n_estimators': 300, 'subsample': 0.5}",0.25,0.25,0.5,0.5,0.25,0.5,0.25,0.49722222222222223,0.75,0.75,0.4497222222222222,0.18701047207754615,117
25.33750638961792,2.7501007652512413,0.007872247695922851,0.002379927970297379,0.01,50,10,300,1.0,"{'learning_rate': 0.01, 'max_depth': 50, 'min_samples_split': 10, 'n_estimators': 300, 'subsample': 1.0}",0.25,0.5,0.25,0.25,0.5,0.5,0.24722222222222223,0.7472222222222222,0.75,1.0,0.49944444444444447,0.25000246912360935,54
73.2253246307373,3.089412136453368,0.01887362003326416,0.006274970893361063,0.01,50,10,500,0.5,"{'learning_rate': 0.01, 'max_depth': 50, 'min_samples_split': 10, 'n_estimators': 500, 'subsample': 0.5}",0.25,0.25,0.5,0.5,0.25,0.5,0.25,0.49722222222222223,0.75,0.75,0.4497222222222222,0.18701047207754615,117
44.531550192832945,4.5526025795493155,0.009390783309936524,0.0004327630694861867,0.01,50,10,500,1.0,"{'learning_rate': 0.01, 'max_depth': 50, 'min_samples_split': 10, 'n_estimators': 500, 'subsample': 1.0}",0.25,0.5,0.25,0.5,0.5,0.5,0.24722222222222223,0.7472222222222222,0.7472222222222222,1.0,0.5241666666666667,0.23564676562208137,39
0.709924840927124,0.04750946167982249,0.004057884216308594,0.00012927296325621572,0.1,2,2,50,0.5,"{'learning_rate': 0.1, 'max_depth': 2, 'min_samples_split': 2, 'n_estimators': 50, 'subsample': 0.5}",0.5,0.24725274725274726,0.5,0.4916666666666667,0.25,0.25,0.24444444444444444,0.24722222222222223,0.49722222222222223,0.5,0.3727808302808303,0.12502656107337431,204
1.1099605798721313,0.006898748037462216,0.004067564010620117,0.00010930035503474406,0.1,2,2,50,1.0,"{'learning_rate': 0.1, 'max_depth': 2, 'min_samples_split': 2, 'n_estimators': 50, 'subsample': 1.0}",0.25,0.5,0.25,0.25,0.5,0.5,0.25,0.7444444444444445,0.75,0.7472222222222222,0.47416666666666674,0.2065667694642911,94
1.401660943031311,0.022439510187978018,0.004459261894226074,0.00016082690445366356,0.1,2,2,100,0.5,"{'learning_rate': 0.1, 'max_depth': 2, 'min_samples_split': 2, 'n_estimators': 100, 'subsample': 0.5}",0.25,0.24725274725274726,0.5,0.4916666666666667,0.25,0.5,0.24444444444444444,0.49722222222222223,0.49722222222222223,0.5,0.3977808302808303,0.12238754254785819,188
2.33363299369812,0.10603896045301732,0.005274009704589844,0.0024539518668528063,0.1,2,2,100,1.0,"{'learning_rate': 0.1, 'max_depth': 2, 'min_samples_split': 2, 'n_estimators': 100, 'subsample': 1.0}",0.25,0.5,0.25,0.25,0.5,0.5,0.25,0.7444444444444445,0.7472222222222222,0.7444444444444445,0.4736111111111111,0.2058303343611186,101
3.2237720012664797,0.18807130010256243,0.005875682830810547,0.0015921309385209354,0.1,2,2,200,0.5,"{'learning_rate': 0.1, 'max_depth': 2, 'min_samples_split': 2, 'n_estimators': 200, 'subsample': 0.5}",0.25,0.24725274725274726,0.5,0.4916666666666667,0.25,0.5,0.24444444444444444,0.49722222222222223,0.49722222222222223,0.5,0.3977808302808303,0.12238754254785819,188
4.724965667724609,0.09648230468764891,0.0052733182907104496,0.0008848932620272717,0.1,2,2,200,1.0,"{'learning_rate': 0.1, 'max_depth': 2, 'min_samples_split': 2, 'n_estimators': 200, 'subsample': 1.0}",0.25,0.5,0.5,0.25,0.5,0.5,0.24722222222222223,0.7444444444444445,0.7472222222222222,0.7444444444444445,0.49833333333333335,0.1922222222222222,81
4.426279830932617,0.08832666387135832,0.00549769401550293,0.00011321890586355973,0.1,2,2,300,0.5,"{'learning_rate': 0.1, 'max_depth': 2, 'min_samples_split': 2, 'n_estimators': 300, 'subsample': 0.5}",0.25,0.24725274725274726,0.5,0.4916666666666667,0.25,0.5,0.24444444444444444,0.49444444444444446,0.49722222222222223,0.5,0.3975030525030525,0.12216447846081536,190
6.839513874053955,0.13908624212050788,0.006816840171813965,0.0025297306404037717,0.1,2,2,300,1.0,"{'learning_rate': 0.1, 'max_depth': 2, 'min_samples_split': 2, 'n_estimators': 300, 'subsample': 1.0}",0.25,0.5,0.5,0.25,0.5,0.5,0.24722222222222223,0.7444444444444445,0.75,0.7444444444444445,0.49861111111111117,0.19258335536964793,77
7.8446331977844235,0.30387412997834506,0.006840753555297852,0.0004430658488463761,0.1,2,2,500,0.5,"{'learning_rate': 0.1, 'max_depth': 2, 'min_samples_split': 2, 'n_estimators': 500, 'subsample': 0.5}",0.25,0.24725274725274726,0.5,0.4916666666666667,0.25,0.25,0.24722222222222223,0.49444444444444446,0.49722222222222223,0.5,0.3727808302808303,0.12391070654328633,204
10.144848704338074,0.4084009808401793,0.006914687156677246,0.0015587293901830565,0.1,2,2,500,1.0,"{'learning_rate': 0.1, 'max_depth': 2, 'min_samples_split': 2, 'n_estimators': 500, 'subsample': 1.0}",0.25,0.5,0.5,0.25,0.5,0.5,0.24722222222222223,0.7444444444444445,0.75,0.7444444444444445,0.49861111111111117,0.19258335536964793,77
0.7477055549621582,0.027582366306260507,0.004446744918823242,0.0002671681619511159,0.1,2,5,50,0.5,"{'learning_rate': 0.1, 'max_depth': 2, 'min_samples_split': 5, 'n_estimators': 50, 'subsample': 0.5}",0.25,0.24725274725274726,0.5,0.4916666666666667,0.25,0.5,0.25,0.49722222222222223,0.25,0.5,0.3736141636141636,0.12418717239539548,200
1.2520130157470704,0.10295571395478699,0.005190372467041016,0.0025922377597137882,0.1,2,5,50,1.0,"{'learning_rate': 0.1, 'max_depth': 2, 'min_samples_split': 5, 'n_estimators': 50, 'subsample': 1.0}",0.25,0.5,0.25,0.25,0.5,0.75,0.25,0.7444444444444445,0.75,0.7472222222222222,0.4991666666666667,0.2226802571257278,57
1.5170392751693726,0.04897351728353242,0.0048456907272338865,0.0002858104021471005,0.1,2,5,100,0.5,"{'learning_rate': 0.1, 'max_depth': 2, 'min_samples_split': 5, 'n_estimators': 100, 'subsample': 0.5}",0.25,0.24725274725274726,0.5,0.4916666666666667,0.25,0.5,0.25,0.7472222222222222,0.25,0.5,0.39861416361416363,0.1650086564940355,187
2.289436769485474,0.05116548007285597,0.0046234607696533205,0.00013359100834937405,0.1,2,5,100,1.0,"{'learning_rate': 0.1, 'max_depth': 2, 'min_samples_split': 5, 'n_estimators': 100, 'subsample': 1.0}",0.25,0.5,0.25,0.25,0.5,0.5,0.25,0.7444444444444445,0.75,0.7472222222222222,0.47416666666666674,0.2065667694642911,94
2.8882014989852904,0.026229749808373524,0.005142903327941895,0.00018191923310785705,0.1,2,5,200,0.5,"{'learning_rate': 0.1, 'max_depth': 2, 'min_samples_split': 5, 'n_estimators': 200, 'subsample': 0.5}",0.25,0.24725274725274726,0.5,0.9805555555555556,0.25,0.5,0.24722222222222223,0.24444444444444444,0.5,0.5,0.42194749694749695,0.2209294299844551,171
4.505217432975769,0.011010298840350883,0.005161547660827636,0.00024729584719454387,0.1,2,5,200,1.0,"{'learning_rate': 0.1, 'max_depth': 2, 'min_samples_split': 5, 'n_estimators': 200, 'subsample': 1.0}",0.25,0.5,0.25,0.25,0.5,0.5,0.25,0.7444444444444445,1.0,0.7444444444444445,0.4988888888888889,0.248896329253867,70
4.3171865224838255,0.05899348222648583,0.005646514892578125,0.00018934430822524438,0.1,2,5,300,0.5,"{'learning_rate': 0.1, 'max_depth': 2, 'min_samples_split': 5, 'n_estimators': 300, 'subsample': 0.5}",0.25,0.24725274725274726,0.5,0.49722222222222223,0.25,0.5,0.24722222222222223,0.24444444444444444,0.5,0.5,0.3736141636141636,0.12584130496175436,200
7.268427777290344,0.21393898829943878,0.006246376037597656,0.0017769493858310879,0.1,2,5,300,1.0,"{'learning_rate': 0.1, 'max_depth': 2, 'min_samples_split': 5, 'n_estimators': 300, 'subsample': 1.0}",0.25,0.5,0.5,0.25,0.5,0.5,0.24722222222222223,0.7444444444444445,0.9972222222222222,0.7444444444444445,0.5233333333333333,0.23456092419773125,51
7.7251636505126955,0.324428523188649,0.007827043533325195,0.00402827386040212,0.1,2,5,500,0.5,"{'learning_rate': 0.1, 'max_depth': 2, 'min_samples_split': 5, 'n_estimators': 500, 'subsample': 0.5}",0.25,0.24725274725274726,0.5,0.49722222222222223,0.25,0.5,0.24722222222222223,0.24444444444444444,0.5,0.5,0.3736141636141636,0.12584130496175436,200
9.882705926895142,0.3929350584466074,0.006291103363037109,0.0001320689929724681,0.1,2,5,500,1.0,"{'learning_rate': 0.1, 'max_depth': 2, 'min_samples_split': 5, 'n_estimators': 500, 'subsample': 1.0}",0.25,0.5,0.5,0.25,0.5,0.5,0.24722222222222223,0.7444444444444445,1.0,0.7472222222222222,0.5238888888888888,0.2353851584945537,47
0.771497368812561,0.06069174304853012,0.004278230667114258,0.00011574713983593523,0.1,2,10,50,0.5,"{'learning_rate': 0.1, 'max_depth': 2, 'min_samples_split': 10, 'n_estimators': 50, 'subsample': 0.5}",0.49725274725274726,0.24725274725274726,0.25,0.4916666666666667,0.25,0.5,0.25,0.24722222222222223,0.25,0.7472222222222222,0.37306166056166057,0.16668538553770093,203
1.136081624031067,0.017358729766179377,0.004287314414978027,0.00011042044725375048,0.1,2,10,50,1.0,"{'learning_rate': 0.1, 'max_depth': 2, 'min_samples_split': 10, 'n_estimators': 50, 'subsample': 1.0}",0.25,0.5,0.25,0.25,0.5,0.75,0.25,0.7444444444444445,0.75,0.7472222222222222,0.4991666666666667,0.2226802571257278,57
1.5158246517181397,0.06559913189791525,0.004815983772277832,0.00013625633476699537,0.1,2,10,100,0.5,"{'learning_rate': 0.1, 'max_depth': 2, 'min_samples_split': 10, 'n_estimators': 100, 'subsample': 0.5}",0.49725274725274726,0.24725274725274726,0.25,0.4916666666666667,0.49722222222222223,0.5,0.25,0.49722222222222223,0.25,0.7472222222222222,0.4227838827838828,0.15905003530125766,168
2.3260416984558105,0.08056115168121074,0.0049174785614013675,0.0007262333802189672,0.1,2,10,100,1.0,"{'learning_rate': 0.1, 'max_depth': 2, 'min_samples_split': 10, 'n_estimators': 100, 'subsample': 1.0}",0.25,0.5,0.25,0.25,0.5,0.5,0.25,0.7444444444444445,0.7472222222222222,0.7444444444444445,0.4736111111111111,0.2058303343611186,101
2.8775302171707153,0.029627158905869744,0.0050014019012451175,4.579687652497698e-05,0.1,2,10,200,0.5,"{'learning_rate': 0.1, 'max_depth': 2, 'min_samples_split': 10, 'n_estimators': 200, 'subsample': 0.5}",0.24725274725274726,0.24725274725274726,0.5,0.7416666666666667,0.49722222222222223,0.25,0.24722222222222223,0.49722222222222223,0.25,0.24444444444444444,0.3722283272283272,0.16647216004604992,208
4.616215491294861,0.12132246298517248,0.0051526308059692385,0.00015381287991764235,0.1,2,10,200,1.0,"{'learning_rate': 0.1, 'max_depth': 2, 'min_samples_split': 10, 'n_estimators': 200, 'subsample': 1.0}",0.25,0.5,0.25,0.25,0.5,0.5,0.25,0.7444444444444445,0.9972222222222222,0.7472222222222222,0.4988888888888889,0.24861405957283259,70
4.639956402778625,0.1787840341171582,0.005713248252868652,0.00018202918760855041,0.1,2,10,300,0.5,"{'learning_rate': 0.1, 'max_depth': 2, 'min_samples_split': 10, 'n_estimators': 300, 'subsample': 0.5}",0.24725274725274726,0.24725274725274726,0.5,0.7416666666666667,0.49722222222222223,0.25,0.24722222222222223,0.49722222222222223,0.25,0.24444444444444444,0.3722283272283272,0.16647216004604992,208
7.3333782196044925,0.20344225952049208,0.006017374992370606,0.0010952527641027482,0.1,2,10,300,1.0,"{'learning_rate': 0.1, 'max_depth': 2, 'min_samples_split': 10, 'n_estimators': 300, 'subsample': 1.0}",0.25,0.5,0.5,0.25,0.5,0.5,0.25,0.7444444444444445,0.9972222222222222,0.7444444444444445,0.5236111111111111,0.23423519492853734,49
7.645820188522339,0.2998447626510235,0.0074675559997558595,0.0027735552182984163,0.1,2,10,500,0.5,"{'learning_rate': 0.1, 'max_depth': 2, 'min_samples_split': 10, 'n_estimators': 500, 'subsample': 0.5}",0.24725274725274726,0.24725274725274726,0.5,0.4916666666666667,0.49722222222222223,0.25,0.24722222222222223,0.49444444444444446,0.24722222222222223,0.24444444444444444,0.34667277167277166,0.12181126163892939,218
10.040109014511108,0.3617884784284902,0.006276845932006836,9.61249190063549e-05,0.1,2,10,500,1.0,"{'learning_rate': 0.1, 'max_depth': 2, 'min_samples_split': 10, 'n_estimators': 500, 'subsample': 1.0}",0.25,0.5,0.5,0.25,0.5,0.5,0.24722222222222223,0.7444444444444445,1.0,0.7472222222222222,0.5238888888888888,0.2353851584945537,47
1.5416751146316527,0.009410247651044366,0.004479742050170899,0.00011514043601720673,0.1,5,2,50,0.5,"{'learning_rate': 0.1, 'max_depth': 5, 'min_samples_split': 2, 'n_estimators': 50, 'subsample': 0.5}",0.25,0.24725274725274726,0.25,0.25,0.49444444444444446,0.5,0.5,0.49722222222222223,0.75,0.75,0.44889194139194133,0.1871628749168354,137
2.0443794250488283,0.34887683670556585,0.0043414592742919925,0.00014064579335652883,0.1,5,2,50,1.0,"{'learning_rate': 0.1, 'max_depth': 5, 'min_samples_split': 2, 'n_estimators': 50, 'subsample': 1.0}",0.25,0.49725274725274726,0.7472527472527473,0.5,0.5,0.5,0.5,0.7444444444444445,0.5,0.7444444444444445,0.5483394383394383,0.14825000110336284,34
3.16439049243927,0.08592049907830665,0.00499114990234375,0.00026797860539845087,0.1,5,2,100,0.5,"{'learning_rate': 0.1, 'max_depth': 5, 'min_samples_split': 2, 'n_estimators': 100, 'subsample': 0.5}",0.25,0.25,0.5,0.25,0.49444444444444446,0.5,0.5,0.49722222222222223,0.75,0.5,0.4491666666666667,0.14973252902062925,133
3.6122663974761964,0.7270414415382072,0.005561423301696777,0.0012325128501907343,0.1,5,2,100,1.0,"{'learning_rate': 0.1, 'max_depth': 5, 'min_samples_split': 2, 'n_estimators': 100, 'subsample': 1.0}",0.25,0.7472527472527473,0.75,0.5,0.5,0.5,0.5,0.7444444444444445,0.49722222222222223,0.7444444444444445,0.5733363858363858,0.15870272683148431,17
6.241734266281128,0.2937180089394486,0.0056925535202026365,0.000212734822019006,0.1,5,2,200,0.5,"{'learning_rate': 0.1, 'max_depth': 5, 'min_samples_split': 2, 'n_estimators': 200, 'subsample': 0.5}",0.0027472527472527475,0.25,0.5,0.25,0.49444444444444446,0.5,0.5,0.49722222222222223,0.75,0.5,0.4244413919413919,0.19434707159609443,159
4.025599932670593,0.8029149197610812,0.0050937414169311525,0.00025612634610725724,0.1,5,2,200,1.0,"{'learning_rate': 0.1, 'max_depth': 5, 'min_samples_split': 2, 'n_estimators': 200, 'subsample': 1.0}",0.25,0.7472527472527473,0.75,0.5,0.5,0.5,0.5,0.7444444444444445,0.5,0.7444444444444445,0.5736141636141636,0.15857163775953398,11
7.884423136711121,0.3980451382903975,0.006292128562927246,0.0002551612051819664,0.1,5,2,300,0.5,"{'learning_rate': 0.1, 'max_depth': 5, 'min_samples_split': 2, 'n_estimators': 300, 'subsample': 0.5}",0.0027472527472527475,0.25,0.5,0.5,0.49444444444444446,0.5,0.5,0.49722222222222223,0.75,0.5,0.4494413919413919,0.18620879313530783,131
4.0792824029922485,0.7761354686826736,0.00556492805480957,0.00029846435324158764,0.1,5,2,300,1.0,"{'learning_rate': 0.1, 'max_depth': 5, 'min_samples_split': 2, 'n_estimators': 300, 'subsample': 1.0}",0.25,0.7472527472527473,0.75,0.5,0.5,0.5,0.5,0.7444444444444445,0.5,0.7444444444444445,0.5736141636141636,0.15857163775953398,11
9.500803399086,1.2751545804632685,0.007917690277099609,0.002463533087627555,0.1,5,2,500,0.5,"{'learning_rate': 0.1, 'max_depth': 5, 'min_samples_split': 2, 'n_estimators': 500, 'subsample': 0.5}",0.0027472527472527475,0.25,0.5,0.5,0.49444444444444446,0.5,0.5,0.49722222222222223,0.75,0.5,0.4494413919413919,0.18620879313530783,131
4.722119069099426,0.8462994208900981,0.005934906005859375,0.00014451182399888318,0.1,5,2,500,1.0,"{'learning_rate': 0.1, 'max_depth': 5, 'min_samples_split': 2, 'n_estimators': 500, 'subsample': 1.0}",0.25,0.7472527472527473,0.75,0.5,0.5,0.5,0.5,0.7444444444444445,0.5,0.7444444444444445,0.5736141636141636,0.15857163775953398,11
1.6041250944137573,0.09573041599882208,0.004990768432617187,0.0012449699293884662,0.1,5,5,50,0.5,"{'learning_rate': 0.1, 'max_depth': 5, 'min_samples_split': 5, 'n_estimators': 50, 'subsample': 0.5}",0.2445054945054945,0.4945054945054945,0.5,0.49444444444444446,0.5,0.5,0.24722222222222223,0.75,0.5,0.75,0.4980677655677656,0.1594358070714676,82
2.8080997705459594,0.19021443186437498,0.0046217918395996095,0.00029749817946752216,0.1,5,5,50,1.0,"{'learning_rate': 0.1, 'max_depth': 5, 'min_samples_split': 5, 'n_estimators': 50, 'subsample': 1.0}",0.25,0.25,0.7472527472527473,0.5,0.5,0.5,0.5,0.7472222222222222,0.75,0.7444444444444445,0.5488919413919414,0.18590363505686153,33
3.261972999572754,0.11900715865441965,0.006999325752258301,0.003219243401354443,0.1,5,5,100,0.5,"{'learning_rate': 0.1, 'max_depth': 5, 'min_samples_split': 5, 'n_estimators': 100, 'subsample': 0.5}",0.4945054945054945,0.49725274725274726,0.5,0.49444444444444446,0.5,0.5,0.24722222222222223,0.75,0.5,0.75,0.5233424908424908,0.13546825729179926,50
4.973547506332397,0.263089859633027,0.0050499200820922855,0.00021248929162470315,0.1,5,5,100,1.0,"{'learning_rate': 0.1, 'max_depth': 5, 'min_samples_split': 5, 'n_estimators': 100, 'subsample': 1.0}",0.25,0.5,0.5,0.5,0.5,0.5,0.5,0.7472222222222222,0.5,0.49444444444444446,0.49916666666666665,0.11119476017941683,66
6.032149887084961,0.1765124642199656,0.006405687332153321,0.0024674739906654546,0.1,5,5,200,0.5,"{'learning_rate': 0.1, 'max_depth': 5, 'min_samples_split': 5, 'n_estimators': 200, 'subsample': 0.5}",0.25,0.49725274725274726,0.5,0.48888888888888893,0.5,0.5,0.24722222222222223,0.5,0.5,0.5,0.4483363858363859,0.0999181259039542,143
5.206724858283996,0.3682014109395925,0.005175280570983887,0.0002699086400494337,0.1,5,5,200,1.0,"{'learning_rate': 0.1, 'max_depth': 5, 'min_samples_split': 5, 'n_estimators': 200, 'subsample': 1.0}",0.25,0.5,0.25,0.5,0.5,0.5,0.5,0.7472222222222222,0.75,0.49444444444444446,0.49916666666666665,0.1576840977757682,66
8.221795082092285,0.42769666805666107,0.006129622459411621,0.00012889699782837118,0.1,5,5,300,0.5,"{'learning_rate': 0.1, 'max_depth': 5, 'min_samples_split': 5, 'n_estimators': 300, 'subsample': 0.5}",0.25,0.49725274725274726,0.5,0.48888888888888893,0.5,0.5,0.24444444444444444,0.5,0.5,0.5,0.4480586080586081,0.1004791342493537,146
5.512070488929749,0.33843927710094923,0.0055373191833496095,0.00020113288082250703,0.1,5,5,300,1.0,"{'learning_rate': 0.1, 'max_depth': 5, 'min_samples_split': 5, 'n_estimators': 300, 'subsample': 1.0}",0.25,0.5,0.25,0.5,0.5,0.5,0.5,0.7472222222222222,0.75,0.49444444444444446,0.49916666666666665,0.1576840977757682,66
11.481761860847474,1.6640199336720027,0.007686090469360351,0.001467542052931208,0.1,5,5,500,0.5,"{'learning_rate': 0.1, 'max_depth': 5, 'min_samples_split': 5, 'n_estimators': 500, 'subsample': 0.5}",0.25,0.49725274725274726,0.5,0.48888888888888893,0.25,0.5,0.24444444444444444,0.5,0.25,0.75,0.42305860805860807,0.16007494126948804,167
6.053694486618042,0.3750926884505824,0.006071782112121582,0.0002696979848863733,0.1,5,5,500,1.0,"{'learning_rate': 0.1, 'max_depth': 5, 'min_samples_split': 5, 'n_estimators': 500, 'subsample': 1.0}",0.25,0.5,0.25,0.5,0.5,0.5,0.5,0.7472222222222222,0.75,0.49444444444444446,0.49916666666666665,0.1576840977757682,66
1.5804343700408936,0.06397764411028597,0.004697132110595703,0.00047220448267987783,0.1,5,10,50,0.5,"{'learning_rate': 0.1, 'max_depth': 5, 'min_samples_split': 10, 'n_estimators': 50, 'subsample': 0.5}",0.25,0.2445054945054945,0.25,0.24722222222222223,0.49722222222222223,0.24722222222222223,0.25,0.49722222222222223,0.7472222222222222,0.49444444444444446,0.37250610500610504,0.16708945001527534,207
2.5641160726547243,0.004490476170275452,0.004414916038513184,0.00018209353015674804,0.1,5,10,50,1.0,"{'learning_rate': 0.1, 'max_depth': 5, 'min_samples_split': 10, 'n_estimators': 50, 'subsample': 1.0}",0.25,0.5,0.5,0.25,0.5,0.5,0.25,0.7444444444444445,0.49722222222222223,0.7444444444444445,0.4736111111111111,0.1732195584571753,101
2.987565207481384,0.03374196048060698,0.0047596216201782225,0.0001897855933675115,0.1,5,10,100,0.5,"{'learning_rate': 0.1, 'max_depth': 5, 'min_samples_split': 10, 'n_estimators': 100, 'subsample': 0.5}",0.24725274725274726,0.49725274725274726,0.25,0.24722222222222223,0.7416666666666667,0.24722222222222223,0.24722222222222223,0.49722222222222223,0.5,0.4916666666666667,0.3966727716727717,0.16425386239522313,192
5.0426393270492555,0.06673343713035075,0.005263090133666992,0.0012187280733112118,0.1,5,10,100,1.0,"{'learning_rate': 0.1, 'max_depth': 5, 'min_samples_split': 10, 'n_estimators': 100, 'subsample': 1.0}",0.25,0.5,0.5,0.25,0.5,0.5,0.25,0.7444444444444445,0.75,0.7444444444444445,0.4988888888888889,0.1922222222222222,70
5.90436201095581,0.45863633434784085,0.005446434020996094,0.00016240460400476566,0.1,5,10,200,0.5,"{'learning_rate': 0.1, 'max_depth': 5, 'min_samples_split': 10, 'n_estimators': 200, 'subsample': 0.5}",0.7445054945054945,0.25,0.5,0.48333333333333334,0.7416666666666667,0.24722222222222223,0.24722222222222223,0.49722222222222223,0.5,0.49444444444444446,0.4705616605616606,0.17324235170232474,109
6.453713750839233,0.5566880337601091,0.005196309089660645,0.0002900855116157026,0.1,5,10,200,1.0,"{'learning_rate': 0.1, 'max_depth': 5, 'min_samples_split': 10, 'n_estimators': 200, 'subsample': 1.0}",0.25,0.5,0.25,0.25,0.5,0.5,0.25,0.7444444444444445,1.0,0.7444444444444445,0.4988888888888889,0.248896329253867,70
8.638813185691834,0.6123895173592981,0.006892967224121094,0.002157227790577265,0.1,5,10,300,0.5,"{'learning_rate': 0.1, 'max_depth': 5, 'min_samples_split': 10, 'n_estimators': 300, 'subsample': 0.5}",0.7472527472527473,0.25,0.5,0.48333333333333334,0.7416666666666667,0.24722222222222223,0.24722222222222223,0.49444444444444446,0.5,0.49444444444444446,0.4705586080586081,0.17363797374328138,110
6.376746654510498,0.3862345372251764,0.005527472496032715,0.00012992274560811665,0.1,5,10,300,1.0,"{'learning_rate': 0.1, 'max_depth': 5, 'min_samples_split': 10, 'n_estimators': 300, 'subsample': 1.0}",0.25,0.5,0.25,0.25,0.5,0.5,0.25,0.7444444444444445,1.0,0.7444444444444445,0.4988888888888889,0.248896329253867,70
12.070860338211059,0.9238570586292865,0.008786821365356445,0.003439355727457783,0.1,5,10,500,0.5,"{'learning_rate': 0.1, 'max_depth': 5, 'min_samples_split': 10, 'n_estimators': 500, 'subsample': 0.5}",0.7472527472527473,0.25274725274725274,0.5,0.48333333333333334,0.7416666666666667,0.24722222222222223,0.24722222222222223,0.49444444444444446,0.5,0.49444444444444446,0.4708333333333333,0.17329062047057767,108
7.134715938568116,0.2829692605616208,0.007827973365783692,0.0030899536742835876,0.1,5,10,500,1.0,"{'learning_rate': 0.1, 'max_depth': 5, 'min_samples_split': 10, 'n_estimators': 500, 'subsample': 1.0}",0.25,0.5,0.25,0.25,0.5,0.5,0.25,0.7444444444444445,1.0,0.7444444444444445,0.4988888888888889,0.248896329253867,70
3.101346468925476,0.07495513801728387,0.005221056938171387,0.0017000854057876277,0.1,10,2,50,0.5,"{'learning_rate': 0.1, 'max_depth': 10, 'min_samples_split': 2, 'n_estimators': 50, 'subsample': 0.5}",0.2445054945054945,0.2445054945054945,0.25,0.24444444444444444,0.49444444444444446,0.5,0.25,0.7444444444444445,0.75,0.75,0.44723443223443227,0.21858760848962347,147
2.0544100284576414,0.2944106124233566,0.004474139213562012,0.00028943649133346286,0.1,10,2,50,1.0,"{'learning_rate': 0.1, 'max_depth': 10, 'min_samples_split': 2, 'n_estimators': 50, 'subsample': 1.0}",0.25,0.49725274725274726,0.7472527472527473,0.5,0.5,0.49722222222222223,0.5,0.7444444444444445,0.49722222222222223,0.7444444444444445,0.5477838827838828,0.14843519758498028,35
5.896406102180481,0.057535074577016926,0.005822944641113281,0.0014440713264958999,0.1,10,2,100,0.5,"{'learning_rate': 0.1, 'max_depth': 10, 'min_samples_split': 2, 'n_estimators': 100, 'subsample': 0.5}",0.2445054945054945,0.49725274725274726,0.25,0.24444444444444444,0.49444444444444446,0.5,0.25,0.7444444444444445,0.75,0.75,0.4725091575091575,0.20804329311938147,107
3.2012041568756104,0.37828846014157785,0.004915189743041992,0.001006725530636616,0.1,10,2,100,1.0,"{'learning_rate': 0.1, 'max_depth': 10, 'min_samples_split': 2, 'n_estimators': 100, 'subsample': 1.0}",0.25,0.49725274725274726,0.75,0.5,0.5,0.7472222222222222,0.5,0.7444444444444445,0.49722222222222223,0.7444444444444445,0.573058608058608,0.15882841727235933,18
8.413403511047363,0.20092965797876283,0.005946588516235351,0.00012241802946200012,0.1,10,2,200,0.5,"{'learning_rate': 0.1, 'max_depth': 10, 'min_samples_split': 2, 'n_estimators': 200, 'subsample': 0.5}",0.24725274725274726,0.49725274725274726,0.5,0.24444444444444444,0.49444444444444446,0.5,0.25,0.7444444444444445,0.75,0.5,0.4727838827838828,0.17509258790660423,106
3.4292786598205565,0.35485432270199607,0.0048817873001098635,0.00023773103880507282,0.1,10,2,200,1.0,"{'learning_rate': 0.1, 'max_depth': 10, 'min_samples_split': 2, 'n_estimators': 200, 'subsample': 1.0}",0.25,0.49725274725274726,0.75,0.5,0.5,0.7472222222222222,0.5,0.7444444444444445,0.49722222222222223,0.7444444444444445,0.573058608058608,0.15882841727235933,18
10.382517409324645,0.5643751549561159,0.006833624839782715,0.00022569824113716528,0.1,10,2,300,0.5,"{'learning_rate': 0.1, 'max_depth': 10, 'min_samples_split': 2, 'n_estimators': 300, 'subsample': 0.5}",0.24725274725274726,0.49725274725274726,0.5,0.24444444444444444,0.49444444444444446,0.5,0.25,0.7416666666666667,0.75,0.75,0.49750610500610504,0.19366693316029776,83
4.0026695251464846,0.3048053137702208,0.005425024032592774,0.0002760122124024845,0.1,10,2,300,1.0,"{'learning_rate': 0.1, 'max_depth': 10, 'min_samples_split': 2, 'n_estimators': 300, 'subsample': 1.0}",0.25,0.49725274725274726,0.75,0.5,0.5,0.7472222222222222,0.5,0.7444444444444445,0.49722222222222223,0.7444444444444445,0.573058608058608,0.15882841727235933,18
12.260316181182862,1.1364497561918354,0.0076661348342895504,0.00036019062593474965,0.1,10,2,500,0.5,"{'learning_rate': 0.1, 'max_depth': 10, 'min_samples_split': 2, 'n_estimators': 500, 'subsample': 0.5}",0.24725274725274726,0.49725274725274726,0.5,0.24166666666666667,0.49444444444444446,0.5,0.25,0.7416666666666667,0.75,0.75,0.4972283272283272,0.1940313512182576,84
4.393255114555359,0.40883262842677964,0.005984210968017578,0.00021027451442702695,0.1,10,2,500,1.0,"{'learning_rate': 0.1, 'max_depth': 10, 'min_samples_split': 2, 'n_estimators': 500, 'subsample': 1.0}",0.25,0.49725274725274726,0.75,0.5,0.5,0.7472222222222222,0.5,0.7444444444444445,0.49722222222222223,0.7444444444444445,0.573058608058608,0.15882841727235933,18
2.9496960163116457,0.087112250718699,0.0044203996658325195,0.00018038240613870492,0.1,10,5,50,0.5,"{'learning_rate': 0.1, 'max_depth': 10, 'min_samples_split': 5, 'n_estimators': 50, 'subsample': 0.5}",0.24725274725274726,0.23901098901098902,0.5,0.48888888888888893,0.5,0.5,0.24722222222222223,0.5,0.5,0.7472222222222222,0.446959706959707,0.15132831845335262,148
3.651699924468994,0.5351441002945948,0.004368424415588379,0.00022497339968680178,0.1,10,5,50,1.0,"{'learning_rate': 0.1, 'max_depth': 10, 'min_samples_split': 5, 'n_estimators': 50, 'subsample': 1.0}",0.5,0.49725274725274726,0.49725274725274726,0.49722222222222223,0.75,0.5,0.5,0.7472222222222222,1.0,0.9944444444444445,0.6483394383394383,0.1995171814602858,2
5.760297775268555,0.31501865147451535,0.006141853332519531,0.0016905734057062252,0.1,10,5,100,0.5,"{'learning_rate': 0.1, 'max_depth': 10, 'min_samples_split': 5, 'n_estimators': 100, 'subsample': 0.5}",0.24725274725274726,0.24175824175824176,0.5,0.2388888888888889,0.5,0.5,0.24722222222222223,0.49444444444444446,0.5,0.75,0.42195665445665453,0.16256347164002727,170
6.185799574851989,0.8723537702094266,0.005366063117980957,0.0011371865363387545,0.1,10,5,100,1.0,"{'learning_rate': 0.1, 'max_depth': 10, 'min_samples_split': 5, 'n_estimators': 100, 'subsample': 1.0}",0.25,0.49725274725274726,0.49725274725274726,0.49722222222222223,0.75,0.5,0.5,0.49722222222222223,1.0,0.9944444444444445,0.5983394383394384,0.22864806673289267,5
9.426252436637878,0.5023478446954921,0.0059807062149047855,0.00022589506627993067,0.1,10,5,200,0.5,"{'learning_rate': 0.1, 'max_depth': 10, 'min_samples_split': 5, 'n_estimators': 200, 'subsample': 0.5}",0.5,0.24175824175824176,0.5,0.23333333333333334,0.25,0.5,0.24722222222222223,0.48888888888888893,0.25,0.5,0.37112026862026865,0.12677544199654114,211
6.333491921424866,0.9016399733969338,0.005264163017272949,0.0002379897612410946,0.1,10,5,200,1.0,"{'learning_rate': 0.1, 'max_depth': 10, 'min_samples_split': 5, 'n_estimators': 200, 'subsample': 1.0}",0.25,0.49725274725274726,0.49725274725274726,0.49722222222222223,0.75,0.5,0.5,0.49722222222222223,1.0,0.9944444444444445,0.5983394383394384,0.22864806673289267,5
11.891279983520509,1.1619742584236197,0.006894874572753906,0.00042635709690093,0.1,10,5,300,0.5,"{'learning_rate': 0.1, 'max_depth': 10, 'min_samples_split': 5, 'n_estimators': 300, 'subsample': 0.5}",0.2445054945054945,0.23351648351648352,0.5,0.23055555555555557,0.25,0.5,0.24722222222222223,0.4861111111111111,0.25,0.7277777777777777,0.3669688644688645,0.1651940094411618,213
6.841488552093506,0.978044884364154,0.005989933013916015,0.0008786929861811143,0.1,10,5,300,1.0,"{'learning_rate': 0.1, 'max_depth': 10, 'min_samples_split': 5, 'n_estimators': 300, 'subsample': 1.0}",0.25,0.49725274725274726,0.49725274725274726,0.49722222222222223,0.75,0.5,0.5,0.49722222222222223,1.0,0.9944444444444445,0.5983394383394384,0.22864806673289267,5
16.996220111846924,3.7908367835157755,0.00793461799621582,0.0004956237462837268,0.1,10,5,500,0.5,"{'learning_rate': 0.1, 'max_depth': 10, 'min_samples_split': 5, 'n_estimators': 500, 'subsample': 0.5}",0.23901098901098902,0.23901098901098902,0.5,0.008333333333333333,0.25,0.5,0.24722222222222223,0.48333333333333334,0.25,0.7305555555555556,0.34474664224664225,0.19474620273623172,219
7.137731957435608,0.9241378400033862,0.006200361251831055,0.0003962434556661038,0.1,10,5,500,1.0,"{'learning_rate': 0.1, 'max_depth': 10, 'min_samples_split': 5, 'n_estimators': 500, 'subsample': 1.0}",0.25,0.49725274725274726,0.49725274725274726,0.49722222222222223,0.75,0.5,0.5,0.49722222222222223,1.0,0.9944444444444445,0.5983394383394384,0.22864806673289267,5
2.7613399982452393,0.04965917771754167,0.004768562316894531,0.0009741513665851226,0.1,10,10,50,0.5,"{'learning_rate': 0.1, 'max_depth': 10, 'min_samples_split': 10, 'n_estimators': 50, 'subsample': 0.5}",0.25,0.2445054945054945,0.25,0.24722222222222223,0.25,0.5,0.24722222222222223,0.49722222222222223,0.24722222222222223,0.49444444444444446,0.3227838827838828,0.11421484815383871,226
4.542905855178833,0.38642659806345314,0.004989147186279297,0.0012390459732075614,0.1,10,10,50,1.0,"{'learning_rate': 0.1, 'max_depth': 10, 'min_samples_split': 10, 'n_estimators': 50, 'subsample': 1.0}",0.25,0.5,0.5,0.25,0.5,0.5,0.25,0.7444444444444445,0.75,0.9972222222222222,0.5241666666666667,0.23476429603190946,39
5.817698621749878,0.19725874337933827,0.005139684677124024,0.00014821442797197747,0.1,10,10,100,0.5,"{'learning_rate': 0.1, 'max_depth': 10, 'min_samples_split': 10, 'n_estimators': 100, 'subsample': 0.5}",0.25,0.24725274725274726,0.5,0.24722222222222223,0.25,0.5,0.24722222222222223,0.49722222222222223,0.49444444444444446,0.49444444444444446,0.3727808302808303,0.12445748537228375,204
8.683930349349975,0.9054395482425274,0.00511162281036377,0.0002743153255198701,0.1,10,10,100,1.0,"{'learning_rate': 0.1, 'max_depth': 10, 'min_samples_split': 10, 'n_estimators': 100, 'subsample': 1.0}",0.25,0.5,0.5,0.25,0.5,0.5,0.24722222222222223,0.7444444444444445,0.5,0.49722222222222223,0.4488888888888889,0.14917571874044513,138
9.458471369743346,0.42691942007795597,0.006651043891906738,0.0022415573965478817,0.1,10,10,200,0.5,"{'learning_rate': 0.1, 'max_depth': 10, 'min_samples_split': 10, 'n_estimators': 200, 'subsample': 0.5}",0.48626373626373626,0.23901098901098902,0.5,0.24722222222222223,0.24722222222222223,0.25,0.24722222222222223,0.49444444444444446,0.48888888888888893,0.49444444444444446,0.369471916971917,0.1234111600336829,212
8.720189666748047,1.005096382925693,0.005329203605651855,0.00032242965720949256,0.1,10,10,200,1.0,"{'learning_rate': 0.1, 'max_depth': 10, 'min_samples_split': 10, 'n_estimators': 200, 'subsample': 1.0}",0.25,0.25,0.5,0.25,0.5,0.5,0.24722222222222223,0.7444444444444445,0.5,0.49722222222222223,0.42388888888888887,0.15913151638243395,162
12.88544421195984,0.6281443255758717,0.0067193031311035155,0.00019164431237343578,0.1,10,10,300,0.5,"{'learning_rate': 0.1, 'max_depth': 10, 'min_samples_split': 10, 'n_estimators': 300, 'subsample': 0.5}",0.48626373626373626,0.24175824175824176,0.5,0.49722222222222223,0.2361111111111111,0.25,0.24722222222222223,0.49444444444444446,0.7277777777777777,0.49444444444444446,0.4175244200244201,0.1571118674159451,173
9.428841614723206,1.1438315603541411,0.006350469589233398,0.001517810383626967,0.1,10,10,300,1.0,"{'learning_rate': 0.1, 'max_depth': 10, 'min_samples_split': 10, 'n_estimators': 300, 'subsample': 1.0}",0.25,0.25,0.5,0.25,0.5,0.5,0.24722222222222223,0.7444444444444445,0.5,0.49722222222222223,0.42388888888888887,0.15913151638243395,162
17.131558990478517,2.7727851247363264,0.009305977821350097,0.002608778645036223,0.1,10,10,500,0.5,"{'learning_rate': 0.1, 'max_depth': 10, 'min_samples_split': 10, 'n_estimators': 500, 'subsample': 0.5}",0.4835164835164835,0.24175824175824176,0.5,0.24722222222222223,0.23333333333333334,0.25,0.24722222222222223,0.49444444444444446,0.725,0.49444444444444446,0.3916941391941392,0.16178688653571036,194
9.922102427482605,1.0422533923341537,0.007491278648376465,0.0023310051333905652,0.1,10,10,500,1.0,"{'learning_rate': 0.1, 'max_depth': 10, 'min_samples_split': 10, 'n_estimators': 500, 'subsample': 1.0}",0.25,0.25,0.5,0.25,0.5,0.5,0.24722222222222223,0.7444444444444445,0.5,0.49722222222222223,0.42388888888888887,0.15913151638243395,162
5.8774189233779905,0.5665386476681971,0.005995368957519532,0.001587913773845892,0.1,50,2,50,0.5,"{'learning_rate': 0.1, 'max_depth': 50, 'min_samples_split': 2, 'n_estimators': 50, 'subsample': 0.5}",0.5,0.2445054945054945,0.25,0.25,0.4916666666666667,0.5,0.25,0.49722222222222223,0.75,0.75,0.44833943833943835,0.18739436131347764,142
2.0923837661743163,0.25087352425918247,0.004582929611206055,0.0009109276083661146,0.1,50,2,50,1.0,"{'learning_rate': 0.1, 'max_depth': 50, 'min_samples_split': 2, 'n_estimators': 50, 'subsample': 1.0}",0.25,0.49725274725274726,0.7472527472527473,0.5,0.5,0.49722222222222223,0.5,0.7444444444444445,0.49722222222222223,0.7444444444444445,0.5477838827838828,0.14843519758498028,35
9.659406399726867,0.6649416320693019,0.005985641479492187,0.000200136576272061,0.1,50,2,100,0.5,"{'learning_rate': 0.1, 'max_depth': 50, 'min_samples_split': 2, 'n_estimators': 100, 'subsample': 0.5}",0.5,0.24725274725274726,0.25,0.25,0.4916666666666667,0.5,0.25,0.49722222222222223,0.75,0.75,0.4486141636141636,0.18709711180410865,139
3.1394063234329224,0.36711449837161225,0.004688858985900879,0.00025174755954444455,0.1,50,2,100,1.0,"{'learning_rate': 0.1, 'max_depth': 50, 'min_samples_split': 2, 'n_estimators': 100, 'subsample': 1.0}",0.25,0.49725274725274726,0.75,0.5,0.5,0.7472222222222222,0.5,0.7444444444444445,0.49722222222222223,0.7444444444444445,0.573058608058608,0.15882841727235933,18
12.633032870292663,0.8614276928285886,0.006789755821228027,0.000296579278054434,0.1,50,2,200,0.5,"{'learning_rate': 0.1, 'max_depth': 50, 'min_samples_split': 2, 'n_estimators': 200, 'subsample': 0.5}",0.25,0.49725274725274726,0.25,0.25,0.4916666666666667,0.5,0.25,0.49444444444444446,0.75,0.5,0.4233363858363859,0.15932192525617986,165
3.685415434837341,0.4241948421984282,0.005935525894165039,0.0023742038317105187,0.1,50,2,200,1.0,"{'learning_rate': 0.1, 'max_depth': 50, 'min_samples_split': 2, 'n_estimators': 200, 'subsample': 1.0}",0.25,0.49725274725274726,0.75,0.5,0.5,0.7472222222222222,0.5,0.7444444444444445,0.49722222222222223,0.7444444444444445,0.573058608058608,0.15882841727235933,18
14.322760915756225,0.9756004347224915,0.008822321891784668,0.0031632645193748403,0.1,50,2,300,0.5,"{'learning_rate': 0.1, 'max_depth': 50, 'min_samples_split': 2, 'n_estimators': 300, 'subsample': 0.5}",0.25,0.49725274725274726,0.25,0.25,0.4916666666666667,0.5,0.25,0.49444444444444446,0.75,0.75,0.4483363858363859,0.1866591990112367,143
3.851860499382019,0.3854006573706052,0.005284333229064941,0.0002636694651487089,0.1,50,2,300,1.0,"{'learning_rate': 0.1, 'max_depth': 50, 'min_samples_split': 2, 'n_estimators': 300, 'subsample': 1.0}",0.25,0.49725274725274726,0.75,0.5,0.5,0.7472222222222222,0.5,0.7444444444444445,0.49722222222222223,0.7444444444444445,0.573058608058608,0.15882841727235933,18
15.633801221847534,1.202232064725146,0.010152792930603028,0.0036342868214768974,0.1,50,2,500,0.5,"{'learning_rate': 0.1, 'max_depth': 50, 'min_samples_split': 2, 'n_estimators': 500, 'subsample': 0.5}",0.25,0.49725274725274726,0.25,0.25,0.4916666666666667,0.5,0.25,0.49444444444444446,0.75,0.75,0.4483363858363859,0.1866591990112367,143
4.419435119628906,0.5549065180604724,0.007451677322387695,0.0031243263155899905,0.1,50,2,500,1.0,"{'learning_rate': 0.1, 'max_depth': 50, 'min_samples_split': 2, 'n_estimators': 500, 'subsample': 1.0}",0.25,0.49725274725274726,0.75,0.5,0.5,0.7472222222222222,0.5,0.7444444444444445,0.49722222222222223,0.7444444444444445,0.573058608058608,0.15882841727235933,18
6.605775904655457,0.6178330015336138,0.005033254623413086,0.00021426007961885898,0.1,50,5,50,0.5,"{'learning_rate': 0.1, 'max_depth': 50, 'min_samples_split': 5, 'n_estimators': 50, 'subsample': 0.5}",0.24725274725274726,0.23901098901098902,0.5,0.49444444444444446,0.5,0.5,0.24722222222222223,0.5,0.25,0.7472222222222222,0.4225152625152625,0.16109124386316445,169
3.718156671524048,0.5361157529763064,0.004467177391052246,0.0002143020209325096,0.1,50,5,50,1.0,"{'learning_rate': 0.1, 'max_depth': 50, 'min_samples_split': 5, 'n_estimators': 50, 'subsample': 1.0}",0.5,0.5,0.49725274725274726,0.49722222222222223,0.75,0.5,0.5,0.7472222222222222,1.0,0.9944444444444445,0.6486141636141636,0.19931073804041147,1
11.03547031879425,0.9999785641999925,0.006137299537658692,0.00022364440616710546,0.1,50,5,100,0.5,"{'learning_rate': 0.1, 'max_depth': 50, 'min_samples_split': 5, 'n_estimators': 100, 'subsample': 0.5}",0.25,0.24175824175824176,0.5,0.49722222222222223,0.5,0.5,0.24722222222222223,0.5,0.25,0.5,0.3986202686202686,0.12361821360187346,186
6.023980665206909,1.0528870250761595,0.005039834976196289,0.00039771608167077333,0.1,50,5,100,1.0,"{'learning_rate': 0.1, 'max_depth': 50, 'min_samples_split': 5, 'n_estimators': 100, 'subsample': 1.0}",0.25,0.49725274725274726,0.49725274725274726,0.49722222222222223,0.75,0.5,0.5,0.49722222222222223,1.0,0.9944444444444445,0.5983394383394384,0.22864806673289267,5
15.103334307670593,1.1919273360088336,0.0068737506866455075,0.00021701995863421025,0.1,50,5,200,0.5,"{'learning_rate': 0.1, 'max_depth': 50, 'min_samples_split': 5, 'n_estimators': 200, 'subsample': 0.5}",0.25,0.24175824175824176,0.5,0.4916666666666667,0.25,0.25,0.24444444444444444,0.49722222222222223,0.25,0.5,0.3475091575091575,0.12228656415700835,217
6.497529792785644,1.0624348916671704,0.0052463293075561525,0.00017948026642741004,0.1,50,5,200,1.0,"{'learning_rate': 0.1, 'max_depth': 50, 'min_samples_split': 5, 'n_estimators': 200, 'subsample': 1.0}",0.25,0.49725274725274726,0.49725274725274726,0.49722222222222223,0.75,0.5,0.5,0.24722222222222223,1.0,0.9944444444444445,0.5733394383394383,0.25091990599900627,14
16.93347339630127,1.3835943586744823,0.00765380859375,0.0002890711998440831,0.1,50,5,300,0.5,"{'learning_rate': 0.1, 'max_depth': 50, 'min_samples_split': 5, 'n_estimators': 300, 'subsample': 0.5}",0.4945054945054945,0.24175824175824176,0.5,0.4916666666666667,0.25,0.5,0.24444444444444444,0.49722222222222223,0.25,0.5,0.39695970695970695,0.1228542949437524,191
6.822967672348023,1.115803908492269,0.005788278579711914,0.0004901233051653702,0.1,50,5,300,1.0,"{'learning_rate': 0.1, 'max_depth': 50, 'min_samples_split': 5, 'n_estimators': 300, 'subsample': 1.0}",0.25,0.49725274725274726,0.49725274725274726,0.49722222222222223,0.75,0.5,0.5,0.24722222222222223,1.0,0.9944444444444445,0.5733394383394383,0.25091990599900627,14
20.108472561836244,2.7038101218945565,0.008549880981445313,0.0006154816307075244,0.1,50,5,500,0.5,"{'learning_rate': 0.1, 'max_depth': 50, 'min_samples_split': 5, 'n_estimators': 500, 'subsample': 0.5}",0.23901098901098902,0.24175824175824176,0.5,0.4916666666666667,0.25,0.5,0.24444444444444444,0.49722222222222223,0.25,0.5,0.37141025641025643,0.12642652034331744,210
7.036333680152893,1.051870215077643,0.006444883346557617,0.00040888834694703067,0.1,50,5,500,1.0,"{'learning_rate': 0.1, 'max_depth': 50, 'min_samples_split': 5, 'n_estimators': 500, 'subsample': 1.0}",0.25,0.49725274725274726,0.49725274725274726,0.49722222222222223,0.75,0.5,0.5,0.24722222222222223,1.0,0.9944444444444445,0.5733394383394383,0.25091990599900627,14
6.629865908622742,0.4923042467383064,0.0050983428955078125,0.00034738927133297717,0.1,50,10,50,0.5,"{'learning_rate': 0.1, 'max_depth': 50, 'min_samples_split': 10, 'n_estimators': 50, 'subsample': 0.5}",0.25,0.2445054945054945,0.25,0.49444444444444446,0.5,0.5,0.24722222222222223,0.49722222222222223,0.5,0.7472222222222222,0.4230616605616605,0.16004261117848256,166
6.152257776260376,1.1015332382798841,0.004670858383178711,0.0003228841649143462,0.1,50,10,50,1.0,"{'learning_rate': 0.1, 'max_depth': 50, 'min_samples_split': 10, 'n_estimators': 50, 'subsample': 1.0}",0.25,0.5,0.5,0.25,0.5,0.5,0.24722222222222223,0.7444444444444445,0.75,0.7472222222222222,0.4988888888888889,0.1929394135057703,70
11.39196002483368,0.7829831038498898,0.0065342426300048825,0.0012942250041284287,0.1,50,10,100,0.5,"{'learning_rate': 0.1, 'max_depth': 50, 'min_samples_split': 10, 'n_estimators': 100, 'subsample': 0.5}",0.23901098901098902,0.4945054945054945,0.5,0.4861111111111111,0.25,0.5,0.24722222222222223,0.49722222222222223,0.5,0.7472222222222222,0.44612942612942613,0.15061245484318941,149
10.36367118358612,2.0597980575984827,0.005157828330993652,0.0002954408583201738,0.1,50,10,100,1.0,"{'learning_rate': 0.1, 'max_depth': 50, 'min_samples_split': 10, 'n_estimators': 100, 'subsample': 1.0}",0.25,0.5,0.5,0.25,0.5,0.5,0.24722222222222223,0.7444444444444445,0.5,0.49444444444444446,0.44861111111111107,0.1490880198215839,140
15.564292526245117,0.9784032500402953,0.0077763557434082035,0.002417114393217326,0.1,50,10,200,0.5,"{'learning_rate': 0.1, 'max_depth': 50, 'min_samples_split': 10, 'n_estimators': 200, 'subsample': 0.5}",0.48626373626373626,0.24725274725274726,0.5,0.4861111111111111,0.24722222222222223,0.25,0.24722222222222223,0.49722222222222223,0.5,0.7472222222222222,0.42085164835164834,0.15907164968880916,172
11.042713737487793,2.3216143950675434,0.005400276184082032,0.0001948028964957303,0.1,50,10,200,1.0,"{'learning_rate': 0.1, 'max_depth': 50, 'min_samples_split': 10, 'n_estimators': 200, 'subsample': 1.0}",0.25,0.5,0.5,0.25,0.5,0.5,0.25,0.7444444444444445,0.5,0.49722222222222223,0.4491666666666667,0.1488020580137782,133
18.21156778335571,0.9970173814735365,0.008857083320617676,0.003748670005287367,0.1,50,10,300,0.5,"{'learning_rate': 0.1, 'max_depth': 50, 'min_samples_split': 10, 'n_estimators': 300, 'subsample': 0.5}",0.4807692307692308,0.24175824175824176,0.5,0.4861111111111111,0.2388888888888889,0.25,0.24722222222222223,0.49722222222222223,0.23055555555555557,0.7472222222222222,0.3919749694749695,0.1669909956722321,193
11.423861050605774,2.229534116243537,0.005816364288330078,0.00029635581294657837,0.1,50,10,300,1.0,"{'learning_rate': 0.1, 'max_depth': 50, 'min_samples_split': 10, 'n_estimators': 300, 'subsample': 1.0}",0.25,0.5,0.5,0.25,0.5,0.5,0.25,0.7444444444444445,0.5,0.49722222222222223,0.4491666666666667,0.1488020580137782,133
22.219512701034546,2.5004210801766047,0.00879530906677246,0.0004381895681493575,0.1,50,10,500,0.5,"{'learning_rate': 0.1, 'max_depth': 50, 'min_samples_split': 10, 'n_estimators': 500, 'subsample': 0.5}",0.4807692307692308,0.23901098901098902,0.5,0.4861111111111111,0.4916666666666667,0.25,0.24722222222222223,0.49722222222222223,0.23333333333333334,0.7472222222222222,0.41725579975579985,0.160908565508483,174
10.64082441329956,1.9388236783591932,0.005210185050964355,0.0008241434405162218,0.1,50,10,500,1.0,"{'learning_rate': 0.1, 'max_depth': 50, 'min_samples_split': 10, 'n_estimators': 500, 'subsample': 1.0}",0.25,0.5,0.5,0.25,0.5,0.5,0.25,0.7444444444444445,0.5,0.49722222222222223,0.4491666666666667,0.1488020580137782,133
