mean_fit_time,std_fit_time,mean_score_time,std_score_time,param_bootstrap,param_max_depth,param_max_features,param_min_samples_leaf,param_min_samples_split,param_n_estimators,params,split0_test_score,split1_test_score,split2_test_score,mean_test_score,std_test_score,rank_test_score
0.2897477149963379,0.01966019347831349,0.01316992441813151,0.0005219222610227559,True,80,2,3,8,100,"{'bootstrap': True, 'max_depth': 80, 'max_features': 2, 'min_samples_leaf': 3, 'min_samples_split': 8, 'n_estimators': 100}",0.31851851851851853,0.37037037037037035,0.3037037037037037,0.3308641975308642,0.028582313340222768,151
0.5548156102498373,0.026032120113857752,0.02724774678548177,0.009836900403110548,True,80,2,3,8,200,"{'bootstrap': True, 'max_depth': 80, 'max_features': 2, 'min_samples_leaf': 3, 'min_samples_split': 8, 'n_estimators': 200}",0.2740740740740741,0.3962962962962963,0.2740740740740741,0.3148148148148148,0.057616108096681655,255
0.8471603393554688,0.11417122814188108,0.03547167778015137,0.010157518571967313,True,80,2,3,8,300,"{'bootstrap': True, 'max_depth': 80, 'max_features': 2, 'min_samples_leaf': 3, 'min_samples_split': 8, 'n_estimators': 300}",0.2740740740740741,0.37037037037037035,0.42962962962962964,0.35802469135802467,0.06410249375677614,16
2.5867918332417807,0.11296419633513963,0.09130628903706868,0.00879850886091384,True,80,2,3,8,1000,"{'bootstrap': True, 'max_depth': 80, 'max_features': 2, 'min_samples_leaf': 3, 'min_samples_split': 8, 'n_estimators': 1000}",0.2740740740740741,0.37037037037037035,0.3296296296296296,0.32469135802469135,0.03946757373616241,190
0.2946485678354899,0.02066656635784686,0.023928165435791016,0.009017916506526256,True,80,2,3,10,100,"{'bootstrap': True, 'max_depth': 80, 'max_features': 2, 'min_samples_leaf': 3, 'min_samples_split': 10, 'n_estimators': 100}",0.2740740740740741,0.45185185185185184,0.3851851851851852,0.3703703703703704,0.07332959212304936,4
0.5979355176289877,0.05695923379997196,0.02018427848815918,0.0013863007052402957,True,80,2,3,10,200,"{'bootstrap': True, 'max_depth': 80, 'max_features': 2, 'min_samples_leaf': 3, 'min_samples_split': 10, 'n_estimators': 200}",0.2740740740740741,0.37037037037037035,0.3037037037037037,0.3160493827160494,0.040270386247654534,245
0.8166786829630533,0.03434752957525119,0.029303312301635742,0.0013163924255547447,True,80,2,3,10,300,"{'bootstrap': True, 'max_depth': 80, 'max_features': 2, 'min_samples_leaf': 3, 'min_samples_split': 10, 'n_estimators': 300}",0.31851851851851853,0.3962962962962963,0.3037037037037037,0.3395061728395062,0.04060959062567538,82
2.6280272801717124,0.06524782682981403,0.09180490175882976,0.00607125435548922,True,80,2,3,10,1000,"{'bootstrap': True, 'max_depth': 80, 'max_features': 2, 'min_samples_leaf': 3, 'min_samples_split': 10, 'n_estimators': 1000}",0.26666666666666666,0.37037037037037035,0.31851851851851853,0.31851851851851853,0.04233685975180801,239
0.2557947635650635,0.016251372354361852,0.012811422348022461,0.002062674374473602,True,80,2,3,12,100,"{'bootstrap': True, 'max_depth': 80, 'max_features': 2, 'min_samples_leaf': 3, 'min_samples_split': 12, 'n_estimators': 100}",0.2740740740740741,0.37037037037037035,0.3037037037037037,0.3160493827160494,0.040270386247654534,245
0.48622608184814453,0.0236370891066564,0.01907634735107422,0.00032283020140109727,True,80,2,3,12,200,"{'bootstrap': True, 'max_depth': 80, 'max_features': 2, 'min_samples_leaf': 3, 'min_samples_split': 12, 'n_estimators': 200}",0.2740740740740741,0.37037037037037035,0.34814814814814815,0.33086419753086416,0.04116872098897052,158
0.7548685868581136,0.007793028753463838,0.03096938133239746,0.0005450681525706575,True,80,2,3,12,300,"{'bootstrap': True, 'max_depth': 80, 'max_features': 2, 'min_samples_leaf': 3, 'min_samples_split': 12, 'n_estimators': 300}",0.2740740740740741,0.362962962962963,0.37407407407407406,0.337037037037037,0.04475202212442434,108
2.491161823272705,0.1809009898325518,0.0853411356608073,0.002417484074051978,True,80,2,3,12,1000,"{'bootstrap': True, 'max_depth': 80, 'max_features': 2, 'min_samples_leaf': 3, 'min_samples_split': 12, 'n_estimators': 1000}",0.2740740740740741,0.4,0.37407407407407406,0.3493827160493827,0.05429292204270623,40
0.2576324939727783,0.008343287240833734,0.011588255564371744,0.0004801668236706796,True,80,2,4,8,100,"{'bootstrap': True, 'max_depth': 80, 'max_features': 2, 'min_samples_leaf': 4, 'min_samples_split': 8, 'n_estimators': 100}",0.2962962962962963,0.37037037037037035,0.3296296296296296,0.33209876543209876,0.030290973200951348,145
0.4996004104614258,0.010210293119192537,0.022481441497802734,0.003938726434647942,True,80,2,4,8,200,"{'bootstrap': True, 'max_depth': 80, 'max_features': 2, 'min_samples_leaf': 4, 'min_samples_split': 8, 'n_estimators': 200}",0.2814814814814815,0.3333333333333333,0.31851851851851853,0.3111111111111111,0.021806816953895906,266
0.7834730943044027,0.04194708094492927,0.032846291859944664,0.0032522309867120854,True,80,2,4,8,300,"{'bootstrap': True, 'max_depth': 80, 'max_features': 2, 'min_samples_leaf': 4, 'min_samples_split': 8, 'n_estimators': 300}",0.26666666666666666,0.42592592592592593,0.3592592592592593,0.35061728395061725,0.06530385755771947,38
2.5364588101704917,0.06650712594312569,0.10351705551147461,0.00961128904620152,True,80,2,4,8,1000,"{'bootstrap': True, 'max_depth': 80, 'max_features': 2, 'min_samples_leaf': 4, 'min_samples_split': 8, 'n_estimators': 1000}",0.2740740740740741,0.37037037037037035,0.3296296296296296,0.32469135802469135,0.03946757373616241,190
0.25902096430460614,0.025086522257915925,0.011878887812296549,0.0008727309907873191,True,80,2,4,10,100,"{'bootstrap': True, 'max_depth': 80, 'max_features': 2, 'min_samples_leaf': 4, 'min_samples_split': 10, 'n_estimators': 100}",0.26666666666666666,0.3962962962962963,0.34814814814814815,0.337037037037037,0.05350110785190236,108
0.5116442839304606,0.020720423013410275,0.019505103429158527,0.0015896676997025673,True,80,2,4,10,200,"{'bootstrap': True, 'max_depth': 80, 'max_features': 2, 'min_samples_leaf': 4, 'min_samples_split': 10, 'n_estimators': 200}",0.2740740740740741,0.37037037037037035,0.37407407407407406,0.3395061728395061,0.04629218088704363,96
0.7573103109995524,0.02753458935311185,0.0313574473063151,0.0008311328281631191,True,80,2,4,10,300,"{'bootstrap': True, 'max_depth': 80, 'max_features': 2, 'min_samples_leaf': 4, 'min_samples_split': 10, 'n_estimators': 300}",0.2740740740740741,0.37037037037037035,0.3037037037037037,0.3160493827160494,0.040270386247654534,245
2.470964193344116,0.06973401238150474,0.08909885088602702,0.0038570335164011386,True,80,2,4,10,1000,"{'bootstrap': True, 'max_depth': 80, 'max_features': 2, 'min_samples_leaf': 4, 'min_samples_split': 10, 'n_estimators': 1000}",0.2740740740740741,0.37037037037037035,0.3296296296296296,0.32469135802469135,0.03946757373616241,190
0.26420052846272785,0.019856178960110056,0.011556863784790039,0.000884659026412589,True,80,2,4,12,100,"{'bootstrap': True, 'max_depth': 80, 'max_features': 2, 'min_samples_leaf': 4, 'min_samples_split': 12, 'n_estimators': 100}",0.26666666666666666,0.4,0.3592592592592593,0.3419753086419754,0.055788264334296324,70
0.5073943138122559,0.015975128444288063,0.0218655268351237,0.002177553881692525,True,80,2,4,12,200,"{'bootstrap': True, 'max_depth': 80, 'max_features': 2, 'min_samples_leaf': 4, 'min_samples_split': 12, 'n_estimators': 200}",0.26666666666666666,0.37037037037037035,0.3296296296296296,0.32222222222222224,0.04265963590906418,213
0.7665565013885498,0.03972536497350223,0.028026660283406574,0.0011813995824537715,True,80,2,4,12,300,"{'bootstrap': True, 'max_depth': 80, 'max_features': 2, 'min_samples_leaf': 4, 'min_samples_split': 12, 'n_estimators': 300}",0.2740740740740741,0.37037037037037035,0.3296296296296296,0.32469135802469135,0.03946757373616241,190
2.5606655279795327,0.13791313807528516,0.09249623616536458,0.006331115551052504,True,80,2,4,12,1000,"{'bootstrap': True, 'max_depth': 80, 'max_features': 2, 'min_samples_leaf': 4, 'min_samples_split': 12, 'n_estimators': 1000}",0.26666666666666666,0.37037037037037035,0.2740740740740741,0.30370370370370375,0.04723734930792343,279
0.25866127014160156,0.007411785374480458,0.01250155766805013,0.002052699602490401,True,80,2,5,8,100,"{'bootstrap': True, 'max_depth': 80, 'max_features': 2, 'min_samples_leaf': 5, 'min_samples_split': 8, 'n_estimators': 100}",0.2740740740740741,0.3962962962962963,0.3592592592592593,0.3432098765432099,0.051171313027315334,65
0.49880536397298175,0.006170921320880514,0.020400842030843098,0.0008837229912636166,True,80,2,5,8,200,"{'bootstrap': True, 'max_depth': 80, 'max_features': 2, 'min_samples_leaf': 5, 'min_samples_split': 8, 'n_estimators': 200}",0.2740740740740741,0.42592592592592593,0.34814814814814815,0.3493827160493827,0.061999405083899846,40
0.7424434026082357,0.02188150376707189,0.029613574345906574,0.001927732752539985,True,80,2,5,8,300,"{'bootstrap': True, 'max_depth': 80, 'max_features': 2, 'min_samples_leaf': 5, 'min_samples_split': 8, 'n_estimators': 300}",0.26666666666666666,0.45185185185185184,0.37777777777777777,0.3654320987654321,0.07610387657986391,7
2.517514626185099,0.05362761943853502,0.09995118776957194,0.00909336187558995,True,80,2,5,8,1000,"{'bootstrap': True, 'max_depth': 80, 'max_features': 2, 'min_samples_leaf': 5, 'min_samples_split': 8, 'n_estimators': 1000}",0.2740740740740741,0.45185185185185184,0.3296296296296296,0.3518518518518518,0.07425902835467933,36
0.264773686726888,0.015209410236060249,0.011297225952148438,0.0004322303302139057,True,80,2,5,10,100,"{'bootstrap': True, 'max_depth': 80, 'max_features': 2, 'min_samples_leaf': 5, 'min_samples_split': 10, 'n_estimators': 100}",0.2740740740740741,0.37037037037037035,0.3296296296296296,0.32469135802469135,0.03946757373616241,190
0.5031930605570475,0.0173275686382341,0.02131199836730957,0.004508164373670592,True,80,2,5,10,200,"{'bootstrap': True, 'max_depth': 80, 'max_features': 2, 'min_samples_leaf': 5, 'min_samples_split': 10, 'n_estimators': 200}",0.2740740740740741,0.42592592592592593,0.40370370370370373,0.3679012345679012,0.06696321788800305,5
0.7168435255686442,0.031868859904329486,0.02718067169189453,0.0008823177029781168,True,80,2,5,10,300,"{'bootstrap': True, 'max_depth': 80, 'max_features': 2, 'min_samples_leaf': 5, 'min_samples_split': 10, 'n_estimators': 300}",0.2740740740740741,0.4,0.34814814814814815,0.34074074074074073,0.05167518404063297,76
2.508233388264974,0.05145062881340482,0.13603011767069498,0.02882396599377028,True,80,2,5,10,1000,"{'bootstrap': True, 'max_depth': 80, 'max_features': 2, 'min_samples_leaf': 5, 'min_samples_split': 10, 'n_estimators': 1000}",0.2740740740740741,0.37037037037037035,0.3296296296296296,0.32469135802469135,0.03946757373616241,190
0.2578875223795573,0.009824735524325008,0.011573553085327148,0.0015003460619744068,True,80,2,5,12,100,"{'bootstrap': True, 'max_depth': 80, 'max_features': 2, 'min_samples_leaf': 5, 'min_samples_split': 12, 'n_estimators': 100}",0.2740740740740741,0.42592592592592593,0.3296296296296296,0.3432098765432099,0.06273257291808643,65
0.49487145741780597,0.016893083905963398,0.020256916681925457,0.001070923291800125,True,80,2,5,12,200,"{'bootstrap': True, 'max_depth': 80, 'max_features': 2, 'min_samples_leaf': 5, 'min_samples_split': 12, 'n_estimators': 200}",0.2740740740740741,0.42592592592592593,0.3,0.3333333333333333,0.06632284453611503,136
0.7768215338389078,0.06260111183959305,0.030542612075805664,0.002587049588690359,True,80,2,5,12,300,"{'bootstrap': True, 'max_depth': 80, 'max_features': 2, 'min_samples_leaf': 5, 'min_samples_split': 12, 'n_estimators': 300}",0.2740740740740741,0.45185185185185184,0.3296296296296296,0.3518518518518518,0.07425902835467933,36
2.4186414082845054,0.07445855910203629,0.08992139498392741,0.0030256585615721756,True,80,2,5,12,1000,"{'bootstrap': True, 'max_depth': 80, 'max_features': 2, 'min_samples_leaf': 5, 'min_samples_split': 12, 'n_estimators': 1000}",0.2740740740740741,0.4,0.37407407407407406,0.3493827160493827,0.05429292204270623,40
0.2852358818054199,0.013688563191787271,0.01139505704243978,0.0012532236897233196,True,80,3,3,8,100,"{'bootstrap': True, 'max_depth': 80, 'max_features': 3, 'min_samples_leaf': 3, 'min_samples_split': 8, 'n_estimators': 100}",0.31851851851851853,0.3962962962962963,0.3,0.33827160493827163,0.04172035863880445,105
0.5385638078053793,0.010036546576338184,0.01973247528076172,0.0010655647470949458,True,80,3,3,8,200,"{'bootstrap': True, 'max_depth': 80, 'max_features': 3, 'min_samples_leaf': 3, 'min_samples_split': 8, 'n_estimators': 200}",0.2740740740740741,0.37037037037037035,0.31851851851851853,0.32098765432098764,0.039351549260516594,231
0.8373209635416666,0.04208898468965654,0.03264474868774414,0.007357902285156745,True,80,3,3,8,300,"{'bootstrap': True, 'max_depth': 80, 'max_features': 3, 'min_samples_leaf': 3, 'min_samples_split': 8, 'n_estimators': 300}",0.2740740740740741,0.3962962962962963,0.37407407407407406,0.34814814814814815,0.053158148497804904,47
2.7992611726125083,0.12151515116547841,0.09400653839111328,0.010853728190968184,True,80,3,3,8,1000,"{'bootstrap': True, 'max_depth': 80, 'max_features': 3, 'min_samples_leaf': 3, 'min_samples_split': 8, 'n_estimators': 1000}",0.31851851851851853,0.34074074074074073,0.3296296296296296,0.3296296296296296,0.00907218423253028,170
0.2746904691060384,0.00997425884166351,0.01060048739115397,0.00041188033050959717,True,80,3,3,10,100,"{'bootstrap': True, 'max_depth': 80, 'max_features': 3, 'min_samples_leaf': 3, 'min_samples_split': 10, 'n_estimators': 100}",0.2740740740740741,0.4,0.3296296296296296,0.33456790123456787,0.05152749815977583,131
0.5368803342183431,0.03689094512930475,0.022489309310913086,0.003707593609664436,True,80,3,3,10,200,"{'bootstrap': True, 'max_depth': 80, 'max_features': 3, 'min_samples_leaf': 3, 'min_samples_split': 10, 'n_estimators': 200}",0.31851851851851853,0.4,0.37407407407407406,0.36419753086419754,0.0339898762912005,8
0.8367080688476562,0.0147715420574738,0.031061251958211262,0.0033907676987070872,True,80,3,3,10,300,"{'bootstrap': True, 'max_depth': 80, 'max_features': 3, 'min_samples_leaf': 3, 'min_samples_split': 10, 'n_estimators': 300}",0.2740740740740741,0.3333333333333333,0.37407407407407406,0.32716049382716045,0.04105750406991577,182
2.8329065640767417,0.15955468607340137,0.08970252672831218,0.006612269232400147,True,80,3,3,10,1000,"{'bootstrap': True, 'max_depth': 80, 'max_features': 3, 'min_samples_leaf': 3, 'min_samples_split': 10, 'n_estimators': 1000}",0.26666666666666666,0.362962962962963,0.3296296296296296,0.3197530864197531,0.03992830031801539,236
0.2633247375488281,0.014048988318689762,0.011545578638712565,0.0006772983070074658,True,80,3,3,12,100,"{'bootstrap': True, 'max_depth': 80, 'max_features': 3, 'min_samples_leaf': 3, 'min_samples_split': 12, 'n_estimators': 100}",0.26666666666666666,0.42592592592592593,0.3037037037037037,0.33209876543209876,0.06804698162726257,145
0.5305548508961996,0.019673191861454272,0.020566463470458984,0.0026995530937700147,True,80,3,3,12,200,"{'bootstrap': True, 'max_depth': 80, 'max_features': 3, 'min_samples_leaf': 3, 'min_samples_split': 12, 'n_estimators': 200}",0.31851851851851853,0.34444444444444444,0.3037037037037037,0.32222222222222224,0.016837261354303527,213
0.8778940041859945,0.024762885157790585,0.03177126248677572,0.0021342907903745554,True,80,3,3,12,300,"{'bootstrap': True, 'max_depth': 80, 'max_features': 3, 'min_samples_leaf': 3, 'min_samples_split': 12, 'n_estimators': 300}",0.31851851851851853,0.362962962962963,0.3592592592592593,0.3469135802469136,0.020135193123827274,53
2.7316346168518066,0.15624128037023763,0.09451953570048015,0.011884569007269067,True,80,3,3,12,1000,"{'bootstrap': True, 'max_depth': 80, 'max_features': 3, 'min_samples_leaf': 3, 'min_samples_split': 12, 'n_estimators': 1000}",0.31851851851851853,0.37037037037037035,0.37407407407407406,0.35432098765432096,0.025361282202684104,24
0.30355334281921387,0.015865775596773785,0.011192242304484049,0.0002252719014151745,True,80,3,4,8,100,"{'bootstrap': True, 'max_depth': 80, 'max_features': 3, 'min_samples_leaf': 4, 'min_samples_split': 8, 'n_estimators': 100}",0.26666666666666666,0.37037037037037035,0.2740740740740741,0.30370370370370375,0.04723734930792343,279
0.5948251883188883,0.06614302288487675,0.02065388361612956,0.0007570957943098612,True,80,3,4,8,200,"{'bootstrap': True, 'max_depth': 80, 'max_features': 3, 'min_samples_leaf': 4, 'min_samples_split': 8, 'n_estimators': 200}",0.2740740740740741,0.37037037037037035,0.3037037037037037,0.3160493827160494,0.040270386247654534,245
0.8506919542948405,0.05671667492786097,0.031333208084106445,0.004573143042367855,True,80,3,4,8,300,"{'bootstrap': True, 'max_depth': 80, 'max_features': 3, 'min_samples_leaf': 4, 'min_samples_split': 8, 'n_estimators': 300}",0.31851851851851853,0.32592592592592595,0.37407407407407406,0.3395061728395062,0.024629552275629615,82
2.76176389058431,0.0553615706351033,0.08919962247212727,0.0069185393523253985,True,80,3,4,8,1000,"{'bootstrap': True, 'max_depth': 80, 'max_features': 3, 'min_samples_leaf': 4, 'min_samples_split': 8, 'n_estimators': 1000}",0.26666666666666666,0.37037037037037035,0.3296296296296296,0.32222222222222224,0.04265963590906418,213
0.26984484990437824,0.01716113764998471,0.011154969533284506,0.00040819286197644995,True,80,3,4,10,100,"{'bootstrap': True, 'max_depth': 80, 'max_features': 3, 'min_samples_leaf': 4, 'min_samples_split': 10, 'n_estimators': 100}",0.26666666666666666,0.45185185185185184,0.34814814814814815,0.35555555555555557,0.07578276174431016,23
0.5228381156921387,0.007888380074158938,0.020110527674357098,0.00014809924665516296,True,80,3,4,10,200,"{'bootstrap': True, 'max_depth': 80, 'max_features': 3, 'min_samples_leaf': 4, 'min_samples_split': 10, 'n_estimators': 200}",0.26666666666666666,0.37037037037037035,0.37407407407407406,0.337037037037037,0.04978233371273074,108
0.8676367600758871,0.04568722040817438,0.02916884422302246,0.0010583313089179611,True,80,3,4,10,300,"{'bootstrap': True, 'max_depth': 80, 'max_features': 3, 'min_samples_leaf': 4, 'min_samples_split': 10, 'n_estimators': 300}",0.31851851851851853,0.42592592592592593,0.3592592592592593,0.3679012345679012,0.0442726446346694,5
2.7810734113057456,0.029012350568323377,0.10232742627461751,0.018740622342997667,True,80,3,4,10,1000,"{'bootstrap': True, 'max_depth': 80, 'max_features': 3, 'min_samples_leaf': 4, 'min_samples_split': 10, 'n_estimators': 1000}",0.26666666666666666,0.37037037037037035,0.37407407407407406,0.337037037037037,0.04978233371273074,108
0.2909565766652425,0.022159713352307386,0.012376864751180014,0.00044612868269015447,True,80,3,4,12,100,"{'bootstrap': True, 'max_depth': 80, 'max_features': 3, 'min_samples_leaf': 4, 'min_samples_split': 12, 'n_estimators': 100}",0.2740740740740741,0.34444444444444444,0.3296296296296296,0.3160493827160494,0.030290973200951345,245
0.5632402102152506,0.03124627981082972,0.020201444625854492,0.002195549622586628,True,80,3,4,12,200,"{'bootstrap': True, 'max_depth': 80, 'max_features': 3, 'min_samples_leaf': 4, 'min_samples_split': 12, 'n_estimators': 200}",0.31851851851851853,0.3333333333333333,0.34814814814814815,0.3333333333333333,0.012096245643373714,136
0.7945767243703207,0.03411277987248934,0.028053998947143555,0.0014752141441959487,True,80,3,4,12,300,"{'bootstrap': True, 'max_depth': 80, 'max_features': 3, 'min_samples_leaf': 4, 'min_samples_split': 12, 'n_estimators': 300}",0.26666666666666666,0.362962962962963,0.34444444444444444,0.32469135802469135,0.04172035863880445,190
2.8252386252085366,0.1479330747265061,0.08909304936726888,0.006762899367614394,True,80,3,4,12,1000,"{'bootstrap': True, 'max_depth': 80, 'max_features': 3, 'min_samples_leaf': 4, 'min_samples_split': 12, 'n_estimators': 1000}",0.26666666666666666,0.362962962962963,0.37407407407407406,0.3345679012345679,0.048227222184258296,128
0.27054723103841144,0.013471608930005248,0.010785659154256185,0.00023756289577443466,True,80,3,5,8,100,"{'bootstrap': True, 'max_depth': 80, 'max_features': 3, 'min_samples_leaf': 5, 'min_samples_split': 8, 'n_estimators': 100}",0.26666666666666666,0.37037037037037035,0.37777777777777777,0.33827160493827163,0.05072256440536824,105
0.5451573530832926,0.027818426265154336,0.018709818522135418,0.00032375904811543814,True,80,3,5,8,200,"{'bootstrap': True, 'max_depth': 80, 'max_features': 3, 'min_samples_leaf': 5, 'min_samples_split': 8, 'n_estimators': 200}",0.31851851851851853,0.37037037037037035,0.3296296296296296,0.3395061728395062,0.022290703808972568,82
0.7749399344126383,0.031521413930621564,0.029632091522216797,0.0006859393539638064,True,80,3,5,8,300,"{'bootstrap': True, 'max_depth': 80, 'max_features': 3, 'min_samples_leaf': 5, 'min_samples_split': 8, 'n_estimators': 300}",0.2740740740740741,0.362962962962963,0.37407407407407406,0.337037037037037,0.04475202212442434,108
2.684757947921753,0.06252055571378332,0.09152030944824219,0.0048702585750725535,True,80,3,5,8,1000,"{'bootstrap': True, 'max_depth': 80, 'max_features': 3, 'min_samples_leaf': 5, 'min_samples_split': 8, 'n_estimators': 1000}",0.26666666666666666,0.37037037037037035,0.37407407407407406,0.337037037037037,0.04978233371273074,108
0.26387739181518555,0.019861544946373592,0.012147823969523111,0.001073219817663949,True,80,3,5,10,100,"{'bootstrap': True, 'max_depth': 80, 'max_features': 3, 'min_samples_leaf': 5, 'min_samples_split': 10, 'n_estimators': 100}",0.2740740740740741,0.362962962962963,0.3296296296296296,0.32222222222222224,0.03666479606152469,213
0.5394902229309082,0.023355798906920505,0.01911187171936035,0.0008377794337730636,True,80,3,5,10,200,"{'bootstrap': True, 'max_depth': 80, 'max_features': 3, 'min_samples_leaf': 5, 'min_samples_split': 10, 'n_estimators': 200}",0.31851851851851853,0.45185185185185184,0.31851851851851853,0.362962962962963,0.06285393610547088,12
0.8064000606536865,0.037373550579516183,0.030237913131713867,0.0011352398889241954,True,80,3,5,10,300,"{'bootstrap': True, 'max_depth': 80, 'max_features': 3, 'min_samples_leaf': 5, 'min_samples_split': 10, 'n_estimators': 300}",0.26666666666666666,0.3962962962962963,0.3296296296296296,0.3308641975308642,0.05292827434623709,151
2.733542283376058,0.08559434600319021,0.08445509274800618,0.006300900335959476,True,80,3,5,10,1000,"{'bootstrap': True, 'max_depth': 80, 'max_features': 3, 'min_samples_leaf': 5, 'min_samples_split': 10, 'n_estimators': 1000}",0.26666666666666666,0.37037037037037035,0.34444444444444444,0.3271604938271605,0.04406560073475246,176
0.2974901994069417,0.04285494408925115,0.012995163599650065,0.00153013001440033,True,80,3,5,12,100,"{'bootstrap': True, 'max_depth': 80, 'max_features': 3, 'min_samples_leaf': 5, 'min_samples_split': 12, 'n_estimators': 100}",0.2814814814814815,0.4222222222222222,0.31851851851851853,0.34074074074074073,0.05956710163859169,76
0.5340778827667236,0.021254522833494775,0.019446531931559246,0.001204848304560784,True,80,3,5,12,200,"{'bootstrap': True, 'max_depth': 80, 'max_features': 3, 'min_samples_leaf': 5, 'min_samples_split': 12, 'n_estimators': 200}",0.2740740740740741,0.3962962962962963,0.37407407407407406,0.34814814814814815,0.053158148497804904,47
0.837461789449056,0.05088937273587473,0.02924203872680664,0.0032930356020719445,True,80,3,5,12,300,"{'bootstrap': True, 'max_depth': 80, 'max_features': 3, 'min_samples_leaf': 5, 'min_samples_split': 12, 'n_estimators': 300}",0.2740740740740741,0.42592592592592593,0.37407407407407406,0.35802469135802467,0.06302345194123565,16
3.049713134765625,0.19932763301771714,0.08961089452107747,0.004376878440957079,True,80,3,5,12,1000,"{'bootstrap': True, 'max_depth': 80, 'max_features': 3, 'min_samples_leaf': 5, 'min_samples_split': 12, 'n_estimators': 1000}",0.31851851851851853,0.42592592592592593,0.37407407407407406,0.3728395061728395,0.043857579427979285,3
0.26361918449401855,0.008710039429320467,0.012421369552612305,0.0011964603052599355,True,90,2,3,8,100,"{'bootstrap': True, 'max_depth': 90, 'max_features': 2, 'min_samples_leaf': 3, 'min_samples_split': 8, 'n_estimators': 100}",0.26666666666666666,0.4,0.3,0.32222222222222224,0.05665577237325318,213
0.5908150672912598,0.023065000834531234,0.025446653366088867,0.007258373734000547,True,90,2,3,8,200,"{'bootstrap': True, 'max_depth': 90, 'max_features': 2, 'min_samples_leaf': 3, 'min_samples_split': 8, 'n_estimators': 200}",0.2740740740740741,0.37037037037037035,0.3592592592592593,0.33456790123456787,0.04301543553131937,131
1.0206964015960693,0.08653255817200237,0.028769572575887043,0.003539235851957632,True,90,2,3,8,300,"{'bootstrap': True, 'max_depth': 90, 'max_features': 2, 'min_samples_leaf': 3, 'min_samples_split': 8, 'n_estimators': 300}",0.2740740740740741,0.3962962962962963,0.2740740740740741,0.3148148148148148,0.057616108096681655,255
2.7891452312469482,0.12788173069809358,0.08888506889343262,0.004122728917780997,True,90,2,3,8,1000,"{'bootstrap': True, 'max_depth': 90, 'max_features': 2, 'min_samples_leaf': 3, 'min_samples_split': 8, 'n_estimators': 1000}",0.2740740740740741,0.37037037037037035,0.3037037037037037,0.3160493827160494,0.040270386247654534,245
0.25674939155578613,0.014460236462644063,0.011631011962890625,0.0008973083963273496,True,90,2,3,10,100,"{'bootstrap': True, 'max_depth': 90, 'max_features': 2, 'min_samples_leaf': 3, 'min_samples_split': 10, 'n_estimators': 100}",0.26666666666666666,0.3962962962962963,0.3,0.3209876543209877,0.054962541455684126,228
0.5350990295410156,0.02546100551847546,0.03100426991780599,0.007457407792053195,True,90,2,3,10,200,"{'bootstrap': True, 'max_depth': 90, 'max_features': 2, 'min_samples_leaf': 3, 'min_samples_split': 10, 'n_estimators': 200}",0.26666666666666666,0.3962962962962963,0.31851851851851853,0.3271604938271605,0.05327271360590475,176
0.8358974456787109,0.048787089451739575,0.02845605214436849,0.001637819656388296,True,90,2,3,10,300,"{'bootstrap': True, 'max_depth': 90, 'max_features': 2, 'min_samples_leaf': 3, 'min_samples_split': 10, 'n_estimators': 300}",0.2740740740740741,0.3962962962962963,0.3296296296296296,0.3333333333333333,0.04996569467863719,136
2.6760021845499673,0.03986304476956585,0.09176977475484212,0.0007510334178248375,True,90,2,3,10,1000,"{'bootstrap': True, 'max_depth': 90, 'max_features': 2, 'min_samples_leaf': 3, 'min_samples_split': 10, 'n_estimators': 1000}",0.2740740740740741,0.4,0.3037037037037037,0.3259259259259259,0.05375689149895616,186
0.27797214190165204,0.01893055008599272,0.01410984992980957,0.0018732655736378896,True,90,2,3,12,100,"{'bootstrap': True, 'max_depth': 90, 'max_features': 2, 'min_samples_leaf': 3, 'min_samples_split': 12, 'n_estimators': 100}",0.26666666666666666,0.3962962962962963,0.2740740740740741,0.3123456790123457,0.059439027739312214,263
0.5204225381215414,0.043037239783541674,0.021729071935017902,0.0020332765967329028,True,90,2,3,12,200,"{'bootstrap': True, 'max_depth': 90, 'max_features': 2, 'min_samples_leaf': 3, 'min_samples_split': 12, 'n_estimators': 200}",0.26666666666666666,0.37037037037037035,0.3888888888888889,0.3419753086419753,0.053785236816770284,72
0.7898149490356445,0.013227871964370185,0.030161539713541668,0.0007543912051786432,True,90,2,3,12,300,"{'bootstrap': True, 'max_depth': 90, 'max_features': 2, 'min_samples_leaf': 3, 'min_samples_split': 12, 'n_estimators': 300}",0.2740740740740741,0.37037037037037035,0.34814814814814815,0.33086419753086416,0.04116872098897052,158
2.5555260181427,0.2066822427041268,0.0928339163462321,0.007482635275048657,True,90,2,3,12,1000,"{'bootstrap': True, 'max_depth': 90, 'max_features': 2, 'min_samples_leaf': 3, 'min_samples_split': 12, 'n_estimators': 1000}",0.2740740740740741,0.37037037037037035,0.34814814814814815,0.33086419753086416,0.04116872098897052,158
0.25687281290690106,0.024220150222551716,0.013257185618082682,0.0017482662472630558,True,90,2,4,8,100,"{'bootstrap': True, 'max_depth': 90, 'max_features': 2, 'min_samples_leaf': 4, 'min_samples_split': 8, 'n_estimators': 100}",0.2740740740740741,0.35555555555555557,0.34814814814814815,0.32592592592592595,0.036789294878398375,183
0.5293081601460775,0.012238048416103502,0.02174830436706543,0.0014554723098494954,True,90,2,4,8,200,"{'bootstrap': True, 'max_depth': 90, 'max_features': 2, 'min_samples_leaf': 4, 'min_samples_split': 8, 'n_estimators': 200}",0.2740740740740741,0.42592592592592593,0.2740740740740741,0.32469135802469135,0.07158364945345295,190
0.740630308787028,0.03509328311706781,0.030588388442993164,0.0018804118022685834,True,90,2,4,8,300,"{'bootstrap': True, 'max_depth': 90, 'max_features': 2, 'min_samples_leaf': 4, 'min_samples_split': 8, 'n_estimators': 300}",0.26666666666666666,0.3333333333333333,0.3037037037037037,0.30123456790123454,0.027272496338733968,284
2.519954045613607,0.04415602514465493,0.09040292104085286,0.002139099059264203,True,90,2,4,8,1000,"{'bootstrap': True, 'max_depth': 90, 'max_features': 2, 'min_samples_leaf': 4, 'min_samples_split': 8, 'n_estimators': 1000}",0.2740740740740741,0.362962962962963,0.3592592592592593,0.33209876543209876,0.04105750406991579,145
0.270917812983195,0.016004576677465823,0.011882146199544271,0.00018142659996527534,True,90,2,4,10,100,"{'bootstrap': True, 'max_depth': 90, 'max_features': 2, 'min_samples_leaf': 4, 'min_samples_split': 10, 'n_estimators': 100}",0.2740740740740741,0.37037037037037035,0.3111111111111111,0.3185185185185185,0.03966019359063952,242
0.4943083127339681,0.006955958084432074,0.02132558822631836,0.00280507280184201,True,90,2,4,10,200,"{'bootstrap': True, 'max_depth': 90, 'max_features': 2, 'min_samples_leaf': 4, 'min_samples_split': 10, 'n_estimators': 200}",0.2740740740740741,0.4,0.3037037037037037,0.3259259259259259,0.05375689149895616,186
0.7810541788736979,0.029900600999351948,0.02739707628885905,0.0020831999344446887,True,90,2,4,10,300,"{'bootstrap': True, 'max_depth': 90, 'max_features': 2, 'min_samples_leaf': 4, 'min_samples_split': 10, 'n_estimators': 300}",0.2740740740740741,0.4,0.31851851851851853,0.3308641975308642,0.05214496810356266,151
2.646987517674764,0.17500336269561234,0.09592866897583008,0.012695450661847645,True,90,2,4,10,1000,"{'bootstrap': True, 'max_depth': 90, 'max_features': 2, 'min_samples_leaf': 4, 'min_samples_split': 10, 'n_estimators': 1000}",0.2740740740740741,0.37037037037037035,0.3592592592592593,0.33456790123456787,0.04301543553131937,131
0.2528034845987956,0.008073063032321118,0.01150059700012207,0.000377302655639945,True,90,2,4,12,100,"{'bootstrap': True, 'max_depth': 90, 'max_features': 2, 'min_samples_leaf': 4, 'min_samples_split': 12, 'n_estimators': 100}",0.2814814814814815,0.3962962962962963,0.34814814814814815,0.3419753086419753,0.04707574312330276,72
0.49945497512817383,0.01903130879573324,0.02026820182800293,0.0011038666581076409,True,90,2,4,12,200,"{'bootstrap': True, 'max_depth': 90, 'max_features': 2, 'min_samples_leaf': 4, 'min_samples_split': 12, 'n_estimators': 200}",0.2740740740740741,0.4222222222222222,0.3296296296296296,0.3419753086419753,0.061107993435874475,72
0.7793010075887045,0.006848262461717824,0.029822111129760742,0.0018002626903145598,True,90,2,4,12,300,"{'bootstrap': True, 'max_depth': 90, 'max_features': 2, 'min_samples_leaf': 4, 'min_samples_split': 12, 'n_estimators': 300}",0.2740740740740741,0.35555555555555557,0.4148148148148148,0.34814814814814815,0.05769541454591566,47
2.5222600301106772,0.10725609918531655,0.09485856691996257,0.002343778619346425,True,90,2,4,12,1000,"{'bootstrap': True, 'max_depth': 90, 'max_features': 2, 'min_samples_leaf': 4, 'min_samples_split': 12, 'n_estimators': 1000}",0.2740740740740741,0.37037037037037035,0.3296296296296296,0.32469135802469135,0.03946757373616241,190
0.2574126720428467,0.0160312820941671,0.011490662892659506,0.0017671806101667222,True,90,2,5,8,100,"{'bootstrap': True, 'max_depth': 90, 'max_features': 2, 'min_samples_leaf': 5, 'min_samples_split': 8, 'n_estimators': 100}",0.31851851851851853,0.37037037037037035,0.2962962962962963,0.32839506172839505,0.031036555777719833,173
0.5095389684041342,0.02474322746395382,0.020174185434977215,0.0013187721980483728,True,90,2,5,8,200,"{'bootstrap': True, 'max_depth': 90, 'max_features': 2, 'min_samples_leaf': 5, 'min_samples_split': 8, 'n_estimators': 200}",0.31851851851851853,0.362962962962963,0.34814814814814815,0.3432098765432099,0.018477320428513293,65
0.7686030069986979,0.03973022516064618,0.029444217681884766,0.001785317621161899,True,90,2,5,8,300,"{'bootstrap': True, 'max_depth': 90, 'max_features': 2, 'min_samples_leaf': 5, 'min_samples_split': 8, 'n_estimators': 300}",0.2740740740740741,0.45185185185185184,0.2962962962962963,0.34074074074074073,0.07908946853356526,76
2.561515967051188,0.094842713068234,0.10389153162638347,0.019561694328797407,True,90,2,5,8,1000,"{'bootstrap': True, 'max_depth': 90, 'max_features': 2, 'min_samples_leaf': 5, 'min_samples_split': 8, 'n_estimators': 1000}",0.2740740740740741,0.362962962962963,0.2740740740740741,0.30370370370370375,0.041902624070313935,279
0.25528573989868164,0.021874885973112514,0.011485894521077475,0.0005371881285424813,True,90,2,5,10,100,"{'bootstrap': True, 'max_depth': 90, 'max_features': 2, 'min_samples_leaf': 5, 'min_samples_split': 10, 'n_estimators': 100}",0.2740740740740741,0.37037037037037035,0.3037037037037037,0.3160493827160494,0.040270386247654534,245
0.49941110610961914,0.03390013143036236,0.022122542063395183,0.004078765594396749,True,90,2,5,10,200,"{'bootstrap': True, 'max_depth': 90, 'max_features': 2, 'min_samples_leaf': 5, 'min_samples_split': 10, 'n_estimators': 200}",0.2740740740740741,0.42592592592592593,0.3333333333333333,0.3444444444444444,0.06248913943132723,61
0.7783350944519043,0.006075375393168354,0.03557300567626953,0.0038937972613644566,True,90,2,5,10,300,"{'bootstrap': True, 'max_depth': 90, 'max_features': 2, 'min_samples_leaf': 5, 'min_samples_split': 10, 'n_estimators': 300}",0.2740740740740741,0.42592592592592593,0.37407407407407406,0.35802469135802467,0.06302345194123565,16
2.561310291290283,0.0855675445180027,0.10133226712544759,0.01099647738202447,True,90,2,5,10,1000,"{'bootstrap': True, 'max_depth': 90, 'max_features': 2, 'min_samples_leaf': 5, 'min_samples_split': 10, 'n_estimators': 1000}",0.2740740740740741,0.4,0.3296296296296296,0.33456790123456787,0.05152749815977583,131
0.2533501784006755,0.01000376308168336,0.012367804845174154,0.001720378931378654,True,90,2,5,12,100,"{'bootstrap': True, 'max_depth': 90, 'max_features': 2, 'min_samples_leaf': 5, 'min_samples_split': 12, 'n_estimators': 100}",0.2814814814814815,0.362962962962963,0.37407407407407406,0.3395061728395062,0.04127963826493947,82
0.5016634464263916,0.026230755405119793,0.02313089370727539,0.003217758696745023,True,90,2,5,12,200,"{'bootstrap': True, 'max_depth': 90, 'max_features': 2, 'min_samples_leaf': 5, 'min_samples_split': 12, 'n_estimators': 200}",0.2740740740740741,0.37037037037037035,0.37407407407407406,0.3395061728395061,0.04629218088704363,96
0.8003365993499756,0.04099507545315744,0.04324046770731608,0.009790155120423687,True,90,2,5,12,300,"{'bootstrap': True, 'max_depth': 90, 'max_features': 2, 'min_samples_leaf': 5, 'min_samples_split': 12, 'n_estimators': 300}",0.26666666666666666,0.42592592592592593,0.3037037037037037,0.33209876543209876,0.06804698162726257,145
2.6973549524943032,0.1459978884495268,0.09908652305603027,0.01715414957272375,True,90,2,5,12,1000,"{'bootstrap': True, 'max_depth': 90, 'max_features': 2, 'min_samples_leaf': 5, 'min_samples_split': 12, 'n_estimators': 1000}",0.2740740740740741,0.37037037037037035,0.37407407407407406,0.3395061728395061,0.04629218088704363,96
0.32662153244018555,0.00851705441514386,0.015450477600097656,0.0018353330383428543,True,90,3,3,8,100,"{'bootstrap': True, 'max_depth': 90, 'max_features': 3, 'min_samples_leaf': 3, 'min_samples_split': 8, 'n_estimators': 100}",0.2740740740740741,0.3037037037037037,0.3333333333333333,0.30370370370370364,0.024192491286747428,283
0.5895509719848633,0.01356717401408941,0.026787757873535156,0.010652924671023122,True,90,3,3,8,200,"{'bootstrap': True, 'max_depth': 90, 'max_features': 3, 'min_samples_leaf': 3, 'min_samples_split': 8, 'n_estimators': 200}",0.31851851851851853,0.362962962962963,0.3037037037037037,0.3283950617283951,0.02518034327700142,172
0.8973143100738525,0.11700351487474352,0.031526803970336914,0.0010446842864299702,True,90,3,3,8,300,"{'bootstrap': True, 'max_depth': 90, 'max_features': 3, 'min_samples_leaf': 3, 'min_samples_split': 8, 'n_estimators': 300}",0.2814814814814815,0.3962962962962963,0.3037037037037037,0.3271604938271605,0.04972106312494388,176
2.816908359527588,0.11129238248561248,0.10177477200826009,0.016758635555876387,True,90,3,3,8,1000,"{'bootstrap': True, 'max_depth': 90, 'max_features': 3, 'min_samples_leaf': 3, 'min_samples_split': 8, 'n_estimators': 1000}",0.2740740740740741,0.362962962962963,0.37407407407407406,0.337037037037037,0.04475202212442434,108
0.30173341433207196,0.018570810385636297,0.015484015146891275,0.0046236358043006505,True,90,3,3,10,100,"{'bootstrap': True, 'max_depth': 90, 'max_features': 3, 'min_samples_leaf': 3, 'min_samples_split': 10, 'n_estimators': 100}",0.32592592592592595,0.34074074074074073,0.3296296296296296,0.33209876543209876,0.006295085819250343,145
0.570366382598877,0.03287257122103945,0.019826650619506836,0.0007833069856419101,True,90,3,3,10,200,"{'bootstrap': True, 'max_depth': 90, 'max_features': 3, 'min_samples_leaf': 3, 'min_samples_split': 10, 'n_estimators': 200}",0.31851851851851853,0.3333333333333333,0.40370370370370373,0.35185185185185186,0.03716028874887017,31
0.9480476379394531,0.04486009812640673,0.030216217041015625,0.003012527676575201,True,90,3,3,10,300,"{'bootstrap': True, 'max_depth': 90, 'max_features': 3, 'min_samples_leaf': 3, 'min_samples_split': 10, 'n_estimators': 300}",0.26666666666666666,0.362962962962963,0.37407407407407406,0.3345679012345679,0.048227222184258296,128
2.7349003156026206,0.1631567949994793,0.09243130683898926,0.005469432000058947,True,90,3,3,10,1000,"{'bootstrap': True, 'max_depth': 90, 'max_features': 3, 'min_samples_leaf': 3, 'min_samples_split': 10, 'n_estimators': 1000}",0.2740740740740741,0.37037037037037035,0.3296296296296296,0.32469135802469135,0.03946757373616241,190
0.28879936536153156,0.03862255104849924,0.011510848999023438,0.0008248952994983019,True,90,3,3,12,100,"{'bootstrap': True, 'max_depth': 90, 'max_features': 3, 'min_samples_leaf': 3, 'min_samples_split': 12, 'n_estimators': 100}",0.31851851851851853,0.3962962962962963,0.3333333333333333,0.3493827160493827,0.03371975378703127,40
0.5499521891276041,0.025678680847726024,0.020350138346354168,0.0011302051004973969,True,90,3,3,12,200,"{'bootstrap': True, 'max_depth': 90, 'max_features': 3, 'min_samples_leaf': 3, 'min_samples_split': 12, 'n_estimators': 200}",0.2740740740740741,0.37037037037037035,0.3296296296296296,0.32469135802469135,0.03946757373616241,190
0.8568715254465739,0.05058570978076992,0.030580997467041016,0.0023461456762313413,True,90,3,3,12,300,"{'bootstrap': True, 'max_depth': 90, 'max_features': 3, 'min_samples_leaf': 3, 'min_samples_split': 12, 'n_estimators': 300}",0.32592592592592595,0.37037037037037035,0.37407407407407406,0.3567901234567901,0.02187659894650535,21
2.912949482599894,0.07146606823576107,0.09227879842122395,0.004193789476569228,True,90,3,3,12,1000,"{'bootstrap': True, 'max_depth': 90, 'max_features': 3, 'min_samples_leaf': 3, 'min_samples_split': 12, 'n_estimators': 1000}",0.26666666666666666,0.37037037037037035,0.37407407407407406,0.337037037037037,0.04978233371273074,108
0.29264092445373535,0.019948926354960685,0.012988011042277018,0.0022056060042389357,True,90,3,4,8,100,"{'bootstrap': True, 'max_depth': 90, 'max_features': 3, 'min_samples_leaf': 4, 'min_samples_split': 8, 'n_estimators': 100}",0.26666666666666666,0.3962962962962963,0.3037037037037037,0.32222222222222224,0.054517042384739804,213
0.5248390038808187,0.026634189167873648,0.019025405248006184,0.00041597314021571744,True,90,3,4,8,200,"{'bootstrap': True, 'max_depth': 90, 'max_features': 3, 'min_samples_leaf': 4, 'min_samples_split': 8, 'n_estimators': 200}",0.2740740740740741,0.34074074074074073,0.3296296296296296,0.3148148148148148,0.02916299212596966,255
0.8366472721099854,0.0173282427222131,0.03125230471293131,0.0032739387026882146,True,90,3,4,8,300,"{'bootstrap': True, 'max_depth': 90, 'max_features': 3, 'min_samples_leaf': 4, 'min_samples_split': 8, 'n_estimators': 300}",0.31851851851851853,0.3962962962962963,0.2740740740740741,0.32962962962962966,0.050511784062910584,165
2.7582348187764487,0.16695128620754307,0.10189429918924968,0.007740501717051225,True,90,3,4,8,1000,"{'bootstrap': True, 'max_depth': 90, 'max_features': 3, 'min_samples_leaf': 4, 'min_samples_split': 8, 'n_estimators': 1000}",0.2740740740740741,0.3962962962962963,0.3296296296296296,0.3333333333333333,0.04996569467863719,136
0.27980732917785645,0.025813065394090822,0.011180400848388672,0.0008326473420848955,True,90,3,4,10,100,"{'bootstrap': True, 'max_depth': 90, 'max_features': 3, 'min_samples_leaf': 4, 'min_samples_split': 10, 'n_estimators': 100}",0.3111111111111111,0.3888888888888889,0.37407407407407406,0.35802469135802467,0.033719753787031265,16
0.5831406911214193,0.036673287983352974,0.022309144337972004,0.0031764686056926328,True,90,3,4,10,200,"{'bootstrap': True, 'max_depth': 90, 'max_features': 3, 'min_samples_leaf': 4, 'min_samples_split': 10, 'n_estimators': 200}",0.2814814814814815,0.45185185185185184,0.3592592592592593,0.36419753086419754,0.06964101124034791,8
0.8130123615264893,0.04966484284514425,0.02922542889912923,0.0019105111103969359,True,90,3,4,10,300,"{'bootstrap': True, 'max_depth': 90, 'max_features': 3, 'min_samples_leaf': 4, 'min_samples_split': 10, 'n_estimators': 300}",0.26666666666666666,0.37037037037037035,0.34814814814814815,0.32839506172839505,0.04458140761794515,173
2.8417797088623047,0.15575955229335803,0.09043081601460774,0.00274655450765556,True,90,3,4,10,1000,"{'bootstrap': True, 'max_depth': 90, 'max_features': 3, 'min_samples_leaf': 4, 'min_samples_split': 10, 'n_estimators': 1000}",0.31851851851851853,0.37037037037037035,0.3296296296296296,0.3395061728395062,0.022290703808972568,82
0.2680915991465251,0.014652473658598883,0.012661218643188477,0.00269357449789443,True,90,3,4,12,100,"{'bootstrap': True, 'max_depth': 90, 'max_features': 3, 'min_samples_leaf': 4, 'min_samples_split': 12, 'n_estimators': 100}",0.26666666666666666,0.3333333333333333,0.31851851851851853,0.30617283950617286,0.02858231334022278,271
0.5421714782714844,0.03752531154287294,0.01985788345336914,0.001736589747765205,True,90,3,4,12,200,"{'bootstrap': True, 'max_depth': 90, 'max_features': 3, 'min_samples_leaf': 4, 'min_samples_split': 12, 'n_estimators': 200}",0.2740740740740741,0.362962962962963,0.34444444444444444,0.3271604938271605,0.03829151214634772,176
0.8246715863545736,0.021101391005176287,0.029468297958374023,0.002222933388269174,True,90,3,4,12,300,"{'bootstrap': True, 'max_depth': 90, 'max_features': 3, 'min_samples_leaf': 4, 'min_samples_split': 12, 'n_estimators': 300}",0.31851851851851853,0.45185185185185184,0.37407407407407406,0.3814814814814815,0.05468452985271629,1
2.766027847925822,0.18406826608395654,0.09047325452168782,0.00526508333817581,True,90,3,4,12,1000,"{'bootstrap': True, 'max_depth': 90, 'max_features': 3, 'min_samples_leaf': 4, 'min_samples_split': 12, 'n_estimators': 1000}",0.2740740740740741,0.37037037037037035,0.37407407407407406,0.3395061728395061,0.04629218088704363,96
0.2789150873819987,0.0020249414198879392,0.011664470036824545,0.0006752165227991245,True,90,3,5,8,100,"{'bootstrap': True, 'max_depth': 90, 'max_features': 3, 'min_samples_leaf': 5, 'min_samples_split': 8, 'n_estimators': 100}",0.26666666666666666,0.362962962962963,0.3333333333333333,0.3209876543209877,0.040270386247654555,228
0.5452411969502767,0.0035263882232648125,0.02018594741821289,0.00018021174963503433,True,90,3,5,8,200,"{'bootstrap': True, 'max_depth': 90, 'max_features': 3, 'min_samples_leaf': 5, 'min_samples_split': 8, 'n_estimators': 200}",0.31851851851851853,0.37037037037037035,0.24444444444444444,0.3111111111111111,0.051675184040632954,266
0.8333195845286051,0.04556654272306612,0.027822176615397137,0.001474427802574429,True,90,3,5,8,300,"{'bootstrap': True, 'max_depth': 90, 'max_features': 3, 'min_samples_leaf': 5, 'min_samples_split': 8, 'n_estimators': 300}",0.26666666666666666,0.3962962962962963,0.37407407407407406,0.345679012345679,0.056601942648630374,56
2.8122430642445884,0.10552273474983073,0.11088204383850098,0.019556250301856495,True,90,3,5,8,1000,"{'bootstrap': True, 'max_depth': 90, 'max_features': 3, 'min_samples_leaf': 5, 'min_samples_split': 8, 'n_estimators': 1000}",0.31851851851851853,0.37037037037037035,0.37407407407407406,0.35432098765432096,0.025361282202684104,24
0.2738962173461914,0.010001989951371653,0.011455774307250977,0.0006978492125333637,True,90,3,5,10,100,"{'bootstrap': True, 'max_depth': 90, 'max_features': 3, 'min_samples_leaf': 5, 'min_samples_split': 10, 'n_estimators': 100}",0.2740740740740741,0.3333333333333333,0.34814814814814815,0.3185185185185185,0.03200365776991535,242
0.5454405148824056,0.026748935934296825,0.02011847496032715,0.0014226440544014931,True,90,3,5,10,200,"{'bootstrap': True, 'max_depth': 90, 'max_features': 3, 'min_samples_leaf': 5, 'min_samples_split': 10, 'n_estimators': 200}",0.2740740740740741,0.3962962962962963,0.37407407407407406,0.34814814814814815,0.053158148497804904,47
0.8188043435414633,0.03526231839210491,0.028721173604329426,0.0013086608718318074,True,90,3,5,10,300,"{'bootstrap': True, 'max_depth': 90, 'max_features': 3, 'min_samples_leaf': 5, 'min_samples_split': 10, 'n_estimators': 300}",0.2740740740740741,0.362962962962963,0.31851851851851853,0.31851851851851853,0.03628873693012116,239
2.8932294050852456,0.0646813430276121,0.09866627057393391,0.008858319291887547,True,90,3,5,10,1000,"{'bootstrap': True, 'max_depth': 90, 'max_features': 3, 'min_samples_leaf': 5, 'min_samples_split': 10, 'n_estimators': 1000}",0.26666666666666666,0.37037037037037035,0.37407407407407406,0.337037037037037,0.04978233371273074,108
0.27893733978271484,0.026202595942521206,0.012078285217285156,0.0009556303429086458,True,90,3,5,12,100,"{'bootstrap': True, 'max_depth': 90, 'max_features': 3, 'min_samples_leaf': 5, 'min_samples_split': 12, 'n_estimators': 100}",0.26666666666666666,0.337037037037037,0.26666666666666666,0.2901234567901234,0.033172910722331854,288
0.5392776330312093,0.04336098459185623,0.01907006899515788,0.0007688662754095101,True,90,3,5,12,200,"{'bootstrap': True, 'max_depth': 90, 'max_features': 3, 'min_samples_leaf': 5, 'min_samples_split': 12, 'n_estimators': 200}",0.26666666666666666,0.3296296296296296,0.34444444444444444,0.3135802469135803,0.033719753787031265,259
0.9665051301320394,0.024303754496358913,0.040268898010253906,0.014978712466702918,True,90,3,5,12,300,"{'bootstrap': True, 'max_depth': 90, 'max_features': 3, 'min_samples_leaf': 5, 'min_samples_split': 12, 'n_estimators': 300}",0.31851851851851853,0.362962962962963,0.37407407407407406,0.35185185185185186,0.024002743327436512,31
2.7739373048146567,0.20098724750139588,0.09293874104817708,0.012439232014346492,True,90,3,5,12,1000,"{'bootstrap': True, 'max_depth': 90, 'max_features': 3, 'min_samples_leaf': 5, 'min_samples_split': 12, 'n_estimators': 1000}",0.26666666666666666,0.362962962962963,0.34814814814814815,0.32592592592592595,0.04233685975180803,183
0.2709494431813558,0.007318845951577496,0.013252337773640951,0.002381866887691077,True,100,2,3,8,100,"{'bootstrap': True, 'max_depth': 100, 'max_features': 2, 'min_samples_leaf': 3, 'min_samples_split': 8, 'n_estimators': 100}",0.2740740740740741,0.362962962962963,0.3,0.3123456790123457,0.03732399125390365,263
0.5240991910298666,0.018454506438890666,0.02167224884033203,0.001060222857129035,True,100,2,3,8,200,"{'bootstrap': True, 'max_depth': 100, 'max_features': 2, 'min_samples_leaf': 3, 'min_samples_split': 8, 'n_estimators': 200}",0.26666666666666666,0.37037037037037035,0.24444444444444444,0.2938271604938272,0.05487928585405646,287
0.7677292823791504,0.012846980526594364,0.03015311559041341,0.0018258196108813024,True,100,2,3,8,300,"{'bootstrap': True, 'max_depth': 100, 'max_features': 2, 'min_samples_leaf': 3, 'min_samples_split': 8, 'n_estimators': 300}",0.2740740740740741,0.37037037037037035,0.2740740740740741,0.30617283950617286,0.04539450940950674,271
2.628430128097534,0.03874503848217282,0.11152911186218262,0.03495444202272633,True,100,2,3,8,1000,"{'bootstrap': True, 'max_depth': 100, 'max_features': 2, 'min_samples_leaf': 3, 'min_samples_split': 8, 'n_estimators': 1000}",0.2740740740740741,0.37037037037037035,0.3296296296296296,0.32469135802469135,0.03946757373616241,190
0.31726908683776855,0.05405093375632797,0.012183268864949545,0.0015158015804707886,True,100,2,3,10,100,"{'bootstrap': True, 'max_depth': 100, 'max_features': 2, 'min_samples_leaf': 3, 'min_samples_split': 10, 'n_estimators': 100}",0.2740740740740741,0.4222222222222222,0.3111111111111111,0.33580246913580253,0.06295085819250351,127
0.5668819745381674,0.06862225272406765,0.022510290145874023,0.0032833686544566053,True,100,2,3,10,200,"{'bootstrap': True, 'max_depth': 100, 'max_features': 2, 'min_samples_leaf': 3, 'min_samples_split': 10, 'n_estimators': 200}",0.2740740740740741,0.45185185185185184,0.3037037037037037,0.3432098765432099,0.07776797900258578,65
0.8045764764149984,0.058688185853992415,0.030553261439005535,0.0030174633476009243,True,100,2,3,10,300,"{'bootstrap': True, 'max_depth': 100, 'max_features': 2, 'min_samples_leaf': 3, 'min_samples_split': 10, 'n_estimators': 300}",0.26666666666666666,0.37037037037037035,0.37407407407407406,0.337037037037037,0.04978233371273074,108
2.5231569608052573,0.1296664534094412,0.08722893397013347,0.0013552262676973378,True,100,2,3,10,1000,"{'bootstrap': True, 'max_depth': 100, 'max_features': 2, 'min_samples_leaf': 3, 'min_samples_split': 10, 'n_estimators': 1000}",0.2740740740740741,0.37037037037037035,0.3296296296296296,0.32469135802469135,0.03946757373616241,190
0.2737239996592204,0.02250213398336549,0.01392348607381185,0.002859891007491221,True,100,2,3,12,100,"{'bootstrap': True, 'max_depth': 100, 'max_features': 2, 'min_samples_leaf': 3, 'min_samples_split': 12, 'n_estimators': 100}",0.2740740740740741,0.3851851851851852,0.37407407407407406,0.3444444444444444,0.049965694678637186,61
0.5069127082824707,0.030318261235310208,0.020935614903767902,0.0014253674889131475,True,100,2,3,12,200,"{'bootstrap': True, 'max_depth': 100, 'max_features': 2, 'min_samples_leaf': 3, 'min_samples_split': 12, 'n_estimators': 200}",0.2740740740740741,0.3962962962962963,0.3592592592592593,0.3432098765432099,0.051171313027315334,65
0.801250139872233,0.05638993038954202,0.03378589948018392,0.0023206440632043525,True,100,2,3,12,300,"{'bootstrap': True, 'max_depth': 100, 'max_features': 2, 'min_samples_leaf': 3, 'min_samples_split': 12, 'n_estimators': 300}",0.2740740740740741,0.37037037037037035,0.34814814814814815,0.33086419753086416,0.04116872098897052,158
2.667565027872721,0.09362224847178288,0.08759315808614095,0.0029535606024428014,True,100,2,3,12,1000,"{'bootstrap': True, 'max_depth': 100, 'max_features': 2, 'min_samples_leaf': 3, 'min_samples_split': 12, 'n_estimators': 1000}",0.2740740740740741,0.37037037037037035,0.3037037037037037,0.3160493827160494,0.040270386247654534,245
0.26705296834309894,0.010470704866516243,0.012014071146647135,0.0008487446994873507,True,100,2,4,8,100,"{'bootstrap': True, 'max_depth': 100, 'max_features': 2, 'min_samples_leaf': 4, 'min_samples_split': 8, 'n_estimators': 100}",0.31851851851851853,0.36666666666666664,0.3592592592592593,0.3481481481481481,0.021168429875903994,51
0.5371510982513428,0.03156458429318895,0.02842871348063151,0.012747019025710954,True,100,2,4,8,200,"{'bootstrap': True, 'max_depth': 100, 'max_features': 2, 'min_samples_leaf': 4, 'min_samples_split': 8, 'n_estimators': 200}",0.2814814814814815,0.4,0.3592592592592593,0.3469135802469136,0.04916619197960464,53
0.8375853697458903,0.06802327874717841,0.029779354731241863,0.0032232339884651195,True,100,2,4,8,300,"{'bootstrap': True, 'max_depth': 100, 'max_features': 2, 'min_samples_leaf': 4, 'min_samples_split': 8, 'n_estimators': 300}",0.26666666666666666,0.362962962962963,0.3037037037037037,0.3111111111111111,0.03966019359063955,266
2.6059625148773193,0.053016391885388876,0.09142216046651204,0.004077686000922989,True,100,2,4,8,1000,"{'bootstrap': True, 'max_depth': 100, 'max_features': 2, 'min_samples_leaf': 4, 'min_samples_split': 8, 'n_estimators': 1000}",0.2740740740740741,0.37037037037037035,0.3296296296296296,0.32469135802469135,0.03946757373616241,190
0.2623320420583089,0.020280556063830443,0.011549631754557291,0.0003575342020361944,True,100,2,4,10,100,"{'bootstrap': True, 'max_depth': 100, 'max_features': 2, 'min_samples_leaf': 4, 'min_samples_split': 10, 'n_estimators': 100}",0.2740740740740741,0.3962962962962963,0.3296296296296296,0.3333333333333333,0.04996569467863719,136
0.5225152969360352,0.03492717817048557,0.021835486094156902,0.001861429399670581,True,100,2,4,10,200,"{'bootstrap': True, 'max_depth': 100, 'max_features': 2, 'min_samples_leaf': 4, 'min_samples_split': 10, 'n_estimators': 200}",0.31851851851851853,0.362962962962963,0.31851851851851853,0.3333333333333333,0.020951312035156967,136
0.7331295013427734,0.01716989146467541,0.03298346201578776,0.004635724521312162,True,100,2,4,10,300,"{'bootstrap': True, 'max_depth': 100, 'max_features': 2, 'min_samples_leaf': 4, 'min_samples_split': 10, 'n_estimators': 300}",0.2740740740740741,0.37037037037037035,0.3037037037037037,0.3160493827160494,0.040270386247654534,245
2.6370829741160073,0.06608273891378136,0.09987847010294597,0.004204907725515478,True,100,2,4,10,1000,"{'bootstrap': True, 'max_depth': 100, 'max_features': 2, 'min_samples_leaf': 4, 'min_samples_split': 10, 'n_estimators': 1000}",0.2740740740740741,0.37037037037037035,0.37407407407407406,0.3395061728395061,0.04629218088704363,96
0.28320542971293133,0.013148074870658217,0.013904651006062826,0.0022290018505706664,True,100,2,4,12,100,"{'bootstrap': True, 'max_depth': 100, 'max_features': 2, 'min_samples_leaf': 4, 'min_samples_split': 12, 'n_estimators': 100}",0.2740740740740741,0.37037037037037035,0.40370370370370373,0.3493827160493827,0.05496254145568412,40
0.5019404093424479,0.014725722913494759,0.02192862828572591,0.0024052526307533316,True,100,2,4,12,200,"{'bootstrap': True, 'max_depth': 100, 'max_features': 2, 'min_samples_leaf': 4, 'min_samples_split': 12, 'n_estimators': 200}",0.26666666666666666,0.42592592592592593,0.31851851851851853,0.337037037037037,0.06632284453611503,108
0.7432463963826498,0.03524731608464295,0.030341545740763348,0.0028177457874989406,True,100,2,4,12,300,"{'bootstrap': True, 'max_depth': 100, 'max_features': 2, 'min_samples_leaf': 4, 'min_samples_split': 12, 'n_estimators': 300}",0.26666666666666666,0.44814814814814813,0.34444444444444444,0.35308641975308647,0.07434108255468935,29
2.5235623518625894,0.10222074615213088,0.09894291559855144,0.009418351673747856,True,100,2,4,12,1000,"{'bootstrap': True, 'max_depth': 100, 'max_features': 2, 'min_samples_leaf': 4, 'min_samples_split': 12, 'n_estimators': 1000}",0.2740740740740741,0.4,0.3037037037037037,0.3259259259259259,0.05375689149895616,186
0.267122745513916,0.012039575168611939,0.013214111328125,0.00225177037790604,True,100,2,5,8,100,"{'bootstrap': True, 'max_depth': 100, 'max_features': 2, 'min_samples_leaf': 5, 'min_samples_split': 8, 'n_estimators': 100}",0.2740740740740741,0.3962962962962963,0.31851851851851853,0.32962962962962966,0.050511784062910584,165
0.4867231845855713,0.020664481426435653,0.019552946090698242,0.000965969068276198,True,100,2,5,8,200,"{'bootstrap': True, 'max_depth': 100, 'max_features': 2, 'min_samples_leaf': 5, 'min_samples_split': 8, 'n_estimators': 200}",0.2740740740740741,0.4,0.3037037037037037,0.3259259259259259,0.05375689149895616,186
0.8162163098653158,0.07770165268231768,0.031564791997273765,0.003325500005426645,True,100,2,5,8,300,"{'bootstrap': True, 'max_depth': 100, 'max_features': 2, 'min_samples_leaf': 5, 'min_samples_split': 8, 'n_estimators': 300}",0.2740740740740741,0.3962962962962963,0.3037037037037037,0.32469135802469135,0.052057206524217324,190
2.5525702635447183,0.018849971367865575,0.10510134696960449,0.010573765921971262,True,100,2,5,8,1000,"{'bootstrap': True, 'max_depth': 100, 'max_features': 2, 'min_samples_leaf': 5, 'min_samples_split': 8, 'n_estimators': 1000}",0.26666666666666666,0.37037037037037035,0.3296296296296296,0.32222222222222224,0.04265963590906418,213
0.25603222846984863,0.002573409431765247,0.010000387827555338,0.0012350592721323283,True,100,2,5,10,100,"{'bootstrap': True, 'max_depth': 100, 'max_features': 2, 'min_samples_leaf': 5, 'min_samples_split': 10, 'n_estimators': 100}",0.26666666666666666,0.37037037037037035,0.3333333333333333,0.3234567901234568,0.0429090054246488,212
0.48763449986775714,0.019624167941405538,0.02343885103861491,0.004644740056908962,True,100,2,5,10,200,"{'bootstrap': True, 'max_depth': 100, 'max_features': 2, 'min_samples_leaf': 5, 'min_samples_split': 10, 'n_estimators': 200}",0.26666666666666666,0.37037037037037035,0.3037037037037037,0.3135802469135803,0.042909005424648795,259
0.7809142271677653,0.018740604369458274,0.031600395838419594,0.0015717550734884427,True,100,2,5,10,300,"{'bootstrap': True, 'max_depth': 100, 'max_features': 2, 'min_samples_leaf': 5, 'min_samples_split': 10, 'n_estimators': 300}",0.2740740740740741,0.4222222222222222,0.3296296296296296,0.3419753086419753,0.061107993435874475,72
2.700618584950765,0.13974961630710436,0.0916457970937093,0.0049312320547406875,True,100,2,5,10,1000,"{'bootstrap': True, 'max_depth': 100, 'max_features': 2, 'min_samples_leaf': 5, 'min_samples_split': 10, 'n_estimators': 1000}",0.2740740740740741,0.37037037037037035,0.34444444444444444,0.3296296296296296,0.04068458531675081,170
0.2508567174275716,0.014532171687082237,0.011957486470540365,0.0003124332939183279,True,100,2,5,12,100,"{'bootstrap': True, 'max_depth': 100, 'max_features': 2, 'min_samples_leaf': 5, 'min_samples_split': 12, 'n_estimators': 100}",0.26666666666666666,0.3925925925925926,0.34074074074074073,0.3333333333333333,0.05167518404063297,136
0.5097944736480713,0.03013092623880431,0.024558385213216145,0.006781549180345022,True,100,2,5,12,200,"{'bootstrap': True, 'max_depth': 100, 'max_features': 2, 'min_samples_leaf': 5, 'min_samples_split': 12, 'n_estimators': 200}",0.2740740740740741,0.37037037037037035,0.3037037037037037,0.3160493827160494,0.040270386247654534,245
0.7818489869435629,0.024271215881353166,0.029866774876912434,0.0008765593937240621,True,100,2,5,12,300,"{'bootstrap': True, 'max_depth': 100, 'max_features': 2, 'min_samples_leaf': 5, 'min_samples_split': 12, 'n_estimators': 300}",0.2740740740740741,0.37037037037037035,0.31851851851851853,0.32098765432098764,0.039351549260516594,231
2.7338898181915283,0.28547010061064143,0.09122260411580403,0.008071565155254435,True,100,2,5,12,1000,"{'bootstrap': True, 'max_depth': 100, 'max_features': 2, 'min_samples_leaf': 5, 'min_samples_split': 12, 'n_estimators': 1000}",0.2740740740740741,0.37037037037037035,0.3592592592592593,0.33456790123456787,0.04301543553131937,131
0.3145248095194499,0.01880369225850747,0.01224827766418457,0.0024372902072877073,True,100,3,3,8,100,"{'bootstrap': True, 'max_depth': 100, 'max_features': 3, 'min_samples_leaf': 3, 'min_samples_split': 8, 'n_estimators': 100}",0.26666666666666666,0.3962962962962963,0.3296296296296296,0.3308641975308642,0.05292827434623709,151
0.6989029248555502,0.08783543485978089,0.029562870661417644,0.011578490833740147,True,100,3,3,8,200,"{'bootstrap': True, 'max_depth': 100, 'max_features': 3, 'min_samples_leaf': 3, 'min_samples_split': 8, 'n_estimators': 200}",0.31851851851851853,0.3962962962962963,0.3037037037037037,0.3395061728395062,0.04060959062567538,82
0.9249648253122965,0.0905975824068964,0.03003994623819987,0.0016031095217800776,True,100,3,3,8,300,"{'bootstrap': True, 'max_depth': 100, 'max_features': 3, 'min_samples_leaf': 3, 'min_samples_split': 8, 'n_estimators': 300}",0.2740740740740741,0.37037037037037035,0.3,0.3148148148148148,0.04068458531675081,255
3.043558438618978,0.03852452102891699,0.09541440010070801,0.001553984584036437,True,100,3,3,8,1000,"{'bootstrap': True, 'max_depth': 100, 'max_features': 3, 'min_samples_leaf': 3, 'min_samples_split': 8, 'n_estimators': 1000}",0.2740740740740741,0.37037037037037035,0.2740740740740741,0.30617283950617286,0.04539450940950674,271
0.38009921709696454,0.06803654360228759,0.013375043869018555,0.0008849873065496631,True,100,3,3,10,100,"{'bootstrap': True, 'max_depth': 100, 'max_features': 3, 'min_samples_leaf': 3, 'min_samples_split': 10, 'n_estimators': 100}",0.26666666666666666,0.35555555555555557,0.37407407407407406,0.33209876543209876,0.04688108036061117,145
0.6273095607757568,0.06937587023604273,0.03240561485290527,0.008310021923215248,True,100,3,3,10,200,"{'bootstrap': True, 'max_depth': 100, 'max_features': 3, 'min_samples_leaf': 3, 'min_samples_split': 10, 'n_estimators': 200}",0.2740740740740741,0.362962962962963,0.3296296296296296,0.32222222222222224,0.03666479606152469,213
0.9176137447357178,0.05436532081677782,0.028236786524454754,0.001394482806440367,True,100,3,3,10,300,"{'bootstrap': True, 'max_depth': 100, 'max_features': 3, 'min_samples_leaf': 3, 'min_samples_split': 10, 'n_estimators': 300}",0.32592592592592595,0.34074074074074073,0.3592592592592593,0.3419753086419754,0.013636248169366986,70
2.8366593519846597,0.2078097508055587,0.09550213813781738,0.008660819612313382,True,100,3,3,10,1000,"{'bootstrap': True, 'max_depth': 100, 'max_features': 3, 'min_samples_leaf': 3, 'min_samples_split': 10, 'n_estimators': 1000}",0.2740740740740741,0.37037037037037035,0.37407407407407406,0.3395061728395061,0.04629218088704363,96
0.31910069783528644,0.04762113291799254,0.01141794522603353,0.0002667090463629528,True,100,3,3,12,100,"{'bootstrap': True, 'max_depth': 100, 'max_features': 3, 'min_samples_leaf': 3, 'min_samples_split': 12, 'n_estimators': 100}",0.31851851851851853,0.37037037037037035,0.3296296296296296,0.3395061728395062,0.022290703808972568,82
0.5575120449066162,0.014581366888661261,0.019083817799886067,0.0004266855724934745,True,100,3,3,12,200,"{'bootstrap': True, 'max_depth': 100, 'max_features': 3, 'min_samples_leaf': 3, 'min_samples_split': 12, 'n_estimators': 200}",0.2814814814814815,0.37037037037037035,0.40370370370370373,0.35185185185185186,0.05158662324883007,31
0.8074448903401693,0.024676134909140227,0.02922964096069336,0.0022025908987393294,True,100,3,3,12,300,"{'bootstrap': True, 'max_depth': 100, 'max_features': 3, 'min_samples_leaf': 3, 'min_samples_split': 12, 'n_estimators': 300}",0.31851851851851853,0.37037037037037035,0.3592592592592593,0.34938271604938276,0.022290703808972568,39
2.7920166651407876,0.07274580031715185,0.08558217684427898,0.004173883012541744,True,100,3,3,12,1000,"{'bootstrap': True, 'max_depth': 100, 'max_features': 3, 'min_samples_leaf': 3, 'min_samples_split': 12, 'n_estimators': 1000}",0.26666666666666666,0.37037037037037035,0.3296296296296296,0.32222222222222224,0.04265963590906418,213
0.2858266035715739,0.006521863837087072,0.013427019119262695,0.0014350708912883084,True,100,3,4,8,100,"{'bootstrap': True, 'max_depth': 100, 'max_features': 3, 'min_samples_leaf': 4, 'min_samples_split': 8, 'n_estimators': 100}",0.2740740740740741,0.3148148148148148,0.3296296296296296,0.30617283950617286,0.023489256284494373,271
0.5942151546478271,0.03559493945467507,0.022663990656534832,0.0031850824597778396,True,100,3,4,8,200,"{'bootstrap': True, 'max_depth': 100, 'max_features': 3, 'min_samples_leaf': 4, 'min_samples_split': 8, 'n_estimators': 200}",0.2740740740740741,0.37037037037037035,0.2740740740740741,0.30617283950617286,0.04539450940950674,271
0.852457602818807,0.01462885142072054,0.028097152709960938,0.00014772194030991431,True,100,3,4,8,300,"{'bootstrap': True, 'max_depth': 100, 'max_features': 3, 'min_samples_leaf': 4, 'min_samples_split': 8, 'n_estimators': 300}",0.31851851851851853,0.362962962962963,0.3296296296296296,0.337037037037037,0.018885257457751065,108
2.8052978515625,0.1072291116031801,0.0923007329305013,0.005118894689084399,True,100,3,4,8,1000,"{'bootstrap': True, 'max_depth': 100, 'max_features': 3, 'min_samples_leaf': 4, 'min_samples_split': 8, 'n_estimators': 1000}",0.31851851851851853,0.3333333333333333,0.3296296296296296,0.3271604938271605,0.006295085819250336,176
0.2919902801513672,0.013139183071327054,0.011918147404988607,0.0005301721733986522,True,100,3,4,10,100,"{'bootstrap': True, 'max_depth': 100, 'max_features': 3, 'min_samples_leaf': 4, 'min_samples_split': 10, 'n_estimators': 100}",0.2740740740740741,0.36666666666666664,0.37407407407407406,0.33827160493827163,0.0454951253646624,105
0.5574411551157633,0.016945217385002945,0.019947369893391926,0.00124130952550009,True,100,3,4,10,200,"{'bootstrap': True, 'max_depth': 100, 'max_features': 3, 'min_samples_leaf': 4, 'min_samples_split': 10, 'n_estimators': 200}",0.2740740740740741,0.37037037037037035,0.31851851851851853,0.32098765432098764,0.039351549260516594,231
0.891985019048055,0.028165557142490714,0.029889901479085285,0.0020272287336885113,True,100,3,4,10,300,"{'bootstrap': True, 'max_depth': 100, 'max_features': 3, 'min_samples_leaf': 4, 'min_samples_split': 10, 'n_estimators': 300}",0.2740740740740741,0.3333333333333333,0.3296296296296296,0.31234567901234567,0.02710431901246931,265
2.834127505620321,0.1800342964755643,0.10445046424865723,0.01770489817503695,True,100,3,4,10,1000,"{'bootstrap': True, 'max_depth': 100, 'max_features': 3, 'min_samples_leaf': 4, 'min_samples_split': 10, 'n_estimators': 1000}",0.26666666666666666,0.37037037037037035,0.37407407407407406,0.337037037037037,0.04978233371273074,108
0.28625981012980145,0.019459610441809785,0.010721683502197266,9.499856023977361e-05,True,100,3,4,12,100,"{'bootstrap': True, 'max_depth': 100, 'max_features': 3, 'min_samples_leaf': 4, 'min_samples_split': 12, 'n_estimators': 100}",0.2740740740740741,0.3962962962962963,0.34814814814814815,0.3395061728395062,0.05026981005309218,82
0.5919460455576578,0.050838066228702725,0.02278439203898112,0.0028747572414846117,True,100,3,4,12,200,"{'bootstrap': True, 'max_depth': 100, 'max_features': 3, 'min_samples_leaf': 4, 'min_samples_split': 12, 'n_estimators': 200}",0.31851851851851853,0.4,0.37407407407407406,0.36419753086419754,0.0339898762912005,8
0.7675573031107584,0.014104155761025193,0.026372591654459637,0.00029911200532777135,True,100,3,4,12,300,"{'bootstrap': True, 'max_depth': 100, 'max_features': 3, 'min_samples_leaf': 4, 'min_samples_split': 12, 'n_estimators': 300}",0.2740740740740741,0.3333333333333333,0.3592592592592593,0.32222222222222224,0.035653158217762104,213
2.944913307825724,0.048473910200588104,0.0958399772644043,0.000523549936875046,True,100,3,4,12,1000,"{'bootstrap': True, 'max_depth': 100, 'max_features': 3, 'min_samples_leaf': 4, 'min_samples_split': 12, 'n_estimators': 1000}",0.26666666666666666,0.37037037037037035,0.37407407407407406,0.337037037037037,0.04978233371273074,108
0.2741735776265462,0.012211077744527007,0.01199483871459961,0.0008231444402449553,True,100,3,5,8,100,"{'bootstrap': True, 'max_depth': 100, 'max_features': 3, 'min_samples_leaf': 5, 'min_samples_split': 8, 'n_estimators': 100}",0.26666666666666666,0.362962962962963,0.37407407407407406,0.3345679012345679,0.048227222184258296,128
0.5599846839904785,0.040122610759419815,0.019861698150634766,0.001833589948176758,True,100,3,5,8,200,"{'bootstrap': True, 'max_depth': 100, 'max_features': 3, 'min_samples_leaf': 5, 'min_samples_split': 8, 'n_estimators': 200}",0.31851851851851853,0.3888888888888889,0.3296296296296296,0.34567901234567905,0.030888879020239027,55
0.8225661913553873,0.044118805891193366,0.035470167795817055,0.006294495321137548,True,100,3,5,8,300,"{'bootstrap': True, 'max_depth': 100, 'max_features': 3, 'min_samples_leaf': 5, 'min_samples_split': 8, 'n_estimators': 300}",0.26666666666666666,0.37037037037037035,0.31851851851851853,0.31851851851851853,0.04233685975180801,239
2.8538201649983725,0.09427978446554254,0.09451937675476074,0.009645825552396901,True,100,3,5,8,1000,"{'bootstrap': True, 'max_depth': 100, 'max_features': 3, 'min_samples_leaf': 5, 'min_samples_split': 8, 'n_estimators': 1000}",0.31851851851851853,0.3962962962962963,0.37407407407407406,0.36296296296296293,0.03271022543084387,13
0.3766690095265706,0.0598982567196726,0.010921716690063477,0.0002797255229677254,True,100,3,5,10,100,"{'bootstrap': True, 'max_depth': 100, 'max_features': 3, 'min_samples_leaf': 5, 'min_samples_split': 10, 'n_estimators': 100}",0.2740740740740741,0.4222222222222222,0.37407407407407406,0.3567901234567901,0.0617036987634558,21
0.569591204325358,0.012401265659639019,0.023136695226033527,0.0032992913752814836,True,100,3,5,10,200,"{'bootstrap': True, 'max_depth': 100, 'max_features': 3, 'min_samples_leaf': 5, 'min_samples_split': 10, 'n_estimators': 200}",0.31851851851851853,0.362962962962963,0.37407407407407406,0.35185185185185186,0.024002743327436512,31
0.7875917752583822,0.043722770249439366,0.030986467997233074,0.004703352826856826,True,100,3,5,10,300,"{'bootstrap': True, 'max_depth': 100, 'max_features': 3, 'min_samples_leaf': 5, 'min_samples_split': 10, 'n_estimators': 300}",0.26666666666666666,0.37037037037037035,0.37407407407407406,0.337037037037037,0.04978233371273074,108
2.973552703857422,0.21492878533310178,0.10341858863830566,0.004561670846359718,True,100,3,5,10,1000,"{'bootstrap': True, 'max_depth': 100, 'max_features': 3, 'min_samples_leaf': 5, 'min_samples_split': 10, 'n_estimators': 1000}",0.31851851851851853,0.3962962962962963,0.31851851851851853,0.3444444444444444,0.03666479606152469,61
0.2944908142089844,0.030636056095330363,0.0167694091796875,0.008368506614965954,True,100,3,5,12,100,"{'bootstrap': True, 'max_depth': 100, 'max_features': 3, 'min_samples_leaf': 5, 'min_samples_split': 12, 'n_estimators': 100}",0.31851851851851853,0.45185185185185184,0.37407407407407406,0.3814814814814815,0.05468452985271629,1
0.555559237798055,0.027818846149918634,0.02136842409769694,0.001523453731479636,True,100,3,5,12,200,"{'bootstrap': True, 'max_depth': 100, 'max_features': 3, 'min_samples_leaf': 5, 'min_samples_split': 12, 'n_estimators': 200}",0.26666666666666666,0.362962962962963,0.3592592592592593,0.32962962962962966,0.04454720630288573,165
0.965786854426066,0.015097589043439408,0.030156691869099934,0.004740776391038178,True,100,3,5,12,300,"{'bootstrap': True, 'max_depth': 100, 'max_features': 3, 'min_samples_leaf': 5, 'min_samples_split': 12, 'n_estimators': 300}",0.31851851851851853,0.4,0.37407407407407406,0.36419753086419754,0.0339898762912005,8
2.7362546920776367,0.07818475071955022,0.09534494082132976,0.004117381450908996,True,100,3,5,12,1000,"{'bootstrap': True, 'max_depth': 100, 'max_features': 3, 'min_samples_leaf': 5, 'min_samples_split': 12, 'n_estimators': 1000}",0.26666666666666666,0.3962962962962963,0.37407407407407406,0.345679012345679,0.056601942648630374,56
0.26604453722635907,0.003915054900902635,0.012639760971069336,0.0010919226824240439,True,110,2,3,8,100,"{'bootstrap': True, 'max_depth': 110, 'max_features': 2, 'min_samples_leaf': 3, 'min_samples_split': 8, 'n_estimators': 100}",0.2814814814814815,0.37037037037037035,0.3592592592592593,0.337037037037037,0.03954473426678262,108
0.6014023621877035,0.08369974817038933,0.02153801918029785,0.00254256872317732,True,110,2,3,8,200,"{'bootstrap': True, 'max_depth': 110, 'max_features': 2, 'min_samples_leaf': 3, 'min_samples_split': 8, 'n_estimators': 200}",0.2740740740740741,0.362962962962963,0.3296296296296296,0.32222222222222224,0.03666479606152469,213
0.8246113459269205,0.047092859288533136,0.0399328867594401,0.0090277133540022,True,110,2,3,8,300,"{'bootstrap': True, 'max_depth': 110, 'max_features': 2, 'min_samples_leaf': 3, 'min_samples_split': 8, 'n_estimators': 300}",0.2740740740740741,0.37037037037037035,0.2740740740740741,0.30617283950617286,0.04539450940950674,271
2.61255153020223,0.09224370820752643,0.11563388506571452,0.026627308671507182,True,110,2,3,8,1000,"{'bootstrap': True, 'max_depth': 110, 'max_features': 2, 'min_samples_leaf': 3, 'min_samples_split': 8, 'n_estimators': 1000}",0.2740740740740741,0.37037037037037035,0.3296296296296296,0.32469135802469135,0.03946757373616241,190
0.2683730920155843,0.005864581045119983,0.01168513298034668,0.0006610768967306016,True,110,2,3,10,100,"{'bootstrap': True, 'max_depth': 110, 'max_features': 2, 'min_samples_leaf': 3, 'min_samples_split': 10, 'n_estimators': 100}",0.2814814814814815,0.37037037037037035,0.3296296296296296,0.3271604938271605,0.03633071350509174,176
0.5290953318277994,0.027485097122806234,0.020563284556070965,0.0011874086589784257,True,110,2,3,10,200,"{'bootstrap': True, 'max_depth': 110, 'max_features': 2, 'min_samples_leaf': 3, 'min_samples_split': 10, 'n_estimators': 200}",0.2814814814814815,0.362962962962963,0.3296296296296296,0.32469135802469135,0.033447449837392756,190
0.7725927829742432,0.016694625137937673,0.031012852986653645,0.0018225195297740721,True,110,2,3,10,300,"{'bootstrap': True, 'max_depth': 110, 'max_features': 2, 'min_samples_leaf': 3, 'min_samples_split': 10, 'n_estimators': 300}",0.2740740740740741,0.37037037037037035,0.31851851851851853,0.32098765432098764,0.039351549260516594,231
2.675532261530558,0.09842477214195956,0.09288271268208821,0.00551044338504624,True,110,2,3,10,1000,"{'bootstrap': True, 'max_depth': 110, 'max_features': 2, 'min_samples_leaf': 3, 'min_samples_split': 10, 'n_estimators': 1000}",0.2740740740740741,0.37037037037037035,0.3296296296296296,0.32469135802469135,0.03946757373616241,190
0.2689075469970703,0.020673015581343147,0.01256577173868815,0.0012939467120213007,True,110,2,3,12,100,"{'bootstrap': True, 'max_depth': 110, 'max_features': 2, 'min_samples_leaf': 3, 'min_samples_split': 12, 'n_estimators': 100}",0.2814814814814815,0.362962962962963,0.34814814814814815,0.3308641975308642,0.035438765665203265,151
0.5129928588867188,0.008916150395042172,0.020745118459065754,0.0009106209105502057,True,110,2,3,12,200,"{'bootstrap': True, 'max_depth': 110, 'max_features': 2, 'min_samples_leaf': 3, 'min_samples_split': 12, 'n_estimators': 200}",0.2740740740740741,0.3333333333333333,0.4148148148148148,0.34074074074074073,0.05769541454591566,76
0.7836827437082926,0.06150233570336225,0.03482770919799805,0.009359021082635957,True,110,2,3,12,300,"{'bootstrap': True, 'max_depth': 110, 'max_features': 2, 'min_samples_leaf': 3, 'min_samples_split': 12, 'n_estimators': 300}",0.2814814814814815,0.34074074074074073,0.3037037037037037,0.30864197530864196,0.02444319737434978,269
2.7015177408854165,0.12524750531851192,0.12051860491434734,0.0239173163985479,True,110,2,3,12,1000,"{'bootstrap': True, 'max_depth': 110, 'max_features': 2, 'min_samples_leaf': 3, 'min_samples_split': 12, 'n_estimators': 1000}",0.2740740740740741,0.37037037037037035,0.34814814814814815,0.33086419753086416,0.04116872098897052,158
0.2664796511332194,0.02232611003076667,0.010742982228597006,0.00010309397517211807,True,110,2,4,8,100,"{'bootstrap': True, 'max_depth': 110, 'max_features': 2, 'min_samples_leaf': 4, 'min_samples_split': 8, 'n_estimators': 100}",0.2814814814814815,0.4222222222222222,0.28888888888888886,0.3308641975308642,0.06467062149979652,151
0.5705216725667318,0.06562512316803791,0.021172205607096355,0.0010787560202798704,True,110,2,4,8,200,"{'bootstrap': True, 'max_depth': 110, 'max_features': 2, 'min_samples_leaf': 4, 'min_samples_split': 8, 'n_estimators': 200}",0.2740740740740741,0.34074074074074073,0.2740740740740741,0.2962962962962963,0.03142696805273544,286
0.7955954869588217,0.040473355768776045,0.0274960199991862,0.0007205527602058497,True,110,2,4,8,300,"{'bootstrap': True, 'max_depth': 110, 'max_features': 2, 'min_samples_leaf': 4, 'min_samples_split': 8, 'n_estimators': 300}",0.2740740740740741,0.362962962962963,0.3296296296296296,0.32222222222222224,0.03666479606152469,213
2.560699542363485,0.08371650837347336,0.09749325116475423,0.0030251769842410464,True,110,2,4,8,1000,"{'bootstrap': True, 'max_depth': 110, 'max_features': 2, 'min_samples_leaf': 4, 'min_samples_split': 8, 'n_estimators': 1000}",0.2740740740740741,0.37037037037037035,0.3296296296296296,0.32469135802469135,0.03946757373616241,190
0.27032971382141113,0.01866282248209038,0.011823892593383789,0.0005020683554867968,True,110,2,4,10,100,"{'bootstrap': True, 'max_depth': 110, 'max_features': 2, 'min_samples_leaf': 4, 'min_samples_split': 10, 'n_estimators': 100}",0.2740740740740741,0.362962962962963,0.3037037037037037,0.3135802469135803,0.036954640857026586,259
0.5137898921966553,0.023544763957971268,0.020070711771647137,0.0010252421269353607,True,110,2,4,10,200,"{'bootstrap': True, 'max_depth': 110, 'max_features': 2, 'min_samples_leaf': 4, 'min_samples_split': 10, 'n_estimators': 200}",0.2740740740740741,0.3962962962962963,0.31851851851851853,0.32962962962962966,0.050511784062910584,165
0.766271193822225,0.013691276521536603,0.030502796173095703,0.0031878616701551212,True,110,2,4,10,300,"{'bootstrap': True, 'max_depth': 110, 'max_features': 2, 'min_samples_leaf': 4, 'min_samples_split': 10, 'n_estimators': 300}",0.2740740740740741,0.42592592592592593,0.34814814814814815,0.3493827160493827,0.061999405083899846,40
2.6589414278666177,0.15600334019369402,0.10062559445699056,0.002871637075730268,True,110,2,4,10,1000,"{'bootstrap': True, 'max_depth': 110, 'max_features': 2, 'min_samples_leaf': 4, 'min_samples_split': 10, 'n_estimators': 1000}",0.2740740740740741,0.37037037037037035,0.37407407407407406,0.3395061728395061,0.04629218088704363,96
0.2529623508453369,0.0073388356225616205,0.011571168899536133,0.0005407533454108782,True,110,2,4,12,100,"{'bootstrap': True, 'max_depth': 110, 'max_features': 2, 'min_samples_leaf': 4, 'min_samples_split': 12, 'n_estimators': 100}",0.2740740740740741,0.35555555555555557,0.34814814814814815,0.32592592592592595,0.036789294878398375,183
0.537408192952474,0.026878524042310264,0.02028512954711914,0.0006325385544698318,True,110,2,4,12,200,"{'bootstrap': True, 'max_depth': 110, 'max_features': 2, 'min_samples_leaf': 4, 'min_samples_split': 12, 'n_estimators': 200}",0.2740740740740741,0.362962962962963,0.3296296296296296,0.32222222222222224,0.03666479606152469,213
0.7395085493723551,0.034841532414358944,0.03432901700337728,0.0029710451130935314,True,110,2,4,12,300,"{'bootstrap': True, 'max_depth': 110, 'max_features': 2, 'min_samples_leaf': 4, 'min_samples_split': 12, 'n_estimators': 300}",0.2740740740740741,0.362962962962963,0.3037037037037037,0.3135802469135803,0.036954640857026586,259
2.6915833950042725,0.06339300111171782,0.10507710774739583,0.006785505223982332,True,110,2,4,12,1000,"{'bootstrap': True, 'max_depth': 110, 'max_features': 2, 'min_samples_leaf': 4, 'min_samples_split': 12, 'n_estimators': 1000}",0.2740740740740741,0.37037037037037035,0.2740740740740741,0.30617283950617286,0.04539450940950674,271
0.26680970191955566,0.014423079950628998,0.0117952028910319,0.0007820321370820679,True,110,2,5,8,100,"{'bootstrap': True, 'max_depth': 110, 'max_features': 2, 'min_samples_leaf': 5, 'min_samples_split': 8, 'n_estimators': 100}",0.2740740740740741,0.37037037037037035,0.31851851851851853,0.32098765432098764,0.039351549260516594,231
0.5152742862701416,0.022373710955175242,0.021026213963826496,0.0012242599776931833,True,110,2,5,8,200,"{'bootstrap': True, 'max_depth': 110, 'max_features': 2, 'min_samples_leaf': 5, 'min_samples_split': 8, 'n_estimators': 200}",0.2740740740740741,0.34074074074074073,0.3037037037037037,0.30617283950617286,0.027272496338733968,271
0.7319405873616537,0.022085541078769477,0.02976568539937337,0.0030176749302528046,True,110,2,5,8,300,"{'bootstrap': True, 'max_depth': 110, 'max_features': 2, 'min_samples_leaf': 5, 'min_samples_split': 8, 'n_estimators': 300}",0.2740740740740741,0.42592592592592593,0.34814814814814815,0.3493827160493827,0.061999405083899846,40
2.520270665486654,0.13006164985820687,0.09522223472595215,0.00782351948799771,True,110,2,5,8,1000,"{'bootstrap': True, 'max_depth': 110, 'max_features': 2, 'min_samples_leaf': 5, 'min_samples_split': 8, 'n_estimators': 1000}",0.2740740740740741,0.37037037037037035,0.3296296296296296,0.32469135802469135,0.03946757373616241,190
0.24822123845418295,0.012272974335204904,0.011647939682006836,0.00035750773849402626,True,110,2,5,10,100,"{'bootstrap': True, 'max_depth': 110, 'max_features': 2, 'min_samples_leaf': 5, 'min_samples_split': 10, 'n_estimators': 100}",0.2740740740740741,0.45185185185185184,0.31851851851851853,0.3481481481481481,0.0755410298310042,51
0.48734569549560547,0.006667272010336433,0.02062368392944336,0.0017383307829062374,True,110,2,5,10,200,"{'bootstrap': True, 'max_depth': 110, 'max_features': 2, 'min_samples_leaf': 5, 'min_samples_split': 10, 'n_estimators': 200}",0.2740740740740741,0.37037037037037035,0.37407407407407406,0.3395061728395061,0.04629218088704363,96
0.7729411125183105,0.04254902044911738,0.030270894368489582,0.0014981486981747174,True,110,2,5,10,300,"{'bootstrap': True, 'max_depth': 110, 'max_features': 2, 'min_samples_leaf': 5, 'min_samples_split': 10, 'n_estimators': 300}",0.26666666666666666,0.4222222222222222,0.3296296296296296,0.3395061728395062,0.06388814337252154,82
2.449373483657837,0.03205857331981067,0.0908497969309489,0.003523678266376875,True,110,2,5,10,1000,"{'bootstrap': True, 'max_depth': 110, 'max_features': 2, 'min_samples_leaf': 5, 'min_samples_split': 10, 'n_estimators': 1000}",0.2740740740740741,0.37037037037037035,0.37407407407407406,0.3395061728395061,0.04629218088704363,96
0.27841893831888836,0.015645906007850333,0.011384963989257812,0.0011051847051432714,True,110,2,5,12,100,"{'bootstrap': True, 'max_depth': 110, 'max_features': 2, 'min_samples_leaf': 5, 'min_samples_split': 12, 'n_estimators': 100}",0.31851851851851853,0.37037037037037035,0.3037037037037037,0.3308641975308642,0.028582313340222768,151
0.5213008721669515,0.02491334468808578,0.020418643951416016,0.0008018223706624742,True,110,2,5,12,200,"{'bootstrap': True, 'max_depth': 110, 'max_features': 2, 'min_samples_leaf': 5, 'min_samples_split': 12, 'n_estimators': 200}",0.34444444444444444,0.37037037037037035,0.3037037037037037,0.3395061728395062,0.02743964292702823,82
0.8379599253336588,0.050015255345922396,0.03707750638326009,0.0029456211026675145,True,110,2,5,12,300,"{'bootstrap': True, 'max_depth': 110, 'max_features': 2, 'min_samples_leaf': 5, 'min_samples_split': 12, 'n_estimators': 300}",0.2740740740740741,0.37037037037037035,0.34814814814814815,0.33086419753086416,0.04116872098897052,158
2.5318449338277182,0.10406960833369648,0.11628381411234538,0.015027867471332454,True,110,2,5,12,1000,"{'bootstrap': True, 'max_depth': 110, 'max_features': 2, 'min_samples_leaf': 5, 'min_samples_split': 12, 'n_estimators': 1000}",0.2740740740740741,0.42592592592592593,0.37407407407407406,0.35802469135802467,0.06302345194123565,16
0.287769873936971,0.007161592968151334,0.010883649190266928,0.000569261836215618,True,110,3,3,8,100,"{'bootstrap': True, 'max_depth': 110, 'max_features': 3, 'min_samples_leaf': 3, 'min_samples_split': 8, 'n_estimators': 100}",0.26666666666666666,0.362962962962963,0.3296296296296296,0.3197530864197531,0.03992830031801539,236
0.595669666926066,0.013986222323449867,0.02612439791361491,0.007637564209807246,True,110,3,3,8,200,"{'bootstrap': True, 'max_depth': 110, 'max_features': 3, 'min_samples_leaf': 3, 'min_samples_split': 8, 'n_estimators': 200}",0.31851851851851853,0.42592592592592593,0.2740740740740741,0.3395061728395062,0.06374484268358314,82
0.8913009166717529,0.06033220120860512,0.0346991221110026,0.005098945244182456,True,110,3,3,8,300,"{'bootstrap': True, 'max_depth': 110, 'max_features': 3, 'min_samples_leaf': 3, 'min_samples_split': 8, 'n_estimators': 300}",0.2740740740740741,0.3111111111111111,0.37407407407407406,0.3197530864197531,0.04127963826493947,236
2.8835361003875732,0.07950585385704208,0.09414831797281902,0.004306049354719944,True,110,3,3,8,1000,"{'bootstrap': True, 'max_depth': 110, 'max_features': 3, 'min_samples_leaf': 3, 'min_samples_split': 8, 'n_estimators': 1000}",0.2740740740740741,0.3962962962962963,0.3296296296296296,0.3333333333333333,0.04996569467863719,136
0.2797393004099528,0.009612480507952883,0.011505603790283203,0.0006211833386525634,True,110,3,3,10,100,"{'bootstrap': True, 'max_depth': 110, 'max_features': 3, 'min_samples_leaf': 3, 'min_samples_split': 10, 'n_estimators': 100}",0.2740740740740741,0.37037037037037035,0.3111111111111111,0.3185185185185185,0.03966019359063952,242
0.5882768630981445,0.05065650111837468,0.023237864176432293,0.00381861851405184,True,110,3,3,10,200,"{'bootstrap': True, 'max_depth': 110, 'max_features': 3, 'min_samples_leaf': 3, 'min_samples_split': 10, 'n_estimators': 200}",0.26666666666666666,0.37037037037037035,0.26666666666666666,0.30123456790123454,0.048886394748699574,284
0.8178304036458334,0.038760476732503144,0.03345823287963867,0.0033382149292046416,True,110,3,3,10,300,"{'bootstrap': True, 'max_depth': 110, 'max_features': 3, 'min_samples_leaf': 3, 'min_samples_split': 10, 'n_estimators': 300}",0.2814814814814815,0.37037037037037035,0.3111111111111111,0.3209876543209877,0.036954640857026565,228
2.9343467553456626,0.15184938219372274,0.10228427251180013,0.009191049596274028,True,110,3,3,10,1000,"{'bootstrap': True, 'max_depth': 110, 'max_features': 3, 'min_samples_leaf': 3, 'min_samples_split': 10, 'n_estimators': 1000}",0.31851851851851853,0.37037037037037035,0.3296296296296296,0.3395061728395062,0.022290703808972568,82
0.27239759763081867,0.00868473176005256,0.011377652486165365,0.0008741525289541687,True,110,3,3,12,100,"{'bootstrap': True, 'max_depth': 110, 'max_features': 3, 'min_samples_leaf': 3, 'min_samples_split': 12, 'n_estimators': 100}",0.31851851851851853,0.3333333333333333,0.3592592592592593,0.337037037037037,0.01683726135430353,108
0.5940040747324625,0.012142732752418553,0.02140196164449056,0.0010694905303332402,True,110,3,3,12,200,"{'bootstrap': True, 'max_depth': 110, 'max_features': 3, 'min_samples_leaf': 3, 'min_samples_split': 12, 'n_estimators': 200}",0.2740740740740741,0.3962962962962963,0.34814814814814815,0.3395061728395062,0.05026981005309218,82
0.8204971154530843,0.01826215246950589,0.027920246124267578,0.0010245419394422375,True,110,3,3,12,300,"{'bootstrap': True, 'max_depth': 110, 'max_features': 3, 'min_samples_leaf': 3, 'min_samples_split': 12, 'n_estimators': 300}",0.2740740740740741,0.37407407407407406,0.37407407407407406,0.34074074074074073,0.04714045207910316,76
2.7455477714538574,0.04177939839461933,0.0985259215037028,0.005554578674819902,True,110,3,3,12,1000,"{'bootstrap': True, 'max_depth': 110, 'max_features': 3, 'min_samples_leaf': 3, 'min_samples_split': 12, 'n_estimators': 1000}",0.26666666666666666,0.34444444444444444,0.37407407407407406,0.32839506172839505,0.04529366994529417,173
0.27193601926167804,0.009019979170331474,0.011471033096313477,0.0006052993687523196,True,110,3,4,8,100,"{'bootstrap': True, 'max_depth': 110, 'max_features': 3, 'min_samples_leaf': 4, 'min_samples_split': 8, 'n_estimators': 100}",0.2740740740740741,0.3962962962962963,0.34074074074074073,0.337037037037037,0.04996569467863719,108
0.5721421241760254,0.04090044367579384,0.02155621846516927,0.002468705706576081,True,110,3,4,8,200,"{'bootstrap': True, 'max_depth': 110, 'max_features': 3, 'min_samples_leaf': 4, 'min_samples_split': 8, 'n_estimators': 200}",0.34444444444444444,0.37037037037037035,0.2740740740740741,0.32962962962962966,0.04068458531675081,165
0.8666666348775228,0.021889192487070948,0.028986533482869465,0.0006553091351949724,True,110,3,4,8,300,"{'bootstrap': True, 'max_depth': 110, 'max_features': 3, 'min_samples_leaf': 4, 'min_samples_split': 8, 'n_estimators': 300}",0.31851851851851853,0.37037037037037035,0.37407407407407406,0.35432098765432096,0.025361282202684104,24
2.7276397546132407,0.117253378690924,0.08517392476399739,0.004915378828025106,True,110,3,4,8,1000,"{'bootstrap': True, 'max_depth': 110, 'max_features': 3, 'min_samples_leaf': 4, 'min_samples_split': 8, 'n_estimators': 1000}",0.31851851851851853,0.362962962962963,0.37407407407407406,0.35185185185185186,0.024002743327436512,31
0.272924264272054,0.007897939998827062,0.012369632720947266,0.00207880515655447,True,110,3,4,10,100,"{'bootstrap': True, 'max_depth': 110, 'max_features': 3, 'min_samples_leaf': 4, 'min_samples_split': 10, 'n_estimators': 100}",0.26666666666666666,0.37037037037037035,0.3296296296296296,0.32222222222222224,0.04265963590906418,213
0.5644923051198324,0.007357966762692961,0.01995849609375,0.0005006228521423126,True,110,3,4,10,200,"{'bootstrap': True, 'max_depth': 110, 'max_features': 3, 'min_samples_leaf': 4, 'min_samples_split': 10, 'n_estimators': 200}",0.31851851851851853,0.3962962962962963,0.3037037037037037,0.3395061728395062,0.04060959062567538,82
0.8786665598551432,0.035822403532933485,0.029628594716389973,0.0017514872655249268,True,110,3,4,10,300,"{'bootstrap': True, 'max_depth': 110, 'max_features': 3, 'min_samples_leaf': 4, 'min_samples_split': 10, 'n_estimators': 300}",0.2740740740740741,0.37037037037037035,0.35555555555555557,0.3333333333333333,0.04233685975180801,136
3.081827243169149,0.149244691305404,0.10562554995218913,0.005830438831466888,True,110,3,4,10,1000,"{'bootstrap': True, 'max_depth': 110, 'max_features': 3, 'min_samples_leaf': 4, 'min_samples_split': 10, 'n_estimators': 1000}",0.26666666666666666,0.362962962962963,0.34444444444444444,0.32469135802469135,0.04172035863880445,190
0.3227786223093669,0.03164013603276301,0.011673370997111002,0.0007274772026470586,True,110,3,4,12,100,"{'bootstrap': True, 'max_depth': 110, 'max_features': 3, 'min_samples_leaf': 4, 'min_samples_split': 12, 'n_estimators': 100}",0.2740740740740741,0.42592592592592593,0.2740740740740741,0.32469135802469135,0.07158364945345295,190
0.6793303489685059,0.05089936380477799,0.023106813430786133,0.001863325146211427,True,110,3,4,12,200,"{'bootstrap': True, 'max_depth': 110, 'max_features': 3, 'min_samples_leaf': 4, 'min_samples_split': 12, 'n_estimators': 200}",0.31851851851851853,0.37037037037037035,0.3333333333333333,0.34074074074074073,0.021806816953895906,76
0.9355051517486572,0.10866485112383885,0.02847631772359212,0.0011544750076096313,True,110,3,4,12,300,"{'bootstrap': True, 'max_depth': 110, 'max_features': 3, 'min_samples_leaf': 4, 'min_samples_split': 12, 'n_estimators': 300}",0.26666666666666666,0.362962962962963,0.40370370370370373,0.3444444444444445,0.05745716680602518,60
2.7764033476511636,0.13795548473517988,0.10732134183247884,0.007550134512762207,True,110,3,4,12,1000,"{'bootstrap': True, 'max_depth': 110, 'max_features': 3, 'min_samples_leaf': 4, 'min_samples_split': 12, 'n_estimators': 1000}",0.31851851851851853,0.37037037037037035,0.37407407407407406,0.35432098765432096,0.025361282202684104,24
0.2990269660949707,0.02354191754016089,0.011695623397827148,0.0006460345489939734,True,110,3,5,8,100,"{'bootstrap': True, 'max_depth': 110, 'max_features': 3, 'min_samples_leaf': 5, 'min_samples_split': 8, 'n_estimators': 100}",0.31851851851851853,0.37037037037037035,0.34814814814814815,0.345679012345679,0.021240309301339806,56
0.5514028072357178,0.022470668827210123,0.022471189498901367,0.004808147547167868,True,110,3,5,8,200,"{'bootstrap': True, 'max_depth': 110, 'max_features': 3, 'min_samples_leaf': 5, 'min_samples_split': 8, 'n_estimators': 200}",0.26666666666666666,0.37037037037037035,0.3296296296296296,0.32222222222222224,0.04265963590906418,213
0.8673270543416342,0.04355643712688988,0.03597720464070638,0.012588871297081488,True,110,3,5,8,300,"{'bootstrap': True, 'max_depth': 110, 'max_features': 3, 'min_samples_leaf': 5, 'min_samples_split': 8, 'n_estimators': 300}",0.31851851851851853,0.37037037037037035,0.37407407407407406,0.35432098765432096,0.025361282202684104,24
2.9907294114430747,0.06937510876447289,0.08971714973449707,0.003855955303674423,True,110,3,5,8,1000,"{'bootstrap': True, 'max_depth': 110, 'max_features': 3, 'min_samples_leaf': 5, 'min_samples_split': 8, 'n_estimators': 1000}",0.31851851851851853,0.3962962962962963,0.37407407407407406,0.36296296296296293,0.03271022543084387,13
0.28017401695251465,0.0166741921601191,0.01117547353108724,0.0005400997880863664,True,110,3,5,10,100,"{'bootstrap': True, 'max_depth': 110, 'max_features': 3, 'min_samples_leaf': 5, 'min_samples_split': 10, 'n_estimators': 100}",0.26666666666666666,0.32592592592592595,0.3296296296296296,0.3074074074074074,0.028847707272957834,270
0.5722046693166097,0.018440266007715367,0.02225669225056966,0.0025221594926806436,True,110,3,5,10,200,"{'bootstrap': True, 'max_depth': 110, 'max_features': 3, 'min_samples_leaf': 5, 'min_samples_split': 10, 'n_estimators': 200}",0.26666666666666666,0.37037037037037035,0.2740740740740741,0.30370370370370375,0.04723734930792343,279
0.886781374613444,0.05989896368220767,0.03355820973714193,0.0012557492503512877,True,110,3,5,10,300,"{'bootstrap': True, 'max_depth': 110, 'max_features': 3, 'min_samples_leaf': 5, 'min_samples_split': 10, 'n_estimators': 300}",0.26666666666666666,0.37037037037037035,0.37407407407407406,0.337037037037037,0.04978233371273074,108
2.711310386657715,0.02097924225986089,0.0550537904103597,0.0026267842112296788,True,110,3,5,10,1000,"{'bootstrap': True, 'max_depth': 110, 'max_features': 3, 'min_samples_leaf': 5, 'min_samples_split': 10, 'n_estimators': 1000}",0.26666666666666666,0.3962962962962963,0.37407407407407406,0.345679012345679,0.056601942648630374,56
0.2927836577097575,0.022667977598582075,0.011252244313557943,0.000735016325211638,True,110,3,5,12,100,"{'bootstrap': True, 'max_depth': 110, 'max_features': 3, 'min_samples_leaf': 5, 'min_samples_split': 12, 'n_estimators': 100}",0.31851851851851853,0.3962962962962963,0.31851851851851853,0.3444444444444444,0.03666479606152469,61
0.6686789989471436,0.0719683748066213,0.021136124928792317,0.0009014442280870294,True,110,3,5,12,200,"{'bootstrap': True, 'max_depth': 110, 'max_features': 3, 'min_samples_leaf': 5, 'min_samples_split': 12, 'n_estimators': 200}",0.2740740740740741,0.37037037037037035,0.34814814814814815,0.33086419753086416,0.04116872098897052,158
0.9833811124165853,0.06949675836226599,0.028533776601155598,0.0015448958815991462,True,110,3,5,12,300,"{'bootstrap': True, 'max_depth': 110, 'max_features': 3, 'min_samples_leaf': 5, 'min_samples_split': 12, 'n_estimators': 300}",0.2740740740740741,0.42592592592592593,0.3592592592592593,0.35308641975308647,0.06214673061063318,29
2.0066848595937095,0.11146478900417076,0.05071616172790527,0.001029287679275393,True,110,3,5,12,1000,"{'bootstrap': True, 'max_depth': 110, 'max_features': 3, 'min_samples_leaf': 5, 'min_samples_split': 12, 'n_estimators': 1000}",0.31851851851851853,0.3962962962962963,0.37407407407407406,0.36296296296296293,0.03271022543084387,13
