mean_fit_time,std_fit_time,mean_score_time,std_score_time,param_bootstrap,param_max_depth,param_max_features,param_min_samples_leaf,param_min_samples_split,param_n_estimators,params,split0_test_recall_macro,split1_test_recall_macro,split2_test_recall_macro,mean_test_recall_macro,std_test_recall_macro,rank_test_recall_macro
0.12746302286783853,0.02128878972555938,0.008107980092366537,0.0003611677838337037,True,80,2,3,8,50,"{'bootstrap': True, 'max_depth': 80, 'max_features': 2, 'min_samples_leaf': 3, 'min_samples_split': 8, 'n_estimators': 50}",0.3229166666666667,0.3333333333333333,0.3333333333333333,0.3298611111111111,0.0049104637582398965,154
0.19458325703938803,0.013064376682754087,0.01168664296468099,9.889483361713541e-05,True,80,2,3,8,100,"{'bootstrap': True, 'max_depth': 80, 'max_features': 2, 'min_samples_leaf': 3, 'min_samples_split': 8, 'n_estimators': 100}",0.3333333333333333,0.3333333333333333,0.3333333333333333,0.3333333333333333,0.0,1
0.3724181652069092,0.01790321030173655,0.019037405649820965,0.00028729259610002104,True,80,2,3,8,200,"{'bootstrap': True, 'max_depth': 80, 'max_features': 2, 'min_samples_leaf': 3, 'min_samples_split': 8, 'n_estimators': 200}",0.3333333333333333,0.3333333333333333,0.3333333333333333,0.3333333333333333,0.0,1
0.5433940092722574,0.017330437190636535,0.02745683987935384,0.0012681034605341564,True,80,2,3,8,300,"{'bootstrap': True, 'max_depth': 80, 'max_features': 2, 'min_samples_leaf': 3, 'min_samples_split': 8, 'n_estimators': 300}",0.3333333333333333,0.3333333333333333,0.3333333333333333,0.3333333333333333,0.0,1
0.8866089185078939,0.010125382746207645,0.03893836339314779,0.0016309671750428711,True,80,2,3,8,500,"{'bootstrap': True, 'max_depth': 80, 'max_features': 2, 'min_samples_leaf': 3, 'min_samples_split': 8, 'n_estimators': 500}",0.3333333333333333,0.3333333333333333,0.3333333333333333,0.3333333333333333,0.0,1
0.08866341908772786,0.0003187434580194082,0.007690747578938802,0.0001283705400426603,True,80,2,3,10,50,"{'bootstrap': True, 'max_depth': 80, 'max_features': 2, 'min_samples_leaf': 3, 'min_samples_split': 10, 'n_estimators': 50}",0.3177083333333333,0.3333333333333333,0.3333333333333333,0.328125,0.00736569563735987,214
0.17567149798075357,0.002666925276473943,0.01166081428527832,0.00029947012301673816,True,80,2,3,10,100,"{'bootstrap': True, 'max_depth': 80, 'max_features': 2, 'min_samples_leaf': 3, 'min_samples_split': 10, 'n_estimators': 100}",0.328125,0.3333333333333333,0.3333333333333333,0.33159722222222215,0.002455231879119948,91
0.3504042625427246,0.0067997713768282704,0.018865187962849934,0.000842833571100565,True,80,2,3,10,200,"{'bootstrap': True, 'max_depth': 80, 'max_features': 2, 'min_samples_leaf': 3, 'min_samples_split': 10, 'n_estimators': 200}",0.328125,0.3333333333333333,0.3333333333333333,0.33159722222222215,0.002455231879119948,91
0.524586041768392,0.009355704315057738,0.0255584716796875,6.14670039420748e-06,True,80,2,3,10,300,"{'bootstrap': True, 'max_depth': 80, 'max_features': 2, 'min_samples_leaf': 3, 'min_samples_split': 10, 'n_estimators': 300}",0.3333333333333333,0.3333333333333333,0.3333333333333333,0.3333333333333333,0.0,1
0.8625359535217285,0.00293211486628689,0.03971544901529948,0.0009010299668719485,True,80,2,3,10,500,"{'bootstrap': True, 'max_depth': 80, 'max_features': 2, 'min_samples_leaf': 3, 'min_samples_split': 10, 'n_estimators': 500}",0.3333333333333333,0.3333333333333333,0.3333333333333333,0.3333333333333333,0.0,1
0.09192458788553874,0.00010027220180879223,0.0076342423756917315,3.672230936790459e-05,True,80,2,3,12,50,"{'bootstrap': True, 'max_depth': 80, 'max_features': 2, 'min_samples_leaf': 3, 'min_samples_split': 12, 'n_estimators': 50}",0.3229166666666667,0.3333333333333333,0.3333333333333333,0.3298611111111111,0.0049104637582398965,154
0.1820230484008789,0.006975286443479664,0.012108087539672852,0.0006349527681764206,True,80,2,3,12,100,"{'bootstrap': True, 'max_depth': 80, 'max_features': 2, 'min_samples_leaf': 3, 'min_samples_split': 12, 'n_estimators': 100}",0.328125,0.3333333333333333,0.3333333333333333,0.33159722222222215,0.002455231879119948,91
0.3526774247487386,0.004060701369989849,0.0183871587117513,0.00014687208028934964,True,80,2,3,12,200,"{'bootstrap': True, 'max_depth': 80, 'max_features': 2, 'min_samples_leaf': 3, 'min_samples_split': 12, 'n_estimators': 200}",0.328125,0.3333333333333333,0.3333333333333333,0.33159722222222215,0.002455231879119948,91
0.5476782321929932,0.005638920977792934,0.028118371963500977,0.003592458844788573,True,80,2,3,12,300,"{'bootstrap': True, 'max_depth': 80, 'max_features': 2, 'min_samples_leaf': 3, 'min_samples_split': 12, 'n_estimators': 300}",0.328125,0.3333333333333333,0.3333333333333333,0.33159722222222215,0.002455231879119948,91
0.9013920625050863,0.013773336053453053,0.041146278381347656,0.0016196120664307204,True,80,2,3,12,500,"{'bootstrap': True, 'max_depth': 80, 'max_features': 2, 'min_samples_leaf': 3, 'min_samples_split': 12, 'n_estimators': 500}",0.328125,0.3333333333333333,0.3333333333333333,0.33159722222222215,0.002455231879119948,91
0.09061725934346516,0.002078479427304877,0.008168697357177734,0.0006933850384084618,True,80,2,4,8,50,"{'bootstrap': True, 'max_depth': 80, 'max_features': 2, 'min_samples_leaf': 4, 'min_samples_split': 8, 'n_estimators': 50}",0.3229166666666667,0.3333333333333333,0.3333333333333333,0.3298611111111111,0.0049104637582398965,154
0.1870729128519694,0.007838686003406987,0.012119611104329428,0.0016512889415612841,True,80,2,4,8,100,"{'bootstrap': True, 'max_depth': 80, 'max_features': 2, 'min_samples_leaf': 4, 'min_samples_split': 8, 'n_estimators': 100}",0.328125,0.3333333333333333,0.3333333333333333,0.33159722222222215,0.002455231879119948,91
0.3503711223602295,0.0028842478281535856,0.018799861272176106,0.000698894458798834,True,80,2,4,8,200,"{'bootstrap': True, 'max_depth': 80, 'max_features': 2, 'min_samples_leaf': 4, 'min_samples_split': 8, 'n_estimators': 200}",0.328125,0.3333333333333333,0.3333333333333333,0.33159722222222215,0.002455231879119948,91
0.5207332770029703,0.006148876213343164,0.02568221092224121,0.00018368208431943493,True,80,2,4,8,300,"{'bootstrap': True, 'max_depth': 80, 'max_features': 2, 'min_samples_leaf': 4, 'min_samples_split': 8, 'n_estimators': 300}",0.3333333333333333,0.3333333333333333,0.3333333333333333,0.3333333333333333,0.0,1
0.8780380884806315,0.015969559429224973,0.0399169921875,0.00014439953987217704,True,80,2,4,8,500,"{'bootstrap': True, 'max_depth': 80, 'max_features': 2, 'min_samples_leaf': 4, 'min_samples_split': 8, 'n_estimators': 500}",0.3333333333333333,0.3333333333333333,0.3333333333333333,0.3333333333333333,0.0,1
0.08923721313476562,0.0011011425678860616,0.0077813466389973955,9.881490598951956e-05,True,80,2,4,10,50,"{'bootstrap': True, 'max_depth': 80, 'max_features': 2, 'min_samples_leaf': 4, 'min_samples_split': 10, 'n_estimators': 50}",0.3177083333333333,0.3333333333333333,0.3333333333333333,0.328125,0.00736569563735987,214
0.1742556095123291,0.0014347642625196107,0.01146999994913737,0.00026512176965715235,True,80,2,4,10,100,"{'bootstrap': True, 'max_depth': 80, 'max_features': 2, 'min_samples_leaf': 4, 'min_samples_split': 10, 'n_estimators': 100}",0.328125,0.3333333333333333,0.328125,0.3298611111111111,0.0024552318791199483,154
0.34877943992614746,0.00128929000811962,0.018567482630411785,0.0003248450199518613,True,80,2,4,10,200,"{'bootstrap': True, 'max_depth': 80, 'max_features': 2, 'min_samples_leaf': 4, 'min_samples_split': 10, 'n_estimators': 200}",0.328125,0.3333333333333333,0.3333333333333333,0.33159722222222215,0.002455231879119948,91
0.5190222263336182,0.002320283985340171,0.027250289916992188,0.0013251651654361438,True,80,2,4,10,300,"{'bootstrap': True, 'max_depth': 80, 'max_features': 2, 'min_samples_leaf': 4, 'min_samples_split': 10, 'n_estimators': 300}",0.328125,0.3333333333333333,0.3333333333333333,0.33159722222222215,0.002455231879119948,91
0.8763622442881266,0.009543676344306183,0.039193948109944664,0.001989629411163939,True,80,2,4,10,500,"{'bootstrap': True, 'max_depth': 80, 'max_features': 2, 'min_samples_leaf': 4, 'min_samples_split': 10, 'n_estimators': 500}",0.3333333333333333,0.3333333333333333,0.328125,0.3315972222222222,0.002455231879119948,31
0.08913238843282063,0.001429921629063052,0.0076313018798828125,2.9744728386088683e-05,True,80,2,4,12,50,"{'bootstrap': True, 'max_depth': 80, 'max_features': 2, 'min_samples_leaf': 4, 'min_samples_split': 12, 'n_estimators': 50}",0.3229166666666667,0.3333333333333333,0.328125,0.328125,0.004252586358998558,214
0.17738707860310873,0.003247560354110905,0.011178970336914062,0.0005167457464862593,True,80,2,4,12,100,"{'bootstrap': True, 'max_depth': 80, 'max_features': 2, 'min_samples_leaf': 4, 'min_samples_split': 12, 'n_estimators': 100}",0.328125,0.3333333333333333,0.328125,0.3298611111111111,0.0024552318791199483,154
0.3495721022288005,0.004480261853375777,0.018471638361612957,0.0001407967972215254,True,80,2,4,12,200,"{'bootstrap': True, 'max_depth': 80, 'max_features': 2, 'min_samples_leaf': 4, 'min_samples_split': 12, 'n_estimators': 200}",0.328125,0.3333333333333333,0.3333333333333333,0.33159722222222215,0.002455231879119948,91
0.5225888093312582,0.008073952004783223,0.026983340581258137,0.0011914260482606067,True,80,2,4,12,300,"{'bootstrap': True, 'max_depth': 80, 'max_features': 2, 'min_samples_leaf': 4, 'min_samples_split': 12, 'n_estimators': 300}",0.328125,0.3333333333333333,0.3333333333333333,0.33159722222222215,0.002455231879119948,91
0.8741482098897299,0.006736668405840648,0.04313063621520996,0.0018440955761736732,True,80,2,4,12,500,"{'bootstrap': True, 'max_depth': 80, 'max_features': 2, 'min_samples_leaf': 4, 'min_samples_split': 12, 'n_estimators': 500}",0.328125,0.3333333333333333,0.328125,0.3298611111111111,0.0024552318791199483,154
0.0897531509399414,0.0014485585087904197,0.00803669293721517,0.0001634749962844182,True,80,2,5,8,50,"{'bootstrap': True, 'max_depth': 80, 'max_features': 2, 'min_samples_leaf': 5, 'min_samples_split': 8, 'n_estimators': 50}",0.3177083333333333,0.3333333333333333,0.328125,0.3263888888888889,0.006495932963149206,247
0.17737968762715658,0.0017494329864404933,0.01140896479288737,0.00044282370133860884,True,80,2,5,8,100,"{'bootstrap': True, 'max_depth': 80, 'max_features': 2, 'min_samples_leaf': 5, 'min_samples_split': 8, 'n_estimators': 100}",0.3229166666666667,0.3333333333333333,0.328125,0.328125,0.004252586358998558,214
0.3475801944732666,0.0028451216198576343,0.018607536951700848,0.0003793840379396528,True,80,2,5,8,200,"{'bootstrap': True, 'max_depth': 80, 'max_features': 2, 'min_samples_leaf': 5, 'min_samples_split': 8, 'n_estimators': 200}",0.328125,0.3333333333333333,0.3333333333333333,0.33159722222222215,0.002455231879119948,91
0.5221241315205892,0.0036347951841506354,0.02692246437072754,0.0008562540964147548,True,80,2,5,8,300,"{'bootstrap': True, 'max_depth': 80, 'max_features': 2, 'min_samples_leaf': 5, 'min_samples_split': 8, 'n_estimators': 300}",0.328125,0.3333333333333333,0.3333333333333333,0.33159722222222215,0.002455231879119948,91
0.8608756065368652,0.005130719750562046,0.03852216402689616,0.0022190401098307333,True,80,2,5,8,500,"{'bootstrap': True, 'max_depth': 80, 'max_features': 2, 'min_samples_leaf': 5, 'min_samples_split': 8, 'n_estimators': 500}",0.328125,0.3333333333333333,0.328125,0.3298611111111111,0.0024552318791199483,154
0.08948032061258952,0.0007591746826755844,0.0076253414154052734,5.150429962800233e-07,True,80,2,5,10,50,"{'bootstrap': True, 'max_depth': 80, 'max_features': 2, 'min_samples_leaf': 5, 'min_samples_split': 10, 'n_estimators': 50}",0.3177083333333333,0.3333333333333333,0.328125,0.3263888888888889,0.006495932963149206,247
0.176513671875,0.002557730781308503,0.012221574783325195,0.0006307502484717648,True,80,2,5,10,100,"{'bootstrap': True, 'max_depth': 80, 'max_features': 2, 'min_samples_leaf': 5, 'min_samples_split': 10, 'n_estimators': 100}",0.3229166666666667,0.3333333333333333,0.328125,0.328125,0.004252586358998558,214
0.3457476298014323,0.0032869769882932294,0.017404874165852863,0.0011554779165690431,True,80,2,5,10,200,"{'bootstrap': True, 'max_depth': 80, 'max_features': 2, 'min_samples_leaf': 5, 'min_samples_split': 10, 'n_estimators': 200}",0.328125,0.3333333333333333,0.3333333333333333,0.33159722222222215,0.002455231879119948,91
0.5430698394775391,0.008361187014707741,0.027646382649739582,0.0015470995172007474,True,80,2,5,10,300,"{'bootstrap': True, 'max_depth': 80, 'max_features': 2, 'min_samples_leaf': 5, 'min_samples_split': 10, 'n_estimators': 300}",0.328125,0.3333333333333333,0.3333333333333333,0.33159722222222215,0.002455231879119948,91
0.8805776437123617,0.01490828404175439,0.04125841458638509,0.0007592423669138034,True,80,2,5,10,500,"{'bootstrap': True, 'max_depth': 80, 'max_features': 2, 'min_samples_leaf': 5, 'min_samples_split': 10, 'n_estimators': 500}",0.328125,0.3333333333333333,0.328125,0.3298611111111111,0.0024552318791199483,154
0.0901168982187907,0.0011824879308304104,0.007617394129435222,0.00014570663418863764,True,80,2,5,12,50,"{'bootstrap': True, 'max_depth': 80, 'max_features': 2, 'min_samples_leaf': 5, 'min_samples_split': 12, 'n_estimators': 50}",0.3125,0.328125,0.328125,0.3229166666666667,0.00736569563735987,268
0.17881131172180176,0.002634931579033611,0.011343955993652344,0.0001186569451250469,True,80,2,5,12,100,"{'bootstrap': True, 'max_depth': 80, 'max_features': 2, 'min_samples_leaf': 5, 'min_samples_split': 12, 'n_estimators': 100}",0.328125,0.3333333333333333,0.328125,0.3298611111111111,0.0024552318791199483,154
0.3488517602284749,0.0033583286188951004,0.018278996149698894,0.00022016819450885485,True,80,2,5,12,200,"{'bootstrap': True, 'max_depth': 80, 'max_features': 2, 'min_samples_leaf': 5, 'min_samples_split': 12, 'n_estimators': 200}",0.328125,0.3333333333333333,0.3333333333333333,0.33159722222222215,0.002455231879119948,91
0.5203094482421875,0.005101930826412317,0.026900450388590496,0.0012060773485732049,True,80,2,5,12,300,"{'bootstrap': True, 'max_depth': 80, 'max_features': 2, 'min_samples_leaf': 5, 'min_samples_split': 12, 'n_estimators': 300}",0.328125,0.3333333333333333,0.3333333333333333,0.33159722222222215,0.002455231879119948,91
0.8735866546630859,0.014475949530662856,0.04396208127339681,0.002148893536609822,True,80,2,5,12,500,"{'bootstrap': True, 'max_depth': 80, 'max_features': 2, 'min_samples_leaf': 5, 'min_samples_split': 12, 'n_estimators': 500}",0.328125,0.3333333333333333,0.328125,0.3298611111111111,0.0024552318791199483,154
0.08983103434244792,0.0005381553737772098,0.007673343022664388,9.213910751871384e-05,True,80,3,3,8,50,"{'bootstrap': True, 'max_depth': 80, 'max_features': 3, 'min_samples_leaf': 3, 'min_samples_split': 8, 'n_estimators': 50}",0.3177083333333333,0.3333333333333333,0.3333333333333333,0.328125,0.00736569563735987,214
0.17825746536254883,0.0017670735543608308,0.011277914047241211,0.00015043223621103002,True,80,3,3,8,100,"{'bootstrap': True, 'max_depth': 80, 'max_features': 3, 'min_samples_leaf': 3, 'min_samples_split': 8, 'n_estimators': 100}",0.328125,0.3333333333333333,0.3333333333333333,0.33159722222222215,0.002455231879119948,91
0.3518223762512207,0.002987140513349979,0.01901841163635254,0.0007025994481452013,True,80,3,3,8,200,"{'bootstrap': True, 'max_depth': 80, 'max_features': 3, 'min_samples_leaf': 3, 'min_samples_split': 8, 'n_estimators': 200}",0.3333333333333333,0.3333333333333333,0.328125,0.3315972222222222,0.002455231879119948,31
0.5361235936482748,0.0012370857713442113,0.024379253387451172,0.0015664244471624675,True,80,3,3,8,300,"{'bootstrap': True, 'max_depth': 80, 'max_features': 3, 'min_samples_leaf': 3, 'min_samples_split': 8, 'n_estimators': 300}",0.3333333333333333,0.3333333333333333,0.328125,0.3315972222222222,0.002455231879119948,31
0.879005511601766,0.010078000691952426,0.039722839991251625,0.0003775366209249376,True,80,3,3,8,500,"{'bootstrap': True, 'max_depth': 80, 'max_features': 3, 'min_samples_leaf': 3, 'min_samples_split': 8, 'n_estimators': 500}",0.3333333333333333,0.3333333333333333,0.3333333333333333,0.3333333333333333,0.0,1
0.09032352765401204,0.0005049936013928716,0.007652600606282552,9.088144576078997e-05,True,80,3,3,10,50,"{'bootstrap': True, 'max_depth': 80, 'max_features': 3, 'min_samples_leaf': 3, 'min_samples_split': 10, 'n_estimators': 50}",0.3177083333333333,0.3333333333333333,0.3333333333333333,0.328125,0.00736569563735987,214
0.17895976702372232,0.0005484205137207841,0.011357943216959635,7.14784926415312e-05,True,80,3,3,10,100,"{'bootstrap': True, 'max_depth': 80, 'max_features': 3, 'min_samples_leaf': 3, 'min_samples_split': 10, 'n_estimators': 100}",0.3229166666666667,0.3333333333333333,0.328125,0.328125,0.004252586358998558,214
0.3615148067474365,0.005305245403314428,0.019965489705403645,0.0012049792346232717,True,80,3,3,10,200,"{'bootstrap': True, 'max_depth': 80, 'max_features': 3, 'min_samples_leaf': 3, 'min_samples_split': 10, 'n_estimators': 200}",0.3333333333333333,0.3333333333333333,0.328125,0.3315972222222222,0.002455231879119948,31
0.5307238101959229,0.0067301988196979265,0.025430997212727863,0.00012301910950934328,True,80,3,3,10,300,"{'bootstrap': True, 'max_depth': 80, 'max_features': 3, 'min_samples_leaf': 3, 'min_samples_split': 10, 'n_estimators': 300}",0.3333333333333333,0.3333333333333333,0.328125,0.3315972222222222,0.002455231879119948,31
0.8922683397928873,0.009806406162101853,0.04338224728902181,0.000656112344890024,True,80,3,3,10,500,"{'bootstrap': True, 'max_depth': 80, 'max_features': 3, 'min_samples_leaf': 3, 'min_samples_split': 10, 'n_estimators': 500}",0.3333333333333333,0.3333333333333333,0.328125,0.3315972222222222,0.002455231879119948,31
0.09182333946228027,0.0007744881640703978,0.007969856262207031,0.00016968648527612996,True,80,3,3,12,50,"{'bootstrap': True, 'max_depth': 80, 'max_features': 3, 'min_samples_leaf': 3, 'min_samples_split': 12, 'n_estimators': 50}",0.3177083333333333,0.3333333333333333,0.328125,0.3263888888888889,0.006495932963149206,247
0.17586453755696616,0.002051330347230035,0.010641892751057943,0.0011080614948914566,True,80,3,3,12,100,"{'bootstrap': True, 'max_depth': 80, 'max_features': 3, 'min_samples_leaf': 3, 'min_samples_split': 12, 'n_estimators': 100}",0.3177083333333333,0.3333333333333333,0.328125,0.3263888888888889,0.006495932963149206,247
0.35891350110371906,0.003293791528250824,0.019784927368164062,0.0010308046131558665,True,80,3,3,12,200,"{'bootstrap': True, 'max_depth': 80, 'max_features': 3, 'min_samples_leaf': 3, 'min_samples_split': 12, 'n_estimators': 200}",0.328125,0.3333333333333333,0.328125,0.3298611111111111,0.0024552318791199483,154
0.5429550806681315,0.009067214848060888,0.026285409927368164,0.001040994181911512,True,80,3,3,12,300,"{'bootstrap': True, 'max_depth': 80, 'max_features': 3, 'min_samples_leaf': 3, 'min_samples_split': 12, 'n_estimators': 300}",0.3333333333333333,0.3333333333333333,0.328125,0.3315972222222222,0.002455231879119948,31
0.8999581336975098,0.008375707657868029,0.04195427894592285,0.0016306827376727918,True,80,3,3,12,500,"{'bootstrap': True, 'max_depth': 80, 'max_features': 3, 'min_samples_leaf': 3, 'min_samples_split': 12, 'n_estimators': 500}",0.3333333333333333,0.3333333333333333,0.328125,0.3315972222222222,0.002455231879119948,31
0.09405859311421712,0.001104004764306917,0.0077971617380778,0.00015568670334688183,True,80,3,4,8,50,"{'bootstrap': True, 'max_depth': 80, 'max_features': 3, 'min_samples_leaf': 4, 'min_samples_split': 8, 'n_estimators': 50}",0.3229166666666667,0.3333333333333333,0.3333333333333333,0.3298611111111111,0.0049104637582398965,154
0.18071484565734863,0.0019211726300256656,0.01161956787109375,0.0003177329900361437,True,80,3,4,8,100,"{'bootstrap': True, 'max_depth': 80, 'max_features': 3, 'min_samples_leaf': 4, 'min_samples_split': 8, 'n_estimators': 100}",0.3229166666666667,0.3333333333333333,0.3333333333333333,0.3298611111111111,0.0049104637582398965,154
0.3638466199239095,0.00779853472548347,0.017711559931437176,0.0015637305697783948,True,80,3,4,8,200,"{'bootstrap': True, 'max_depth': 80, 'max_features': 3, 'min_samples_leaf': 4, 'min_samples_split': 8, 'n_estimators': 200}",0.3333333333333333,0.3333333333333333,0.3333333333333333,0.3333333333333333,0.0,1
0.5412996610005697,0.008349100489224957,0.027060906092325848,0.0011252922911365209,True,80,3,4,8,300,"{'bootstrap': True, 'max_depth': 80, 'max_features': 3, 'min_samples_leaf': 4, 'min_samples_split': 8, 'n_estimators': 300}",0.3333333333333333,0.3333333333333333,0.328125,0.3315972222222222,0.002455231879119948,31
0.9014942646026611,0.014979124827549904,0.03922080993652344,0.003343267783259576,True,80,3,4,8,500,"{'bootstrap': True, 'max_depth': 80, 'max_features': 3, 'min_samples_leaf': 4, 'min_samples_split': 8, 'n_estimators': 500}",0.3333333333333333,0.3333333333333333,0.328125,0.3315972222222222,0.002455231879119948,31
0.08951322237650554,0.0014088387969850304,0.007804552714029948,0.0003197610830031726,True,80,3,4,10,50,"{'bootstrap': True, 'max_depth': 80, 'max_features': 3, 'min_samples_leaf': 4, 'min_samples_split': 10, 'n_estimators': 50}",0.3229166666666667,0.3333333333333333,0.328125,0.328125,0.004252586358998558,214
0.17985868453979492,0.0019309335800678366,0.011197884877522787,0.000988470017259936,True,80,3,4,10,100,"{'bootstrap': True, 'max_depth': 80, 'max_features': 3, 'min_samples_leaf': 4, 'min_samples_split': 10, 'n_estimators': 100}",0.328125,0.3333333333333333,0.3333333333333333,0.33159722222222215,0.002455231879119948,91
0.35836323102315265,0.003721911654688312,0.017650127410888672,0.0011678679967137954,True,80,3,4,10,200,"{'bootstrap': True, 'max_depth': 80, 'max_features': 3, 'min_samples_leaf': 4, 'min_samples_split': 10, 'n_estimators': 200}",0.3333333333333333,0.3333333333333333,0.328125,0.3315972222222222,0.002455231879119948,31
0.5383846759796143,0.004970164353692715,0.02565312385559082,0.00024350813617752463,True,80,3,4,10,300,"{'bootstrap': True, 'max_depth': 80, 'max_features': 3, 'min_samples_leaf': 4, 'min_samples_split': 10, 'n_estimators': 300}",0.3333333333333333,0.3333333333333333,0.328125,0.3315972222222222,0.002455231879119948,31
0.8918384710947672,0.004562354366577165,0.040157477060953774,0.0002238681760787285,True,80,3,4,10,500,"{'bootstrap': True, 'max_depth': 80, 'max_features': 3, 'min_samples_leaf': 4, 'min_samples_split': 10, 'n_estimators': 500}",0.3333333333333333,0.3333333333333333,0.328125,0.3315972222222222,0.002455231879119948,31
0.09082794189453125,0.0017202210605281715,0.008094549179077148,0.00040980651521642185,True,80,3,4,12,50,"{'bootstrap': True, 'max_depth': 80, 'max_features': 3, 'min_samples_leaf': 4, 'min_samples_split': 12, 'n_estimators': 50}",0.3177083333333333,0.3333333333333333,0.3333333333333333,0.328125,0.00736569563735987,214
0.1816854476928711,0.0037679444945330587,0.01146999994913737,0.00048157296579469735,True,80,3,4,12,100,"{'bootstrap': True, 'max_depth': 80, 'max_features': 3, 'min_samples_leaf': 4, 'min_samples_split': 12, 'n_estimators': 100}",0.328125,0.3333333333333333,0.3333333333333333,0.33159722222222215,0.002455231879119948,91
0.35390472412109375,0.002401826730530001,0.01843746503194173,0.00014455748359979933,True,80,3,4,12,200,"{'bootstrap': True, 'max_depth': 80, 'max_features': 3, 'min_samples_leaf': 4, 'min_samples_split': 12, 'n_estimators': 200}",0.3333333333333333,0.3333333333333333,0.328125,0.3315972222222222,0.002455231879119948,31
0.5238200823465983,0.0016816568622147292,0.025569041570027668,0.0002937355813612174,True,80,3,4,12,300,"{'bootstrap': True, 'max_depth': 80, 'max_features': 3, 'min_samples_leaf': 4, 'min_samples_split': 12, 'n_estimators': 300}",0.3333333333333333,0.3333333333333333,0.328125,0.3315972222222222,0.002455231879119948,31
0.8845233917236328,0.00832010287351429,0.04120373725891113,0.0013576203451191983,True,80,3,4,12,500,"{'bootstrap': True, 'max_depth': 80, 'max_features': 3, 'min_samples_leaf': 4, 'min_samples_split': 12, 'n_estimators': 500}",0.3333333333333333,0.3333333333333333,0.328125,0.3315972222222222,0.002455231879119948,31
0.09266265233357747,0.002932821718101117,0.007514079411824544,0.0003366440131088249,True,80,3,5,8,50,"{'bootstrap': True, 'max_depth': 80, 'max_features': 3, 'min_samples_leaf': 5, 'min_samples_split': 8, 'n_estimators': 50}",0.3177083333333333,0.3333333333333333,0.3229166666666667,0.32465277777777773,0.006495932963149201,259
0.17867604891459146,0.0015806148742399284,0.011638641357421875,0.0006300157607221726,True,80,3,5,8,100,"{'bootstrap': True, 'max_depth': 80, 'max_features': 3, 'min_samples_leaf': 5, 'min_samples_split': 8, 'n_estimators': 100}",0.328125,0.3333333333333333,0.328125,0.3298611111111111,0.0024552318791199483,154
0.3647294839223226,0.01335844437685612,0.01849977175394694,0.00017569538736075352,True,80,3,5,8,200,"{'bootstrap': True, 'max_depth': 80, 'max_features': 3, 'min_samples_leaf': 5, 'min_samples_split': 8, 'n_estimators': 200}",0.3333333333333333,0.3333333333333333,0.328125,0.3315972222222222,0.002455231879119948,31
0.5313359896341959,0.008206661830980011,0.026037216186523438,0.001014040286959974,True,80,3,5,8,300,"{'bootstrap': True, 'max_depth': 80, 'max_features': 3, 'min_samples_leaf': 5, 'min_samples_split': 8, 'n_estimators': 300}",0.3333333333333333,0.3333333333333333,0.328125,0.3315972222222222,0.002455231879119948,31
0.889291524887085,0.008152359696471665,0.04121716817220052,0.0009185606723981528,True,80,3,5,8,500,"{'bootstrap': True, 'max_depth': 80, 'max_features': 3, 'min_samples_leaf': 5, 'min_samples_split': 8, 'n_estimators': 500}",0.328125,0.3333333333333333,0.328125,0.3298611111111111,0.0024552318791199483,154
0.09087737401326497,0.00017762043687121447,0.007942279179890951,0.00046074135268177856,True,80,3,5,10,50,"{'bootstrap': True, 'max_depth': 80, 'max_features': 3, 'min_samples_leaf': 5, 'min_samples_split': 10, 'n_estimators': 50}",0.3177083333333333,0.3333333333333333,0.3229166666666667,0.32465277777777773,0.006495932963149201,259
0.1780392328898112,0.002422111554111849,0.011495828628540039,0.00022766073984230667,True,80,3,5,10,100,"{'bootstrap': True, 'max_depth': 80, 'max_features': 3, 'min_samples_leaf': 5, 'min_samples_split': 10, 'n_estimators': 100}",0.328125,0.3333333333333333,0.328125,0.3298611111111111,0.0024552318791199483,154
0.35357292493184406,0.003116542791687202,0.018262068430582683,0.0002232355424401885,True,80,3,5,10,200,"{'bootstrap': True, 'max_depth': 80, 'max_features': 3, 'min_samples_leaf': 5, 'min_samples_split': 10, 'n_estimators': 200}",0.3333333333333333,0.3333333333333333,0.328125,0.3315972222222222,0.002455231879119948,31
0.5314977963765463,0.0057968481937877405,0.025645891825358074,0.00041656364839343064,True,80,3,5,10,300,"{'bootstrap': True, 'max_depth': 80, 'max_features': 3, 'min_samples_leaf': 5, 'min_samples_split': 10, 'n_estimators': 300}",0.3333333333333333,0.3333333333333333,0.328125,0.3315972222222222,0.002455231879119948,31
0.8797842661539713,0.0068740985312599175,0.04467447598775228,0.004450546081088564,True,80,3,5,10,500,"{'bootstrap': True, 'max_depth': 80, 'max_features': 3, 'min_samples_leaf': 5, 'min_samples_split': 10, 'n_estimators': 500}",0.328125,0.3333333333333333,0.328125,0.3298611111111111,0.0024552318791199483,154
0.09049320220947266,0.0010279225081981007,0.00790564219156901,0.0003687123262686756,True,80,3,5,12,50,"{'bootstrap': True, 'max_depth': 80, 'max_features': 3, 'min_samples_leaf': 5, 'min_samples_split': 12, 'n_estimators': 50}",0.3125,0.3333333333333333,0.328125,0.32465277777777773,0.0088524644333208,259
0.181775172551473,0.001592909270944931,0.011673927307128906,0.00042048494505042723,True,80,3,5,12,100,"{'bootstrap': True, 'max_depth': 80, 'max_features': 3, 'min_samples_leaf': 5, 'min_samples_split': 12, 'n_estimators': 100}",0.328125,0.3333333333333333,0.328125,0.3298611111111111,0.0024552318791199483,154
0.35432863235473633,0.004169075017901106,0.018697738647460938,0.00023931438321506032,True,80,3,5,12,200,"{'bootstrap': True, 'max_depth': 80, 'max_features': 3, 'min_samples_leaf': 5, 'min_samples_split': 12, 'n_estimators': 200}",0.328125,0.3333333333333333,0.328125,0.3298611111111111,0.0024552318791199483,154
0.5413767496744791,0.00893004480199321,0.02416531244913737,0.0015807868152712004,True,80,3,5,12,300,"{'bootstrap': True, 'max_depth': 80, 'max_features': 3, 'min_samples_leaf': 5, 'min_samples_split': 12, 'n_estimators': 300}",0.328125,0.3333333333333333,0.328125,0.3298611111111111,0.0024552318791199483,154
0.8725990454355875,0.004552386352036863,0.04245924949645996,0.0024408127468765043,True,80,3,5,12,500,"{'bootstrap': True, 'max_depth': 80, 'max_features': 3, 'min_samples_leaf': 5, 'min_samples_split': 12, 'n_estimators': 500}",0.3229166666666667,0.3333333333333333,0.328125,0.328125,0.004252586358998558,214
0.0892339547475179,0.0010761027666676723,0.00819849967956543,0.0004071915726772385,True,95,2,3,8,50,"{'bootstrap': True, 'max_depth': 95, 'max_features': 2, 'min_samples_leaf': 3, 'min_samples_split': 8, 'n_estimators': 50}",0.3229166666666667,0.3333333333333333,0.3333333333333333,0.3298611111111111,0.0049104637582398965,154
0.18109401067097983,0.004213609964141201,0.011541525522867838,0.0001400784846666184,True,95,2,3,8,100,"{'bootstrap': True, 'max_depth': 95, 'max_features': 2, 'min_samples_leaf': 3, 'min_samples_split': 8, 'n_estimators': 100}",0.3333333333333333,0.3333333333333333,0.3333333333333333,0.3333333333333333,0.0,1
0.36241960525512695,0.01638659982467825,0.018437862396240234,0.00019762364390880655,True,95,2,3,8,200,"{'bootstrap': True, 'max_depth': 95, 'max_features': 2, 'min_samples_leaf': 3, 'min_samples_split': 8, 'n_estimators': 200}",0.3333333333333333,0.3333333333333333,0.3333333333333333,0.3333333333333333,0.0,1
0.5687213738759359,0.04375305056900971,0.02635335922241211,0.0011004990465890512,True,95,2,3,8,300,"{'bootstrap': True, 'max_depth': 95, 'max_features': 2, 'min_samples_leaf': 3, 'min_samples_split': 8, 'n_estimators': 300}",0.3333333333333333,0.3333333333333333,0.3333333333333333,0.3333333333333333,0.0,1
0.9559598763783773,0.03729003523156476,0.044141530990600586,0.0028918809994874137,True,95,2,3,8,500,"{'bootstrap': True, 'max_depth': 95, 'max_features': 2, 'min_samples_leaf': 3, 'min_samples_split': 8, 'n_estimators': 500}",0.3333333333333333,0.3333333333333333,0.3333333333333333,0.3333333333333333,0.0,1
0.08920884132385254,0.0013898384437329618,0.0075435638427734375,0.0001525269078543625,True,95,2,3,10,50,"{'bootstrap': True, 'max_depth': 95, 'max_features': 2, 'min_samples_leaf': 3, 'min_samples_split': 10, 'n_estimators': 50}",0.3177083333333333,0.3333333333333333,0.3333333333333333,0.328125,0.00736569563735987,214
0.22124179204305014,0.05236994352352889,0.011850516001383463,0.001201711479264399,True,95,2,3,10,100,"{'bootstrap': True, 'max_depth': 95, 'max_features': 2, 'min_samples_leaf': 3, 'min_samples_split': 10, 'n_estimators': 100}",0.328125,0.3333333333333333,0.3333333333333333,0.33159722222222215,0.002455231879119948,91
0.36717724800109863,0.019366101202486857,0.018474658330281574,0.00020855583345236132,True,95,2,3,10,200,"{'bootstrap': True, 'max_depth': 95, 'max_features': 2, 'min_samples_leaf': 3, 'min_samples_split': 10, 'n_estimators': 200}",0.328125,0.3333333333333333,0.3333333333333333,0.33159722222222215,0.002455231879119948,91
0.5637792746225992,0.021617941861415947,0.02698516845703125,0.0009489806423786431,True,95,2,3,10,300,"{'bootstrap': True, 'max_depth': 95, 'max_features': 2, 'min_samples_leaf': 3, 'min_samples_split': 10, 'n_estimators': 300}",0.3333333333333333,0.3333333333333333,0.3333333333333333,0.3333333333333333,0.0,1
0.8748862743377686,0.009035743958915751,0.04066944122314453,0.00024082550407285376,True,95,2,3,10,500,"{'bootstrap': True, 'max_depth': 95, 'max_features': 2, 'min_samples_leaf': 3, 'min_samples_split': 10, 'n_estimators': 500}",0.3333333333333333,0.3333333333333333,0.3333333333333333,0.3333333333333333,0.0,1
0.09072836240132649,0.0003064196250572515,0.00760801633199056,0.00010699697650710855,True,95,2,3,12,50,"{'bootstrap': True, 'max_depth': 95, 'max_features': 2, 'min_samples_leaf': 3, 'min_samples_split': 12, 'n_estimators': 50}",0.3229166666666667,0.3333333333333333,0.3333333333333333,0.3298611111111111,0.0049104637582398965,154
0.17659878730773926,6.82529835105654e-05,0.011622905731201172,0.00048004632132423494,True,95,2,3,12,100,"{'bootstrap': True, 'max_depth': 95, 'max_features': 2, 'min_samples_leaf': 3, 'min_samples_split': 12, 'n_estimators': 100}",0.328125,0.3333333333333333,0.3333333333333333,0.33159722222222215,0.002455231879119948,91
0.3569033940633138,0.006351426450462448,0.019745429356892902,0.000908119443057653,True,95,2,3,12,200,"{'bootstrap': True, 'max_depth': 95, 'max_features': 2, 'min_samples_leaf': 3, 'min_samples_split': 12, 'n_estimators': 200}",0.328125,0.3333333333333333,0.3333333333333333,0.33159722222222215,0.002455231879119948,91
0.5219312508900961,0.0021878453194105005,0.025633811950683594,7.269720925826257e-05,True,95,2,3,12,300,"{'bootstrap': True, 'max_depth': 95, 'max_features': 2, 'min_samples_leaf': 3, 'min_samples_split': 12, 'n_estimators': 300}",0.328125,0.3333333333333333,0.3333333333333333,0.33159722222222215,0.002455231879119948,91
0.8756012916564941,0.00582946540240344,0.03806018829345703,0.002668778689703707,True,95,2,3,12,500,"{'bootstrap': True, 'max_depth': 95, 'max_features': 2, 'min_samples_leaf': 3, 'min_samples_split': 12, 'n_estimators': 500}",0.328125,0.3333333333333333,0.3333333333333333,0.33159722222222215,0.002455231879119948,91
0.0922559102376302,0.0010109206474740165,0.007952292760213217,7.348356454845551e-05,True,95,2,4,8,50,"{'bootstrap': True, 'max_depth': 95, 'max_features': 2, 'min_samples_leaf': 4, 'min_samples_split': 8, 'n_estimators': 50}",0.3229166666666667,0.3333333333333333,0.3333333333333333,0.3298611111111111,0.0049104637582398965,154
0.18221163749694824,0.0027554056194770853,0.011495828628540039,0.00045728476294829506,True,95,2,4,8,100,"{'bootstrap': True, 'max_depth': 95, 'max_features': 2, 'min_samples_leaf': 4, 'min_samples_split': 8, 'n_estimators': 100}",0.328125,0.3333333333333333,0.3333333333333333,0.33159722222222215,0.002455231879119948,91
0.3517642815907796,0.002922154581005489,0.018857240676879883,0.0002726577497621688,True,95,2,4,8,200,"{'bootstrap': True, 'max_depth': 95, 'max_features': 2, 'min_samples_leaf': 4, 'min_samples_split': 8, 'n_estimators': 200}",0.328125,0.3333333333333333,0.3333333333333333,0.33159722222222215,0.002455231879119948,91
0.5266357262929281,0.0032762683413836806,0.02547939618428548,0.000152214200342349,True,95,2,4,8,300,"{'bootstrap': True, 'max_depth': 95, 'max_features': 2, 'min_samples_leaf': 4, 'min_samples_split': 8, 'n_estimators': 300}",0.3333333333333333,0.3333333333333333,0.3333333333333333,0.3333333333333333,0.0,1
0.8764047622680664,0.002259695958134069,0.04217688242594401,0.0016430489521359047,True,95,2,4,8,500,"{'bootstrap': True, 'max_depth': 95, 'max_features': 2, 'min_samples_leaf': 4, 'min_samples_split': 8, 'n_estimators': 500}",0.3333333333333333,0.3333333333333333,0.3333333333333333,0.3333333333333333,0.0,1
0.09049797058105469,0.0007883838026317717,0.007781426111857097,0.00013193064413064053,True,95,2,4,10,50,"{'bootstrap': True, 'max_depth': 95, 'max_features': 2, 'min_samples_leaf': 4, 'min_samples_split': 10, 'n_estimators': 50}",0.3177083333333333,0.3333333333333333,0.3333333333333333,0.328125,0.00736569563735987,214
0.1753847599029541,0.004790423012922335,0.01135555903116862,0.0008725340069494973,True,95,2,4,10,100,"{'bootstrap': True, 'max_depth': 95, 'max_features': 2, 'min_samples_leaf': 4, 'min_samples_split': 10, 'n_estimators': 100}",0.328125,0.3333333333333333,0.328125,0.3298611111111111,0.0024552318791199483,154
0.3528593381245931,0.0010677453081206522,0.01861747105916341,0.00022819679228090306,True,95,2,4,10,200,"{'bootstrap': True, 'max_depth': 95, 'max_features': 2, 'min_samples_leaf': 4, 'min_samples_split': 10, 'n_estimators': 200}",0.328125,0.3333333333333333,0.3333333333333333,0.33159722222222215,0.002455231879119948,91
0.5346630414326986,0.011686732600180966,0.02642663319905599,0.0006316962331007815,True,95,2,4,10,300,"{'bootstrap': True, 'max_depth': 95, 'max_features': 2, 'min_samples_leaf': 4, 'min_samples_split': 10, 'n_estimators': 300}",0.328125,0.3333333333333333,0.3333333333333333,0.33159722222222215,0.002455231879119948,91
0.8757483959197998,0.0017084938080349815,0.04025149345397949,0.0003060028546234017,True,95,2,4,10,500,"{'bootstrap': True, 'max_depth': 95, 'max_features': 2, 'min_samples_leaf': 4, 'min_samples_split': 10, 'n_estimators': 500}",0.3333333333333333,0.3333333333333333,0.328125,0.3315972222222222,0.002455231879119948,31
0.09703548749287923,0.007891625585658197,0.008320331573486328,0.0004294431556212683,True,95,2,4,12,50,"{'bootstrap': True, 'max_depth': 95, 'max_features': 2, 'min_samples_leaf': 4, 'min_samples_split': 12, 'n_estimators': 50}",0.3229166666666667,0.3333333333333333,0.328125,0.328125,0.004252586358998558,214
0.17533063888549805,0.0023741039977700903,0.012437105178833008,0.00046041243034548494,True,95,2,4,12,100,"{'bootstrap': True, 'max_depth': 95, 'max_features': 2, 'min_samples_leaf': 4, 'min_samples_split': 12, 'n_estimators': 100}",0.328125,0.3333333333333333,0.328125,0.3298611111111111,0.0024552318791199483,154
0.3548593521118164,0.001531117593301312,0.01853521664937337,0.0002043569756483538,True,95,2,4,12,200,"{'bootstrap': True, 'max_depth': 95, 'max_features': 2, 'min_samples_leaf': 4, 'min_samples_split': 12, 'n_estimators': 200}",0.328125,0.3333333333333333,0.3333333333333333,0.33159722222222215,0.002455231879119948,91
0.5355356534322103,0.006858585242301562,0.02802125612894694,0.0002859073433887795,True,95,2,4,12,300,"{'bootstrap': True, 'max_depth': 95, 'max_features': 2, 'min_samples_leaf': 4, 'min_samples_split': 12, 'n_estimators': 300}",0.328125,0.3333333333333333,0.3333333333333333,0.33159722222222215,0.002455231879119948,91
0.8704195022583008,0.009715463411624464,0.04086176554361979,0.0011611963131224403,True,95,2,4,12,500,"{'bootstrap': True, 'max_depth': 95, 'max_features': 2, 'min_samples_leaf': 4, 'min_samples_split': 12, 'n_estimators': 500}",0.328125,0.3333333333333333,0.328125,0.3298611111111111,0.0024552318791199483,154
0.09111944834391277,0.0007086018994202594,0.007990280787150065,0.000511296090128402,True,95,2,5,8,50,"{'bootstrap': True, 'max_depth': 95, 'max_features': 2, 'min_samples_leaf': 5, 'min_samples_split': 8, 'n_estimators': 50}",0.3177083333333333,0.3333333333333333,0.328125,0.3263888888888889,0.006495932963149206,247
0.1774477163950602,0.002182579780991379,0.012006203333536783,0.0006900312129136571,True,95,2,5,8,100,"{'bootstrap': True, 'max_depth': 95, 'max_features': 2, 'min_samples_leaf': 5, 'min_samples_split': 8, 'n_estimators': 100}",0.3229166666666667,0.3333333333333333,0.328125,0.328125,0.004252586358998558,214
0.35336732864379883,0.001838213769676018,0.01889801025390625,0.0002869039140192609,True,95,2,5,8,200,"{'bootstrap': True, 'max_depth': 95, 'max_features': 2, 'min_samples_leaf': 5, 'min_samples_split': 8, 'n_estimators': 200}",0.328125,0.3333333333333333,0.3333333333333333,0.33159722222222215,0.002455231879119948,91
0.5376377105712891,0.012245198185244397,0.02690259615580241,0.0009009557102284587,True,95,2,5,8,300,"{'bootstrap': True, 'max_depth': 95, 'max_features': 2, 'min_samples_leaf': 5, 'min_samples_split': 8, 'n_estimators': 300}",0.328125,0.3333333333333333,0.3333333333333333,0.33159722222222215,0.002455231879119948,91
0.8943124612172445,0.007810299509236634,0.044205824534098305,0.0016393387148155973,True,95,2,5,8,500,"{'bootstrap': True, 'max_depth': 95, 'max_features': 2, 'min_samples_leaf': 5, 'min_samples_split': 8, 'n_estimators': 500}",0.328125,0.3333333333333333,0.328125,0.3298611111111111,0.0024552318791199483,154
0.08991813659667969,0.0005077852681738569,0.008107741673787435,0.0004078507980699634,True,95,2,5,10,50,"{'bootstrap': True, 'max_depth': 95, 'max_features': 2, 'min_samples_leaf': 5, 'min_samples_split': 10, 'n_estimators': 50}",0.3177083333333333,0.3333333333333333,0.328125,0.3263888888888889,0.006495932963149206,247
0.17618465423583984,0.0025374848117751224,0.011631488800048828,0.000373925522501436,True,95,2,5,10,100,"{'bootstrap': True, 'max_depth': 95, 'max_features': 2, 'min_samples_leaf': 5, 'min_samples_split': 10, 'n_estimators': 100}",0.3229166666666667,0.3333333333333333,0.328125,0.328125,0.004252586358998558,214
0.36584631601969403,0.005870763264085195,0.022334973017374676,0.007197126385209419,True,95,2,5,10,200,"{'bootstrap': True, 'max_depth': 95, 'max_features': 2, 'min_samples_leaf': 5, 'min_samples_split': 10, 'n_estimators': 200}",0.328125,0.3333333333333333,0.3333333333333333,0.33159722222222215,0.002455231879119948,91
0.5218710899353027,0.0030130116089773533,0.026115258534749348,0.0008845059872568985,True,95,2,5,10,300,"{'bootstrap': True, 'max_depth': 95, 'max_features': 2, 'min_samples_leaf': 5, 'min_samples_split': 10, 'n_estimators': 300}",0.328125,0.3333333333333333,0.3333333333333333,0.33159722222222215,0.002455231879119948,91
0.8904290199279785,0.0023576420032162815,0.04357369740804037,0.002160626603596075,True,95,2,5,10,500,"{'bootstrap': True, 'max_depth': 95, 'max_features': 2, 'min_samples_leaf': 5, 'min_samples_split': 10, 'n_estimators': 500}",0.328125,0.3333333333333333,0.328125,0.3298611111111111,0.0024552318791199483,154
0.10150512059529622,0.010848367644914798,0.007633288701375325,0.00035840613841225943,True,95,2,5,12,50,"{'bootstrap': True, 'max_depth': 95, 'max_features': 2, 'min_samples_leaf': 5, 'min_samples_split': 12, 'n_estimators': 50}",0.3125,0.328125,0.328125,0.3229166666666667,0.00736569563735987,268
0.17648720741271973,0.0020386889276953492,0.012615283330281576,0.00042634816828102535,True,95,2,5,12,100,"{'bootstrap': True, 'max_depth': 95, 'max_features': 2, 'min_samples_leaf': 5, 'min_samples_split': 12, 'n_estimators': 100}",0.328125,0.3333333333333333,0.328125,0.3298611111111111,0.0024552318791199483,154
0.3601958751678467,0.01015216676093034,0.019999027252197266,0.0012024581572043147,True,95,2,5,12,200,"{'bootstrap': True, 'max_depth': 95, 'max_features': 2, 'min_samples_leaf': 5, 'min_samples_split': 12, 'n_estimators': 200}",0.328125,0.3333333333333333,0.3333333333333333,0.33159722222222215,0.002455231879119948,91
0.5266226132710775,0.006606739871008187,0.025734424591064453,0.00015659291619307306,True,95,2,5,12,300,"{'bootstrap': True, 'max_depth': 95, 'max_features': 2, 'min_samples_leaf': 5, 'min_samples_split': 12, 'n_estimators': 300}",0.328125,0.3333333333333333,0.3333333333333333,0.33159722222222215,0.002455231879119948,91
0.888931671778361,0.01275123969627995,0.04220294952392578,0.0021423488072998087,True,95,2,5,12,500,"{'bootstrap': True, 'max_depth': 95, 'max_features': 2, 'min_samples_leaf': 5, 'min_samples_split': 12, 'n_estimators': 500}",0.328125,0.3333333333333333,0.328125,0.3298611111111111,0.0024552318791199483,154
0.09018270174662273,0.0008901373180962624,0.007840871810913086,0.00022558337278163036,True,95,3,3,8,50,"{'bootstrap': True, 'max_depth': 95, 'max_features': 3, 'min_samples_leaf': 3, 'min_samples_split': 8, 'n_estimators': 50}",0.3177083333333333,0.3333333333333333,0.3333333333333333,0.328125,0.00736569563735987,214
0.18320417404174805,0.004015683880088965,0.011168559392293295,0.0006350182166876354,True,95,3,3,8,100,"{'bootstrap': True, 'max_depth': 95, 'max_features': 3, 'min_samples_leaf': 3, 'min_samples_split': 8, 'n_estimators': 100}",0.328125,0.3333333333333333,0.3333333333333333,0.33159722222222215,0.002455231879119948,91
0.36136094729105633,0.0070188164899417475,0.018914461135864258,0.00038495414531780517,True,95,3,3,8,200,"{'bootstrap': True, 'max_depth': 95, 'max_features': 3, 'min_samples_leaf': 3, 'min_samples_split': 8, 'n_estimators': 200}",0.3333333333333333,0.3333333333333333,0.328125,0.3315972222222222,0.002455231879119948,31
0.5417884190877279,0.005070182545013242,0.024370511372884113,0.0016430851855973876,True,95,3,3,8,300,"{'bootstrap': True, 'max_depth': 95, 'max_features': 3, 'min_samples_leaf': 3, 'min_samples_split': 8, 'n_estimators': 300}",0.3333333333333333,0.3333333333333333,0.328125,0.3315972222222222,0.002455231879119948,31
0.9068071047465006,0.01573211970458386,0.04285248120625814,0.0020587074763276235,True,95,3,3,8,500,"{'bootstrap': True, 'max_depth': 95, 'max_features': 3, 'min_samples_leaf': 3, 'min_samples_split': 8, 'n_estimators': 500}",0.3333333333333333,0.3333333333333333,0.3333333333333333,0.3333333333333333,0.0,1
0.09192959467569987,0.0002968971807929514,0.0077775319417317705,0.00010287908262277137,True,95,3,3,10,50,"{'bootstrap': True, 'max_depth': 95, 'max_features': 3, 'min_samples_leaf': 3, 'min_samples_split': 10, 'n_estimators': 50}",0.3177083333333333,0.3333333333333333,0.3333333333333333,0.328125,0.00736569563735987,214
0.18134371439615884,0.0022784344770579454,0.011437575022379557,0.00042044656567038184,True,95,3,3,10,100,"{'bootstrap': True, 'max_depth': 95, 'max_features': 3, 'min_samples_leaf': 3, 'min_samples_split': 10, 'n_estimators': 100}",0.3229166666666667,0.3333333333333333,0.328125,0.328125,0.004252586358998558,214
0.3623245557149251,0.0009299333699670243,0.019198815027872723,0.0005984471716923818,True,95,3,3,10,200,"{'bootstrap': True, 'max_depth': 95, 'max_features': 3, 'min_samples_leaf': 3, 'min_samples_split': 10, 'n_estimators': 200}",0.3333333333333333,0.3333333333333333,0.328125,0.3315972222222222,0.002455231879119948,31
0.5372957388559977,0.005251086880046639,0.02673617998758952,0.0005249761402211658,True,95,3,3,10,300,"{'bootstrap': True, 'max_depth': 95, 'max_features': 3, 'min_samples_leaf': 3, 'min_samples_split': 10, 'n_estimators': 300}",0.3333333333333333,0.3333333333333333,0.328125,0.3315972222222222,0.002455231879119948,31
0.8874994119008383,0.0030615106246761996,0.039964914321899414,0.00016375879800712464,True,95,3,3,10,500,"{'bootstrap': True, 'max_depth': 95, 'max_features': 3, 'min_samples_leaf': 3, 'min_samples_split': 10, 'n_estimators': 500}",0.3333333333333333,0.3333333333333333,0.328125,0.3315972222222222,0.002455231879119948,31
0.09241700172424316,0.0015250274522749976,0.007824182510375977,0.00015132049880695652,True,95,3,3,12,50,"{'bootstrap': True, 'max_depth': 95, 'max_features': 3, 'min_samples_leaf': 3, 'min_samples_split': 12, 'n_estimators': 50}",0.3177083333333333,0.3333333333333333,0.328125,0.3263888888888889,0.006495932963149206,247
0.18490918477376303,0.0022724755718880533,0.011983633041381836,0.000756119029354896,True,95,3,3,12,100,"{'bootstrap': True, 'max_depth': 95, 'max_features': 3, 'min_samples_leaf': 3, 'min_samples_split': 12, 'n_estimators': 100}",0.3177083333333333,0.3333333333333333,0.328125,0.3263888888888889,0.006495932963149206,247
0.36377700169881183,0.0030620244202722463,0.019208908081054688,0.0005309320349753949,True,95,3,3,12,200,"{'bootstrap': True, 'max_depth': 95, 'max_features': 3, 'min_samples_leaf': 3, 'min_samples_split': 12, 'n_estimators': 200}",0.328125,0.3333333333333333,0.328125,0.3298611111111111,0.0024552318791199483,154
0.5312370459238688,0.0021892615089086132,0.027556498845418293,0.0014076091884608997,True,95,3,3,12,300,"{'bootstrap': True, 'max_depth': 95, 'max_features': 3, 'min_samples_leaf': 3, 'min_samples_split': 12, 'n_estimators': 300}",0.3333333333333333,0.3333333333333333,0.328125,0.3315972222222222,0.002455231879119948,31
0.8983538150787354,0.01086079098661377,0.04414574305216471,0.0027218675323807534,True,95,3,3,12,500,"{'bootstrap': True, 'max_depth': 95, 'max_features': 3, 'min_samples_leaf': 3, 'min_samples_split': 12, 'n_estimators': 500}",0.3333333333333333,0.3333333333333333,0.328125,0.3315972222222222,0.002455231879119948,31
0.09239848454793294,0.0006076654399181218,0.008116324742635092,0.00032491862250507184,True,95,3,4,8,50,"{'bootstrap': True, 'max_depth': 95, 'max_features': 3, 'min_samples_leaf': 4, 'min_samples_split': 8, 'n_estimators': 50}",0.3229166666666667,0.3333333333333333,0.3333333333333333,0.3298611111111111,0.0049104637582398965,154
0.17921225229899088,0.004648183712851043,0.010940233866373697,0.0003495121138233646,True,95,3,4,8,100,"{'bootstrap': True, 'max_depth': 95, 'max_features': 3, 'min_samples_leaf': 4, 'min_samples_split': 8, 'n_estimators': 100}",0.3229166666666667,0.3333333333333333,0.3333333333333333,0.3298611111111111,0.0049104637582398965,154
0.36470651626586914,0.01174804383877963,0.0184937318166097,0.00020093508345427353,True,95,3,4,8,200,"{'bootstrap': True, 'max_depth': 95, 'max_features': 3, 'min_samples_leaf': 4, 'min_samples_split': 8, 'n_estimators': 200}",0.3333333333333333,0.3333333333333333,0.3333333333333333,0.3333333333333333,0.0,1
0.5342450936635336,0.0020249767991976906,0.026575247446695965,0.0012315088747428256,True,95,3,4,8,300,"{'bootstrap': True, 'max_depth': 95, 'max_features': 3, 'min_samples_leaf': 4, 'min_samples_split': 8, 'n_estimators': 300}",0.3333333333333333,0.3333333333333333,0.328125,0.3315972222222222,0.002455231879119948,31
0.8878176212310791,0.007918101604106933,0.04159649213155111,0.00033023428070162497,True,95,3,4,8,500,"{'bootstrap': True, 'max_depth': 95, 'max_features': 3, 'min_samples_leaf': 4, 'min_samples_split': 8, 'n_estimators': 500}",0.3333333333333333,0.3333333333333333,0.328125,0.3315972222222222,0.002455231879119948,31
0.09135643641153972,0.0005665101826115836,0.007613738377888997,6.354420463615913e-05,True,95,3,4,10,50,"{'bootstrap': True, 'max_depth': 95, 'max_features': 3, 'min_samples_leaf': 4, 'min_samples_split': 10, 'n_estimators': 50}",0.3229166666666667,0.3333333333333333,0.328125,0.328125,0.004252586358998558,214
0.18038320541381836,0.004184042163963488,0.011251529057820639,0.0011593905049098502,True,95,3,4,10,100,"{'bootstrap': True, 'max_depth': 95, 'max_features': 3, 'min_samples_leaf': 4, 'min_samples_split': 10, 'n_estimators': 100}",0.328125,0.3333333333333333,0.3333333333333333,0.33159722222222215,0.002455231879119948,91
0.35706933339436847,0.0014889039555861284,0.01866912841796875,5.327183814004875e-05,True,95,3,4,10,200,"{'bootstrap': True, 'max_depth': 95, 'max_features': 3, 'min_samples_leaf': 4, 'min_samples_split': 10, 'n_estimators': 200}",0.3333333333333333,0.3333333333333333,0.328125,0.3315972222222222,0.002455231879119948,31
0.5452996095021566,0.005602252687413211,0.02639142672220866,0.0009183703001315509,True,95,3,4,10,300,"{'bootstrap': True, 'max_depth': 95, 'max_features': 3, 'min_samples_leaf': 4, 'min_samples_split': 10, 'n_estimators': 300}",0.3333333333333333,0.3333333333333333,0.328125,0.3315972222222222,0.002455231879119948,31
0.8989926973978678,0.008633845510830808,0.03831020991007487,0.002864021573176914,True,95,3,4,10,500,"{'bootstrap': True, 'max_depth': 95, 'max_features': 3, 'min_samples_leaf': 4, 'min_samples_split': 10, 'n_estimators': 500}",0.3333333333333333,0.3333333333333333,0.328125,0.3315972222222222,0.002455231879119948,31
0.08985686302185059,0.001303768639876829,0.008396228154500326,0.0005554238823129714,True,95,3,4,12,50,"{'bootstrap': True, 'max_depth': 95, 'max_features': 3, 'min_samples_leaf': 4, 'min_samples_split': 12, 'n_estimators': 50}",0.3177083333333333,0.3333333333333333,0.3333333333333333,0.328125,0.00736569563735987,214
0.1817313035329183,0.0029381738916143974,0.011372963587443033,0.00012431897554898255,True,95,3,4,12,100,"{'bootstrap': True, 'max_depth': 95, 'max_features': 3, 'min_samples_leaf': 4, 'min_samples_split': 12, 'n_estimators': 100}",0.328125,0.3333333333333333,0.3333333333333333,0.33159722222222215,0.002455231879119948,91
0.3577761650085449,0.001340029935898227,0.0185089111328125,0.0001128988547045951,True,95,3,4,12,200,"{'bootstrap': True, 'max_depth': 95, 'max_features': 3, 'min_samples_leaf': 4, 'min_samples_split': 12, 'n_estimators': 200}",0.3333333333333333,0.3333333333333333,0.328125,0.3315972222222222,0.002455231879119948,31
0.5294219652811686,0.0036736413270638973,0.02652152379353841,0.0009892462606362676,True,95,3,4,12,300,"{'bootstrap': True, 'max_depth': 95, 'max_features': 3, 'min_samples_leaf': 4, 'min_samples_split': 12, 'n_estimators': 300}",0.3333333333333333,0.3333333333333333,0.328125,0.3315972222222222,0.002455231879119948,31
0.8952012856801351,0.013603938759610204,0.04365436236063639,0.002605908484400675,True,95,3,4,12,500,"{'bootstrap': True, 'max_depth': 95, 'max_features': 3, 'min_samples_leaf': 4, 'min_samples_split': 12, 'n_estimators': 500}",0.3333333333333333,0.3333333333333333,0.328125,0.3315972222222222,0.002455231879119948,31
0.0923019250233968,0.003345127512340184,0.008072296778361002,0.00033655518460628874,True,95,3,5,8,50,"{'bootstrap': True, 'max_depth': 95, 'max_features': 3, 'min_samples_leaf': 5, 'min_samples_split': 8, 'n_estimators': 50}",0.3177083333333333,0.3333333333333333,0.3229166666666667,0.32465277777777773,0.006495932963149201,259
0.17977348963419595,0.0008774358563685323,0.011628071467081705,0.00042126295318579906,True,95,3,5,8,100,"{'bootstrap': True, 'max_depth': 95, 'max_features': 3, 'min_samples_leaf': 5, 'min_samples_split': 8, 'n_estimators': 100}",0.328125,0.3333333333333333,0.328125,0.3298611111111111,0.0024552318791199483,154
0.3578488826751709,0.001845353651816857,0.017650286356608074,0.0011352449684110973,True,95,3,5,8,200,"{'bootstrap': True, 'max_depth': 95, 'max_features': 3, 'min_samples_leaf': 5, 'min_samples_split': 8, 'n_estimators': 200}",0.3333333333333333,0.3333333333333333,0.328125,0.3315972222222222,0.002455231879119948,31
0.5516869227091471,0.019254531245228055,0.026722033818562824,0.0008730558561846981,True,95,3,5,8,300,"{'bootstrap': True, 'max_depth': 95, 'max_features': 3, 'min_samples_leaf': 5, 'min_samples_split': 8, 'n_estimators': 300}",0.3333333333333333,0.3333333333333333,0.328125,0.3315972222222222,0.002455231879119948,31
0.892255703608195,0.010723452470074573,0.04148475329081217,0.0010092467381155453,True,95,3,5,8,500,"{'bootstrap': True, 'max_depth': 95, 'max_features': 3, 'min_samples_leaf': 5, 'min_samples_split': 8, 'n_estimators': 500}",0.328125,0.3333333333333333,0.328125,0.3298611111111111,0.0024552318791199483,154
0.08981625239054362,0.0014632575775538905,0.007769346237182617,0.0001848419127637255,True,95,3,5,10,50,"{'bootstrap': True, 'max_depth': 95, 'max_features': 3, 'min_samples_leaf': 5, 'min_samples_split': 10, 'n_estimators': 50}",0.3177083333333333,0.3333333333333333,0.3229166666666667,0.32465277777777773,0.006495932963149201,259
0.18497729301452637,0.010601570420988648,0.011442184448242188,0.0002196796602285342,True,95,3,5,10,100,"{'bootstrap': True, 'max_depth': 95, 'max_features': 3, 'min_samples_leaf': 5, 'min_samples_split': 10, 'n_estimators': 100}",0.328125,0.3333333333333333,0.328125,0.3298611111111111,0.0024552318791199483,154
0.3610774676005046,0.005211787648031171,0.01867985725402832,0.0005138726292928474,True,95,3,5,10,200,"{'bootstrap': True, 'max_depth': 95, 'max_features': 3, 'min_samples_leaf': 5, 'min_samples_split': 10, 'n_estimators': 200}",0.3333333333333333,0.3333333333333333,0.328125,0.3315972222222222,0.002455231879119948,31
0.543561061223348,0.006934030546459921,0.026482899983723957,0.0010595918459850907,True,95,3,5,10,300,"{'bootstrap': True, 'max_depth': 95, 'max_features': 3, 'min_samples_leaf': 5, 'min_samples_split': 10, 'n_estimators': 300}",0.3333333333333333,0.3333333333333333,0.328125,0.3315972222222222,0.002455231879119948,31
0.8912750085194906,0.010052774024532241,0.04331819216410319,0.0024506604719955797,True,95,3,5,10,500,"{'bootstrap': True, 'max_depth': 95, 'max_features': 3, 'min_samples_leaf': 5, 'min_samples_split': 10, 'n_estimators': 500}",0.328125,0.3333333333333333,0.328125,0.3298611111111111,0.0024552318791199483,154
0.09211953481038411,0.00038553811904573366,0.00826422373453776,0.00031409204451542886,True,95,3,5,12,50,"{'bootstrap': True, 'max_depth': 95, 'max_features': 3, 'min_samples_leaf': 5, 'min_samples_split': 12, 'n_estimators': 50}",0.3125,0.3333333333333333,0.328125,0.32465277777777773,0.0088524644333208,259
0.18122482299804688,0.004228862824176946,0.011693954467773438,0.000346953730733357,True,95,3,5,12,100,"{'bootstrap': True, 'max_depth': 95, 'max_features': 3, 'min_samples_leaf': 5, 'min_samples_split': 12, 'n_estimators': 100}",0.328125,0.3333333333333333,0.328125,0.3298611111111111,0.0024552318791199483,154
0.3570912679036458,0.004680144207201903,0.01883586247762044,0.0001308505128860694,True,95,3,5,12,200,"{'bootstrap': True, 'max_depth': 95, 'max_features': 3, 'min_samples_leaf': 5, 'min_samples_split': 12, 'n_estimators': 200}",0.328125,0.3333333333333333,0.328125,0.3298611111111111,0.0024552318791199483,154
0.5436596075693766,0.005965978908200559,0.025627533594767254,0.00018449884123640598,True,95,3,5,12,300,"{'bootstrap': True, 'max_depth': 95, 'max_features': 3, 'min_samples_leaf': 5, 'min_samples_split': 12, 'n_estimators': 300}",0.328125,0.3333333333333333,0.328125,0.3298611111111111,0.0024552318791199483,154
0.898901621500651,0.011976285714880667,0.042803049087524414,0.002958373665834204,True,95,3,5,12,500,"{'bootstrap': True, 'max_depth': 95, 'max_features': 3, 'min_samples_leaf': 5, 'min_samples_split': 12, 'n_estimators': 500}",0.3229166666666667,0.3333333333333333,0.328125,0.328125,0.004252586358998558,214
0.0903488000233968,0.0004160695595603502,0.008145729700724283,0.0003914768373597824,True,110,2,3,8,50,"{'bootstrap': True, 'max_depth': 110, 'max_features': 2, 'min_samples_leaf': 3, 'min_samples_split': 8, 'n_estimators': 50}",0.3229166666666667,0.3333333333333333,0.3333333333333333,0.3298611111111111,0.0049104637582398965,154
0.17840123176574707,0.0008637211378061985,0.011748234430948893,0.0006153953270090608,True,110,2,3,8,100,"{'bootstrap': True, 'max_depth': 110, 'max_features': 2, 'min_samples_leaf': 3, 'min_samples_split': 8, 'n_estimators': 100}",0.3333333333333333,0.3333333333333333,0.3333333333333333,0.3333333333333333,0.0,1
0.3571609656016032,0.004472793462838206,0.019386450449625652,0.0006093111438299923,True,110,2,3,8,200,"{'bootstrap': True, 'max_depth': 110, 'max_features': 2, 'min_samples_leaf': 3, 'min_samples_split': 8, 'n_estimators': 200}",0.3333333333333333,0.3333333333333333,0.3333333333333333,0.3333333333333333,0.0,1
0.5297054449717203,0.0038550134547241,0.026795625686645508,0.0016558298310036235,True,110,2,3,8,300,"{'bootstrap': True, 'max_depth': 110, 'max_features': 2, 'min_samples_leaf': 3, 'min_samples_split': 8, 'n_estimators': 300}",0.3333333333333333,0.3333333333333333,0.3333333333333333,0.3333333333333333,0.0,1
0.8761201699574789,0.003425031800121172,0.04097588857014974,0.0009537256213798939,True,110,2,3,8,500,"{'bootstrap': True, 'max_depth': 110, 'max_features': 2, 'min_samples_leaf': 3, 'min_samples_split': 8, 'n_estimators': 500}",0.3333333333333333,0.3333333333333333,0.3333333333333333,0.3333333333333333,0.0,1
0.09084351857503255,0.0008077866427192347,0.007689634958902995,5.1435213005080586e-05,True,110,2,3,10,50,"{'bootstrap': True, 'max_depth': 110, 'max_features': 2, 'min_samples_leaf': 3, 'min_samples_split': 10, 'n_estimators': 50}",0.3177083333333333,0.3333333333333333,0.3333333333333333,0.328125,0.00736569563735987,214
0.18039234479268393,0.0014289814175022905,0.010889053344726562,0.0005197806452793438,True,110,2,3,10,100,"{'bootstrap': True, 'max_depth': 110, 'max_features': 2, 'min_samples_leaf': 3, 'min_samples_split': 10, 'n_estimators': 100}",0.328125,0.3333333333333333,0.3333333333333333,0.33159722222222215,0.002455231879119948,91
0.35605748494466144,0.0048924260521246935,0.022009531656901043,0.004863811677554083,True,110,2,3,10,200,"{'bootstrap': True, 'max_depth': 110, 'max_features': 2, 'min_samples_leaf': 3, 'min_samples_split': 10, 'n_estimators': 200}",0.328125,0.3333333333333333,0.3333333333333333,0.33159722222222215,0.002455231879119948,91
0.5405795574188232,0.013513593474853825,0.025932947794596355,0.0004389902369515731,True,110,2,3,10,300,"{'bootstrap': True, 'max_depth': 110, 'max_features': 2, 'min_samples_leaf': 3, 'min_samples_split': 10, 'n_estimators': 300}",0.3333333333333333,0.3333333333333333,0.3333333333333333,0.3333333333333333,0.0,1
0.8780825138092041,0.0015479614223675125,0.040883541107177734,0.00043474767679215544,True,110,2,3,10,500,"{'bootstrap': True, 'max_depth': 110, 'max_features': 2, 'min_samples_leaf': 3, 'min_samples_split': 10, 'n_estimators': 500}",0.3333333333333333,0.3333333333333333,0.3333333333333333,0.3333333333333333,0.0,1
0.09383328755696614,0.0013181085565111472,0.008218685785929361,0.00037414235557025477,True,110,2,3,12,50,"{'bootstrap': True, 'max_depth': 110, 'max_features': 2, 'min_samples_leaf': 3, 'min_samples_split': 12, 'n_estimators': 50}",0.3229166666666667,0.3333333333333333,0.3333333333333333,0.3298611111111111,0.0049104637582398965,154
0.18222284317016602,0.0007296556159828718,0.011028210322062174,0.000425564110950816,True,110,2,3,12,100,"{'bootstrap': True, 'max_depth': 110, 'max_features': 2, 'min_samples_leaf': 3, 'min_samples_split': 12, 'n_estimators': 100}",0.328125,0.3333333333333333,0.3333333333333333,0.33159722222222215,0.002455231879119948,91
0.36018824577331543,0.0005174140573020447,0.019195159276326496,0.0006659197891529886,True,110,2,3,12,200,"{'bootstrap': True, 'max_depth': 110, 'max_features': 2, 'min_samples_leaf': 3, 'min_samples_split': 12, 'n_estimators': 200}",0.328125,0.3333333333333333,0.3333333333333333,0.33159722222222215,0.002455231879119948,91
0.5257151126861572,0.0013722416143186903,0.02667999267578125,0.0015061209930985352,True,110,2,3,12,300,"{'bootstrap': True, 'max_depth': 110, 'max_features': 2, 'min_samples_leaf': 3, 'min_samples_split': 12, 'n_estimators': 300}",0.328125,0.3333333333333333,0.3333333333333333,0.33159722222222215,0.002455231879119948,91
0.8791298866271973,0.006973815659477807,0.04198598861694336,0.0014832236275572333,True,110,2,3,12,500,"{'bootstrap': True, 'max_depth': 110, 'max_features': 2, 'min_samples_leaf': 3, 'min_samples_split': 12, 'n_estimators': 500}",0.328125,0.3333333333333333,0.3333333333333333,0.33159722222222215,0.002455231879119948,91
0.08893060684204102,0.002105193724518131,0.007742563883463542,0.00013900059889757543,True,110,2,4,8,50,"{'bootstrap': True, 'max_depth': 110, 'max_features': 2, 'min_samples_leaf': 4, 'min_samples_split': 8, 'n_estimators': 50}",0.3229166666666667,0.3333333333333333,0.3333333333333333,0.3298611111111111,0.0049104637582398965,154
0.17957321802775064,0.0017262866466775735,0.011668205261230469,0.0005523645842047159,True,110,2,4,8,100,"{'bootstrap': True, 'max_depth': 110, 'max_features': 2, 'min_samples_leaf': 4, 'min_samples_split': 8, 'n_estimators': 100}",0.328125,0.3333333333333333,0.3333333333333333,0.33159722222222215,0.002455231879119948,91
0.3561428387959798,0.0007816591648229005,0.018642505009969074,5.191263068318916e-05,True,110,2,4,8,200,"{'bootstrap': True, 'max_depth': 110, 'max_features': 2, 'min_samples_leaf': 4, 'min_samples_split': 8, 'n_estimators': 200}",0.328125,0.3333333333333333,0.3333333333333333,0.33159722222222215,0.002455231879119948,91
0.5270498593648275,0.008613583602024672,0.02664470672607422,0.0008985276238507379,True,110,2,4,8,300,"{'bootstrap': True, 'max_depth': 110, 'max_features': 2, 'min_samples_leaf': 4, 'min_samples_split': 8, 'n_estimators': 300}",0.3333333333333333,0.3333333333333333,0.3333333333333333,0.3333333333333333,0.0,1
0.881489117940267,0.009165570488414201,0.0412286122639974,0.001707534892169076,True,110,2,4,8,500,"{'bootstrap': True, 'max_depth': 110, 'max_features': 2, 'min_samples_leaf': 4, 'min_samples_split': 8, 'n_estimators': 500}",0.3333333333333333,0.3333333333333333,0.3333333333333333,0.3333333333333333,0.0,1
0.08986234664916992,0.0006185760117904723,0.008137782414754232,0.0004943437126522607,True,110,2,4,10,50,"{'bootstrap': True, 'max_depth': 110, 'max_features': 2, 'min_samples_leaf': 4, 'min_samples_split': 10, 'n_estimators': 50}",0.3177083333333333,0.3333333333333333,0.3333333333333333,0.328125,0.00736569563735987,214
0.18072104454040527,0.0036148862211904916,0.01186831792195638,0.0007551844753490502,True,110,2,4,10,100,"{'bootstrap': True, 'max_depth': 110, 'max_features': 2, 'min_samples_leaf': 4, 'min_samples_split': 10, 'n_estimators': 100}",0.328125,0.3333333333333333,0.328125,0.3298611111111111,0.0024552318791199483,154
0.358397642771403,0.004977104253543194,0.01880486806233724,0.00032617232063042163,True,110,2,4,10,200,"{'bootstrap': True, 'max_depth': 110, 'max_features': 2, 'min_samples_leaf': 4, 'min_samples_split': 10, 'n_estimators': 200}",0.328125,0.3333333333333333,0.3333333333333333,0.33159722222222215,0.002455231879119948,91
0.5291652679443359,0.007499923901440388,0.026412248611450195,0.0009051229270590014,True,110,2,4,10,300,"{'bootstrap': True, 'max_depth': 110, 'max_features': 2, 'min_samples_leaf': 4, 'min_samples_split': 10, 'n_estimators': 300}",0.328125,0.3333333333333333,0.3333333333333333,0.33159722222222215,0.002455231879119948,91
0.8789614836374918,0.005168833306494475,0.04089689254760742,0.0011378409892309242,True,110,2,4,10,500,"{'bootstrap': True, 'max_depth': 110, 'max_features': 2, 'min_samples_leaf': 4, 'min_samples_split': 10, 'n_estimators': 500}",0.3333333333333333,0.3333333333333333,0.328125,0.3315972222222222,0.002455231879119948,31
0.09049169222513835,0.0010589550313279833,0.008076667785644531,0.00031212752926492354,True,110,2,4,12,50,"{'bootstrap': True, 'max_depth': 110, 'max_features': 2, 'min_samples_leaf': 4, 'min_samples_split': 12, 'n_estimators': 50}",0.3229166666666667,0.3333333333333333,0.328125,0.328125,0.004252586358998558,214
0.17943970362345377,0.001852612146340895,0.011803944905598959,0.0006775886312016283,True,110,2,4,12,100,"{'bootstrap': True, 'max_depth': 110, 'max_features': 2, 'min_samples_leaf': 4, 'min_samples_split': 12, 'n_estimators': 100}",0.328125,0.3333333333333333,0.328125,0.3298611111111111,0.0024552318791199483,154
0.3614479700724284,0.012283870418139843,0.018740495045979817,0.00013576248856689128,True,110,2,4,12,200,"{'bootstrap': True, 'max_depth': 110, 'max_features': 2, 'min_samples_leaf': 4, 'min_samples_split': 12, 'n_estimators': 200}",0.328125,0.3333333333333333,0.3333333333333333,0.33159722222222215,0.002455231879119948,91
0.5410172939300537,0.0026834468175326903,0.02699168523152669,0.0009155876155833568,True,110,2,4,12,300,"{'bootstrap': True, 'max_depth': 110, 'max_features': 2, 'min_samples_leaf': 4, 'min_samples_split': 12, 'n_estimators': 300}",0.328125,0.3333333333333333,0.3333333333333333,0.33159722222222215,0.002455231879119948,91
0.885865847269694,0.009452927503904932,0.04197827974955241,0.0015344309602825686,True,110,2,4,12,500,"{'bootstrap': True, 'max_depth': 110, 'max_features': 2, 'min_samples_leaf': 4, 'min_samples_split': 12, 'n_estimators': 500}",0.328125,0.3333333333333333,0.328125,0.3298611111111111,0.0024552318791199483,154
0.09090813000996907,0.0009697054352523659,0.008318662643432617,0.0004608201681008203,True,110,2,5,8,50,"{'bootstrap': True, 'max_depth': 110, 'max_features': 2, 'min_samples_leaf': 5, 'min_samples_split': 8, 'n_estimators': 50}",0.3177083333333333,0.3333333333333333,0.328125,0.3263888888888889,0.006495932963149206,247
0.1767427126566569,0.0026297745536420234,0.011802911758422852,0.00037292527424043437,True,110,2,5,8,100,"{'bootstrap': True, 'max_depth': 110, 'max_features': 2, 'min_samples_leaf': 5, 'min_samples_split': 8, 'n_estimators': 100}",0.3229166666666667,0.3333333333333333,0.328125,0.328125,0.004252586358998558,214
0.35422515869140625,0.0031551321061672826,0.018953879674275715,0.00042749509823706693,True,110,2,5,8,200,"{'bootstrap': True, 'max_depth': 110, 'max_features': 2, 'min_samples_leaf': 5, 'min_samples_split': 8, 'n_estimators': 200}",0.328125,0.3333333333333333,0.3333333333333333,0.33159722222222215,0.002455231879119948,91
0.5270729859670004,0.004732929667803606,0.02596879005432129,5.100300412251096e-05,True,110,2,5,8,300,"{'bootstrap': True, 'max_depth': 110, 'max_features': 2, 'min_samples_leaf': 5, 'min_samples_split': 8, 'n_estimators': 300}",0.328125,0.3333333333333333,0.3333333333333333,0.33159722222222215,0.002455231879119948,91
0.8791939417521158,0.002376357022969117,0.04071370760599772,0.0002652400947831275,True,110,2,5,8,500,"{'bootstrap': True, 'max_depth': 110, 'max_features': 2, 'min_samples_leaf': 5, 'min_samples_split': 8, 'n_estimators': 500}",0.328125,0.3333333333333333,0.328125,0.3298611111111111,0.0024552318791199483,154
0.0902244249979655,0.0003779321460852001,0.007722536722819011,5.1198165529690466e-05,True,110,2,5,10,50,"{'bootstrap': True, 'max_depth': 110, 'max_features': 2, 'min_samples_leaf': 5, 'min_samples_split': 10, 'n_estimators': 50}",0.3177083333333333,0.3333333333333333,0.328125,0.3263888888888889,0.006495932963149206,247
0.17899441719055176,0.0005942971308700228,0.01188206672668457,0.0003514474784543741,True,110,2,5,10,100,"{'bootstrap': True, 'max_depth': 110, 'max_features': 2, 'min_samples_leaf': 5, 'min_samples_split': 10, 'n_estimators': 100}",0.3229166666666667,0.3333333333333333,0.328125,0.328125,0.004252586358998558,214
0.3546608289082845,0.003581973005328433,0.018461147944132488,0.00014011500163041426,True,110,2,5,10,200,"{'bootstrap': True, 'max_depth': 110, 'max_features': 2, 'min_samples_leaf': 5, 'min_samples_split': 10, 'n_estimators': 200}",0.328125,0.3333333333333333,0.3333333333333333,0.33159722222222215,0.002455231879119948,91
0.529727061589559,0.004905403583500596,0.02619012196858724,0.0004603170804067271,True,110,2,5,10,300,"{'bootstrap': True, 'max_depth': 110, 'max_features': 2, 'min_samples_leaf': 5, 'min_samples_split': 10, 'n_estimators': 300}",0.328125,0.3333333333333333,0.3333333333333333,0.33159722222222215,0.002455231879119948,91
0.8757876555124918,0.003707493152117758,0.04086875915527344,0.0005359572235240561,True,110,2,5,10,500,"{'bootstrap': True, 'max_depth': 110, 'max_features': 2, 'min_samples_leaf': 5, 'min_samples_split': 10, 'n_estimators': 500}",0.328125,0.3333333333333333,0.328125,0.3298611111111111,0.0024552318791199483,154
0.08945480982462566,0.000766525244600242,0.007710695266723633,0.00012524685679934886,True,110,2,5,12,50,"{'bootstrap': True, 'max_depth': 110, 'max_features': 2, 'min_samples_leaf': 5, 'min_samples_split': 12, 'n_estimators': 50}",0.3125,0.328125,0.328125,0.3229166666666667,0.00736569563735987,268
0.17737356821695963,0.0011286425014343452,0.011060555775960287,0.0007830588668706387,True,110,2,5,12,100,"{'bootstrap': True, 'max_depth': 110, 'max_features': 2, 'min_samples_leaf': 5, 'min_samples_split': 12, 'n_estimators': 100}",0.328125,0.3333333333333333,0.328125,0.3298611111111111,0.0024552318791199483,154
0.34947792689005536,0.0026497550299215515,0.01885191599527995,6.538332196146649e-05,True,110,2,5,12,200,"{'bootstrap': True, 'max_depth': 110, 'max_features': 2, 'min_samples_leaf': 5, 'min_samples_split': 12, 'n_estimators': 200}",0.328125,0.3333333333333333,0.3333333333333333,0.33159722222222215,0.002455231879119948,91
0.5285220146179199,0.007048650568517539,0.026180823644002277,0.0007532490383767702,True,110,2,5,12,300,"{'bootstrap': True, 'max_depth': 110, 'max_features': 2, 'min_samples_leaf': 5, 'min_samples_split': 12, 'n_estimators': 300}",0.328125,0.3333333333333333,0.3333333333333333,0.33159722222222215,0.002455231879119948,91
0.8920301596323649,0.02178640837171206,0.0406195322672526,0.00020645950739439956,True,110,2,5,12,500,"{'bootstrap': True, 'max_depth': 110, 'max_features': 2, 'min_samples_leaf': 5, 'min_samples_split': 12, 'n_estimators': 500}",0.328125,0.3333333333333333,0.328125,0.3298611111111111,0.0024552318791199483,154
0.09182302157084148,0.000653268134602478,0.008122841517130533,0.00044067843310552785,True,110,3,3,8,50,"{'bootstrap': True, 'max_depth': 110, 'max_features': 3, 'min_samples_leaf': 3, 'min_samples_split': 8, 'n_estimators': 50}",0.3177083333333333,0.3333333333333333,0.3333333333333333,0.328125,0.00736569563735987,214
0.18322197596232095,0.003763287419292919,0.012175559997558594,0.0005709008424258643,True,110,3,3,8,100,"{'bootstrap': True, 'max_depth': 110, 'max_features': 3, 'min_samples_leaf': 3, 'min_samples_split': 8, 'n_estimators': 100}",0.328125,0.3333333333333333,0.3333333333333333,0.33159722222222215,0.002455231879119948,91
0.3728752136230469,0.010638685456012209,0.01975560188293457,0.0009970500976013987,True,110,3,3,8,200,"{'bootstrap': True, 'max_depth': 110, 'max_features': 3, 'min_samples_leaf': 3, 'min_samples_split': 8, 'n_estimators': 200}",0.3333333333333333,0.3333333333333333,0.328125,0.3315972222222222,0.002455231879119948,31
0.5345637798309326,0.005764604382714386,0.02609419822692871,0.0015143219943225723,True,110,3,3,8,300,"{'bootstrap': True, 'max_depth': 110, 'max_features': 3, 'min_samples_leaf': 3, 'min_samples_split': 8, 'n_estimators': 300}",0.3333333333333333,0.3333333333333333,0.328125,0.3315972222222222,0.002455231879119948,31
0.9017297426859537,0.003061779186210674,0.039224704106648765,0.0039786519142849044,True,110,3,3,8,500,"{'bootstrap': True, 'max_depth': 110, 'max_features': 3, 'min_samples_leaf': 3, 'min_samples_split': 8, 'n_estimators': 500}",0.3333333333333333,0.3333333333333333,0.3333333333333333,0.3333333333333333,0.0,1
0.09047253926595052,0.0019372151470145014,0.00821836789449056,0.0003903853288663061,True,110,3,3,10,50,"{'bootstrap': True, 'max_depth': 110, 'max_features': 3, 'min_samples_leaf': 3, 'min_samples_split': 10, 'n_estimators': 50}",0.3177083333333333,0.3333333333333333,0.3333333333333333,0.328125,0.00736569563735987,214
0.18038209279378256,0.0015236898745646303,0.01299722989400228,0.0016939708034126298,True,110,3,3,10,100,"{'bootstrap': True, 'max_depth': 110, 'max_features': 3, 'min_samples_leaf': 3, 'min_samples_split': 10, 'n_estimators': 100}",0.3229166666666667,0.3333333333333333,0.328125,0.328125,0.004252586358998558,214
0.3593532244364421,0.0015675764943976702,0.01864178975423177,3.8465685086907226e-05,True,110,3,3,10,200,"{'bootstrap': True, 'max_depth': 110, 'max_features': 3, 'min_samples_leaf': 3, 'min_samples_split': 10, 'n_estimators': 200}",0.3333333333333333,0.3333333333333333,0.328125,0.3315972222222222,0.002455231879119948,31
0.5441908836364746,0.0061843241351765485,0.02869097391764323,0.0015916492962370085,True,110,3,3,10,300,"{'bootstrap': True, 'max_depth': 110, 'max_features': 3, 'min_samples_leaf': 3, 'min_samples_split': 10, 'n_estimators': 300}",0.3333333333333333,0.3333333333333333,0.328125,0.3315972222222222,0.002455231879119948,31
0.9032642046610514,0.007086770308016611,0.038369178771972656,0.0025012927764724905,True,110,3,3,10,500,"{'bootstrap': True, 'max_depth': 110, 'max_features': 3, 'min_samples_leaf': 3, 'min_samples_split': 10, 'n_estimators': 500}",0.3333333333333333,0.3333333333333333,0.328125,0.3315972222222222,0.002455231879119948,31
0.09239419301350911,0.0008816358719270569,0.007658322652180989,4.741926506762971e-05,True,110,3,3,12,50,"{'bootstrap': True, 'max_depth': 110, 'max_features': 3, 'min_samples_leaf': 3, 'min_samples_split': 12, 'n_estimators': 50}",0.3177083333333333,0.3333333333333333,0.328125,0.3263888888888889,0.006495932963149206,247
0.18125605583190918,0.0004648554591051662,0.011546134948730469,0.0003960144799688516,True,110,3,3,12,100,"{'bootstrap': True, 'max_depth': 110, 'max_features': 3, 'min_samples_leaf': 3, 'min_samples_split': 12, 'n_estimators': 100}",0.3177083333333333,0.3333333333333333,0.328125,0.3263888888888889,0.006495932963149206,247
0.3651430606842041,0.0028564722307795804,0.01995388666788737,0.0009897741703671031,True,110,3,3,12,200,"{'bootstrap': True, 'max_depth': 110, 'max_features': 3, 'min_samples_leaf': 3, 'min_samples_split': 12, 'n_estimators': 200}",0.328125,0.3333333333333333,0.328125,0.3298611111111111,0.0024552318791199483,154
0.5386269092559814,0.0033020357328196175,0.024138530095418293,0.0019133841304122287,True,110,3,3,12,300,"{'bootstrap': True, 'max_depth': 110, 'max_features': 3, 'min_samples_leaf': 3, 'min_samples_split': 12, 'n_estimators': 300}",0.3333333333333333,0.3333333333333333,0.328125,0.3315972222222222,0.002455231879119948,31
0.9372568130493164,0.02114325980159163,0.04292567571004232,0.0026700426478024506,True,110,3,3,12,500,"{'bootstrap': True, 'max_depth': 110, 'max_features': 3, 'min_samples_leaf': 3, 'min_samples_split': 12, 'n_estimators': 500}",0.3333333333333333,0.3333333333333333,0.328125,0.3315972222222222,0.002455231879119948,31
0.09078280131022136,0.0034350283651264557,0.00777745246887207,0.00012694037455366253,True,110,3,4,8,50,"{'bootstrap': True, 'max_depth': 110, 'max_features': 3, 'min_samples_leaf': 4, 'min_samples_split': 8, 'n_estimators': 50}",0.3229166666666667,0.3333333333333333,0.3333333333333333,0.3298611111111111,0.0049104637582398965,154
0.18000245094299316,0.0022063151309777715,0.01196448008219401,0.0006457419904122066,True,110,3,4,8,100,"{'bootstrap': True, 'max_depth': 110, 'max_features': 3, 'min_samples_leaf': 4, 'min_samples_split': 8, 'n_estimators': 100}",0.3229166666666667,0.3333333333333333,0.3333333333333333,0.3298611111111111,0.0049104637582398965,154
0.36749863624572754,0.0056643598652317256,0.01991613705952962,0.0013644339757926762,True,110,3,4,8,200,"{'bootstrap': True, 'max_depth': 110, 'max_features': 3, 'min_samples_leaf': 4, 'min_samples_split': 8, 'n_estimators': 200}",0.3333333333333333,0.3333333333333333,0.3333333333333333,0.3333333333333333,0.0,1
0.584820032119751,0.008856164821679115,0.02796483039855957,0.0003818905019712387,True,110,3,4,8,300,"{'bootstrap': True, 'max_depth': 110, 'max_features': 3, 'min_samples_leaf': 4, 'min_samples_split': 8, 'n_estimators': 300}",0.3333333333333333,0.3333333333333333,0.328125,0.3315972222222222,0.002455231879119948,31
0.9473517735799154,0.05538219824278139,0.043396949768066406,0.006534223615193849,True,110,3,4,8,500,"{'bootstrap': True, 'max_depth': 110, 'max_features': 3, 'min_samples_leaf': 4, 'min_samples_split': 8, 'n_estimators': 500}",0.3333333333333333,0.3333333333333333,0.328125,0.3315972222222222,0.002455231879119948,31
0.11775787671407063,0.015854899424628848,0.007831970850626627,0.00025752740880370927,True,110,3,4,10,50,"{'bootstrap': True, 'max_depth': 110, 'max_features': 3, 'min_samples_leaf': 4, 'min_samples_split': 10, 'n_estimators': 50}",0.3229166666666667,0.3333333333333333,0.328125,0.328125,0.004252586358998558,214
0.18986892700195312,0.008616462208591493,0.011238654454549154,0.00013403879417679318,True,110,3,4,10,100,"{'bootstrap': True, 'max_depth': 110, 'max_features': 3, 'min_samples_leaf': 4, 'min_samples_split': 10, 'n_estimators': 100}",0.328125,0.3333333333333333,0.3333333333333333,0.33159722222222215,0.002455231879119948,91
0.3673082987467448,0.008292608592638083,0.020511786142985027,0.0010343631227976346,True,110,3,4,10,200,"{'bootstrap': True, 'max_depth': 110, 'max_features': 3, 'min_samples_leaf': 4, 'min_samples_split': 10, 'n_estimators': 200}",0.3333333333333333,0.3333333333333333,0.328125,0.3315972222222222,0.002455231879119948,31
0.5544013977050781,0.016915658604559236,0.02649990717569987,0.0017326138293673058,True,110,3,4,10,300,"{'bootstrap': True, 'max_depth': 110, 'max_features': 3, 'min_samples_leaf': 4, 'min_samples_split': 10, 'n_estimators': 300}",0.3333333333333333,0.3333333333333333,0.328125,0.3315972222222222,0.002455231879119948,31
0.986529270807902,0.0281652610019644,0.04522252082824707,0.004748948382296905,True,110,3,4,10,500,"{'bootstrap': True, 'max_depth': 110, 'max_features': 3, 'min_samples_leaf': 4, 'min_samples_split': 10, 'n_estimators': 500}",0.3333333333333333,0.3333333333333333,0.328125,0.3315972222222222,0.002455231879119948,31
0.10232996940612793,0.004453870315122477,0.009077072143554688,0.0010758868146329122,True,110,3,4,12,50,"{'bootstrap': True, 'max_depth': 110, 'max_features': 3, 'min_samples_leaf': 4, 'min_samples_split': 12, 'n_estimators': 50}",0.3177083333333333,0.3333333333333333,0.3333333333333333,0.328125,0.00736569563735987,214
0.1907829443613688,0.008892254154287368,0.01090256373087565,0.0006887937187165267,True,110,3,4,12,100,"{'bootstrap': True, 'max_depth': 110, 'max_features': 3, 'min_samples_leaf': 4, 'min_samples_split': 12, 'n_estimators': 100}",0.328125,0.3333333333333333,0.3333333333333333,0.33159722222222215,0.002455231879119948,91
0.38156787554423016,0.01386008561066339,0.019537687301635742,0.0015014474710762006,True,110,3,4,12,200,"{'bootstrap': True, 'max_depth': 110, 'max_features': 3, 'min_samples_leaf': 4, 'min_samples_split': 12, 'n_estimators': 200}",0.3333333333333333,0.3333333333333333,0.328125,0.3315972222222222,0.002455231879119948,31
0.5719176928202311,0.01919913091078614,0.031277974446614586,0.003992705868104049,True,110,3,4,12,300,"{'bootstrap': True, 'max_depth': 110, 'max_features': 3, 'min_samples_leaf': 4, 'min_samples_split': 12, 'n_estimators': 300}",0.3333333333333333,0.3333333333333333,0.328125,0.3315972222222222,0.002455231879119948,31
0.968484083811442,0.0634856885993302,0.04194410641988119,0.0022249782953236356,True,110,3,4,12,500,"{'bootstrap': True, 'max_depth': 110, 'max_features': 3, 'min_samples_leaf': 4, 'min_samples_split': 12, 'n_estimators': 500}",0.3333333333333333,0.3333333333333333,0.328125,0.3315972222222222,0.002455231879119948,31
0.09620324770609538,0.004034246166064424,0.00812204678853353,0.0003204811823273491,True,110,3,5,8,50,"{'bootstrap': True, 'max_depth': 110, 'max_features': 3, 'min_samples_leaf': 5, 'min_samples_split': 8, 'n_estimators': 50}",0.3177083333333333,0.3333333333333333,0.3229166666666667,0.32465277777777773,0.006495932963149201,259
0.18855071067810059,0.009339624393077024,0.011633157730102539,0.00047695400872601104,True,110,3,5,8,100,"{'bootstrap': True, 'max_depth': 110, 'max_features': 3, 'min_samples_leaf': 5, 'min_samples_split': 8, 'n_estimators': 100}",0.328125,0.3333333333333333,0.328125,0.3298611111111111,0.0024552318791199483,154
0.4066035747528076,0.027032771879097917,0.01823568344116211,0.0006318204206999916,True,110,3,5,8,200,"{'bootstrap': True, 'max_depth': 110, 'max_features': 3, 'min_samples_leaf': 5, 'min_samples_split': 8, 'n_estimators': 200}",0.3333333333333333,0.3333333333333333,0.328125,0.3315972222222222,0.002455231879119948,31
0.5351874828338623,0.006733009801353061,0.024522066116333008,0.0017512501883242676,True,110,3,5,8,300,"{'bootstrap': True, 'max_depth': 110, 'max_features': 3, 'min_samples_leaf': 5, 'min_samples_split': 8, 'n_estimators': 300}",0.3333333333333333,0.3333333333333333,0.328125,0.3315972222222222,0.002455231879119948,31
0.9699947039286295,0.01780422496675609,0.04188887278238932,0.002426843703960694,True,110,3,5,8,500,"{'bootstrap': True, 'max_depth': 110, 'max_features': 3, 'min_samples_leaf': 5, 'min_samples_split': 8, 'n_estimators': 500}",0.328125,0.3333333333333333,0.328125,0.3298611111111111,0.0024552318791199483,154
0.09242939949035645,0.0010289301762504476,0.007956186930338541,0.0003525520143442835,True,110,3,5,10,50,"{'bootstrap': True, 'max_depth': 110, 'max_features': 3, 'min_samples_leaf': 5, 'min_samples_split': 10, 'n_estimators': 50}",0.3177083333333333,0.3333333333333333,0.3229166666666667,0.32465277777777773,0.006495932963149201,259
0.19113405545552573,0.007211983508623551,0.012439568837483725,0.001841694829026669,True,110,3,5,10,100,"{'bootstrap': True, 'max_depth': 110, 'max_features': 3, 'min_samples_leaf': 5, 'min_samples_split': 10, 'n_estimators': 100}",0.328125,0.3333333333333333,0.328125,0.3298611111111111,0.0024552318791199483,154
0.3999767303466797,0.035498577943079,0.020949125289916992,0.003173830136894924,True,110,3,5,10,200,"{'bootstrap': True, 'max_depth': 110, 'max_features': 3, 'min_samples_leaf': 5, 'min_samples_split': 10, 'n_estimators': 200}",0.3333333333333333,0.3333333333333333,0.328125,0.3315972222222222,0.002455231879119948,31
0.536699374516805,0.005002810222176369,0.026156822840372723,0.0003336476046603654,True,110,3,5,10,300,"{'bootstrap': True, 'max_depth': 110, 'max_features': 3, 'min_samples_leaf': 5, 'min_samples_split': 10, 'n_estimators': 300}",0.3333333333333333,0.3333333333333333,0.328125,0.3315972222222222,0.002455231879119948,31
0.9147069454193115,0.018100008985009103,0.035726467768351235,0.007111481612393364,True,110,3,5,10,500,"{'bootstrap': True, 'max_depth': 110, 'max_features': 3, 'min_samples_leaf': 5, 'min_samples_split': 10, 'n_estimators': 500}",0.328125,0.3333333333333333,0.328125,0.3298611111111111,0.0024552318791199483,154
0.10017704963684082,0.009412259489978871,0.007925987243652344,0.00010651432851594908,True,110,3,5,12,50,"{'bootstrap': True, 'max_depth': 110, 'max_features': 3, 'min_samples_leaf': 5, 'min_samples_split': 12, 'n_estimators': 50}",0.3125,0.3333333333333333,0.328125,0.32465277777777773,0.0088524644333208,259
0.1826604207356771,0.0007771226999320874,0.011954069137573242,0.0005139064772005573,True,110,3,5,12,100,"{'bootstrap': True, 'max_depth': 110, 'max_features': 3, 'min_samples_leaf': 5, 'min_samples_split': 12, 'n_estimators': 100}",0.328125,0.3333333333333333,0.328125,0.3298611111111111,0.0024552318791199483,154
0.3618276119232178,0.0026335543429855048,0.01736275355021159,0.0027293125264340064,True,110,3,5,12,200,"{'bootstrap': True, 'max_depth': 110, 'max_features': 3, 'min_samples_leaf': 5, 'min_samples_split': 12, 'n_estimators': 200}",0.328125,0.3333333333333333,0.328125,0.3298611111111111,0.0024552318791199483,154
0.49251588185628253,0.017166508769216115,0.01909772555033366,0.004393458443843512,True,110,3,5,12,300,"{'bootstrap': True, 'max_depth': 110, 'max_features': 3, 'min_samples_leaf': 5, 'min_samples_split': 12, 'n_estimators': 300}",0.328125,0.3333333333333333,0.328125,0.3298611111111111,0.0024552318791199483,154
0.6421764691670736,0.02001153665091524,0.023662090301513672,0.00031172576560730764,True,110,3,5,12,500,"{'bootstrap': True, 'max_depth': 110, 'max_features': 3, 'min_samples_leaf': 5, 'min_samples_split': 12, 'n_estimators': 500}",0.3229166666666667,0.3333333333333333,0.328125,0.328125,0.004252586358998558,214
